property_id,zip
BRZ-00001,77479
BRZ-00002,77469
BRZ-00003,77498
BRZ-00004,77083
BRZ-00005,77083
BRZ-00006,77498
BRZ-00007,77494
BRZ-00008,77072
BRZ-00009,77469
BRZ-00010,77469
BRZ-00011,77406
BRZ-00012,77406
BRZ-00013,77083
BRZ-00014,77441
BRZ-00015,77083
BRZ-00016,77498
BRZ-00017,77406
BRZ-00018,77407
BRZ-00019,77407
BRZ-00020,77479
BRZ-00021,77407
BRZ-00022,77494
BRZ-00023,77083
BRZ-00024,77498
BRZ-00025,77469
BRZ-00026,77407
BRZ-00027,77494
BRZ-00028,77469
BRZ-00029,77083
BRZ-00030,77469
BRZ-00031,77471
BRZ-00032,77407
BRZ-00033,77406
BRZ-00034,77471
BRZ-00035,77479
BRZ-00036,77406
BRZ-00037,77407
BRZ-00038,77498
BRZ-00039,77498
BRZ-00040,77083
BRZ-00041,77406
BRZ-00042,77407
BRZ-00043,77494
BRZ-00044,77407
BRZ-00045,77083
BRZ-00046,77469
BRZ-00047,77469
BRZ-00048,77479
BRZ-00049,77471
BRZ-00050,77407
BRZ-00051,77469
BRZ-00052,77083
BRZ-00053,77407
BRZ-00054,77498
BRZ-00055,77479
BRZ-00056,77469
BRZ-00057,77083
BRZ-00058,77083
BRZ-00059,77498
BRZ-00060,77479
BRZ-00061,77083
BRZ-00062,77083
BRZ-00063,77406
BRZ-00064,77407
BRZ-00065,77478
BRZ-00066,77407
BRZ-00067,77407
BRZ-00068,77469
BRZ-00069,77407
BRZ-00070,77407
BRZ-00071,77494
BRZ-00072,77407
BRZ-00073,77406
BRZ-00074,77479
BRZ-00075,77494
BRZ-00076,77406
BRZ-00077,77494
BRZ-00078,77450
BRZ-00079,77406
BRZ-00080,77083
BRZ-00081,77469
BRZ-00082,77498
BRZ-00083,77478
BRZ-00084,77498
BRZ-00085,77407
BRZ-00086,77469
BRZ-00087,77083
BRZ-00088,77407
BRZ-00089,77083
BRZ-00090,77469
BRZ-00091,77083
BRZ-00092,77407
BRZ-00093,77082
BRZ-00094,77479
BRZ-00095,77469
BRZ-00096,77478
BRZ-00097,77498
BRZ-00098,77479
BRZ-00099,77083
BRZ-00100,77407
BRZ-00101,77083
BRZ-00102,77441
BRZ-00103,77479
BRZ-00104,77407
BRZ-00105,77082
BRZ-00106,77498
BRZ-00107,77406
BRZ-00108,77498
BRZ-00109,77083
BRZ-00110,77407
BRZ-00111,77471
BRZ-00112,77406
BRZ-00113,77406
BRZ-00114,77407
BRZ-00115,77494
BRZ-00116,77406
BRZ-00117,77498
BRZ-00118,77494
BRZ-00119,77471
BRZ-00120,77479
BRZ-00121,77479
BRZ-00122,77407
BRZ-00123,77494
BRZ-00124,77469
BRZ-00125,77471
BRZ-00126,77406
BRZ-00127,77406
BRZ-00128,77479
BRZ-00129,77479
BRZ-00130,77479
BRZ-00131,77406
BRZ-00132,77494
BRZ-00133,77471
BRZ-00134,77479
BRZ-00135,77469
BRZ-00136,77407
BRZ-00137,77479
BRZ-00138,77471
BRZ-00139,77479
BRZ-00140,77479
BRZ-00141,77479
BRZ-00142,77479
BRZ-00143,77479
BRZ-00144,77407
BRZ-00145,77441
BRZ-00146,77450
BRZ-00147,77407
BRZ-00148,77407
BRZ-00149,77479
BRZ-00150,77498
BRZ-00151,77469
BRZ-00152,77471
BRZ-00153,77469
BRZ-00154,77469
BRZ-00155,77406
BRZ-00156,77083
BRZ-00157,77441
BRZ-00158,77406
BRZ-00159,77471
BRZ-00160,77498
BRZ-00161,77083
BRZ-00162,77082
BRZ-00163,77494
BRZ-00164,77450
BRZ-00165,77406
BRZ-00166,77406
BRZ-00167,77498
BRZ-00168,77469
BRZ-00169,77406
BRZ-00170,77471
BRZ-00171,77406
BRZ-00172,77406
BRZ-00173,77479
BRZ-00174,77479
BRZ-00175,77072
BRZ-00176,77450
BRZ-00177,77407
BRZ-00178,77498
BRZ-00179,77498
BRZ-00180,77469
BRZ-00181,77471
BRZ-00182,77498
BRZ-00183,77469
BRZ-00184,77083
BRZ-00185,77407
BRZ-00186,77406
BRZ-00187,77083
BRZ-00188,77494
BRZ-00189,77083
BRZ-00190,77469
BRZ-00191,77479
BRZ-00192,77479
BRZ-00193,77407
BRZ-00194,77407
BRZ-00195,77479
BRZ-00196,77498
BRZ-00197,77498
BRZ-00198,77469
BRZ-00199,77479
BRZ-00200,77083
BRZ-00201,77083
BRZ-00202,77083
BRZ-00203,77498
BRZ-00204,77498
BRZ-00205,77406
BRZ-00206,77471
BRZ-00207,77498
BRZ-00208,77406
BRZ-00209,77406
BRZ-00210,77407
BRZ-00211,77498
BRZ-00212,77099
BRZ-00213,77498
BRZ-00214,77406
BRZ-00215,77407
BRZ-00216,77072
BRZ-00217,77469
BRZ-00218,77407
BRZ-00219,77469
BRZ-00220,77498
BRZ-00221,77479
BRZ-00222,77072
BRZ-00223,77479
BRZ-00224,77407
BRZ-00225,77406
BRZ-00226,77083
BRZ-00227,77407
BRZ-00228,77469
BRZ-00229,77083
BRZ-00230,77494
BRZ-00231,77479
BRZ-00232,77469
BRZ-00233,77469
BRZ-00234,77469
BRZ-00235,77494
BRZ-00236,77471
BRZ-00237,77406
BRZ-00238,77083
BRZ-00239,77479
BRZ-00240,77469
BRZ-00241,77407
BRZ-00242,77479
BRZ-00243,77498
BRZ-00244,77494
BRZ-00245,77498
BRZ-00246,77083
BRZ-00247,77494
BRZ-00248,77072
BRZ-00249,77471
BRZ-00250,77479
BRZ-00251,77083
BRZ-00252,77083
BRZ-00253,77099
BRZ-00254,77083
BRZ-00255,77083
BRZ-00256,77406
BRZ-00257,77478
BRZ-00258,77083
BRZ-00259,77441
BRZ-00260,77406
BRZ-00261,77478
BRZ-00262,77407
BRZ-00263,77450
BRZ-00264,77407
BRZ-00265,77406
BRZ-00266,77083
BRZ-00267,77083
BRZ-00268,77471
BRZ-00269,77479
BRZ-00270,77406
BRZ-00271,77406
BRZ-00272,77072
BRZ-00273,77407
BRZ-00274,77469
BRZ-00275,77099
BRZ-00276,77498
BRZ-00277,77072
BRZ-00278,77469
BRZ-00279,77083
BRZ-00280,77406
BRZ-00281,77494
BRZ-00282,77471
BRZ-00283,77406
BRZ-00284,77479
BRZ-00285,77494
BRZ-00286,77406
BRZ-00287,77469
BRZ-00288,77083
BRZ-00289,77099
BRZ-00290,77407
BRZ-00291,77478
BRZ-00292,77471
BRZ-00293,77469
BRZ-00294,77407
BRZ-00295,77494
BRZ-00296,77083
BRZ-00297,77083
BRZ-00298,77406
BRZ-00299,77406
BRZ-00300,77469
BRZ-00301,77469
BRZ-00302,77441
BRZ-00303,77471
BRZ-00304,77406
BRZ-00305,77498
BRZ-00306,77406
BRZ-00307,77083
BRZ-00308,77407
BRZ-00309,77072
BRZ-00310,77450
BRZ-00311,77407
BRZ-00312,77072
BRZ-00313,77083
BRZ-00314,77469
BRZ-00315,77406
BRZ-00316,77099
BRZ-00317,77406
BRZ-00318,77406
BRZ-00319,77498
BRZ-00320,77083
BRZ-00321,77471
BRZ-00322,77072
BRZ-00323,77469
BRZ-00324,77469
BRZ-00325,77441
BRZ-00326,77479
BRZ-00327,77498
BRZ-00328,77407
BRZ-00329,77082
BRZ-00330,77406
BRZ-00331,77406
BRZ-00332,77072
BRZ-00333,77407
BRZ-00334,77407
BRZ-00335,77083
BRZ-00336,77479
BRZ-00337,77072
BRZ-00338,77083
BRZ-00339,77407
BRZ-00340,77479
BRZ-00341,77471
BRZ-00342,77479
BRZ-00343,77083
BRZ-00344,77083
BRZ-00345,77083
BRZ-00346,77407
BRZ-00347,77083
BRZ-00348,77494
BRZ-00349,77479
BRZ-00350,77407
BRZ-00351,77469
BRZ-00352,77099
BRZ-00353,77471
BRZ-00354,77083
BRZ-00355,77450
BRZ-00356,77083
BRZ-00357,77471
BRZ-00358,77083
BRZ-00359,77082
BRZ-00360,77494
BRZ-00361,77471
BRZ-00362,77407
BRZ-00363,77441
BRZ-00364,77471
BRZ-00365,77407
BRZ-00366,77082
BRZ-00367,77469
BRZ-00368,77083
BRZ-00369,77498
BRZ-00370,77479
BRZ-00371,77479
BRZ-00372,77479
BRZ-00373,77471
BRZ-00374,77469
BRZ-00375,77469
BRZ-00376,77478
BRZ-00377,77498
BRZ-00378,77479
BRZ-00379,77471
BRZ-00380,77083
BRZ-00381,77407
BRZ-00382,77479
BRZ-00383,77471
BRZ-00384,77083
BRZ-00385,77479
BRZ-00386,77469
BRZ-00387,77407
BRZ-00388,77479
BRZ-00389,77478
BRZ-00390,77407
BRZ-00391,77494
BRZ-00392,77471
BRZ-00393,77479
BRZ-00394,77479
BRZ-00395,77407
BRZ-00396,77083
BRZ-00397,77083
BRZ-00398,77407
BRZ-00399,77407
BRZ-00400,77479
BRZ-00401,77441
BRZ-00402,77494
BRZ-00403,77479
BRZ-00404,77479
BRZ-00405,77441
BRZ-00406,77406
BRZ-00407,77494
BRZ-00408,77083
BRZ-00409,77441
BRZ-00410,77407
BRZ-00411,77082
BRZ-00412,77469
BRZ-00413,77469
BRZ-00414,77498
BRZ-00415,77072
BRZ-00416,77469
BRZ-00417,77441
BRZ-00418,77450
BRZ-00419,77469
BRZ-00420,77478
BRZ-00421,77407
BRZ-00422,77479
BRZ-00423,77498
BRZ-00424,77407
BRZ-00425,77471
BRZ-00426,77083
BRZ-00427,77083
BRZ-00428,77479
BRZ-00429,77083
BRZ-00430,77469
BRZ-00431,77494
BRZ-00432,77469
BRZ-00433,77406
BRZ-00434,77406
BRZ-00435,77406
BRZ-00436,77471
BRZ-00437,77471
BRZ-00438,77406
BRZ-00439,77469
BRZ-00440,77498
BRZ-00441,77407
BRZ-00442,77469
BRZ-00443,77479
BRZ-00444,77406
BRZ-00445,77498
BRZ-00446,77471
BRZ-00447,77406
BRZ-00448,77082
BRZ-00449,77479
BRZ-00450,77083
BRZ-00451,77441
BRZ-00452,77441
BRZ-00453,77479
BRZ-00454,77471
BRZ-00455,77469
BRZ-00456,77083
BRZ-00457,77469
BRZ-00458,77469
BRZ-00459,77479
BRZ-00460,77471
BRZ-00461,77478
BRZ-00462,77450
BRZ-00463,77469
BRZ-00464,77083
BRZ-00465,77407
BRZ-00466,77072
BRZ-00467,77083
BRZ-00468,77072
BRZ-00469,77407
BRZ-00470,77406
BRZ-00471,77407
BRZ-00472,77406
BRZ-00473,77407
BRZ-00474,77407
BRZ-00475,77406
BRZ-00476,77441
BRZ-00477,77469
BRZ-00478,77478
BRZ-00479,77498
BRZ-00480,77479
BRZ-00481,77083
BRZ-00482,77407
BRZ-00483,77083
BRZ-00484,77469
BRZ-00485,77072
BRZ-00486,77471
BRZ-00487,77406
BRZ-00488,77469
BRZ-00489,77498
BRZ-00490,77083
BRZ-00491,77407
BRZ-00492,77498
BRZ-00493,77471
BRZ-00494,77479
BRZ-00495,77469
BRZ-00496,77498
BRZ-00497,77406
BRZ-00498,77478
BRZ-00499,77498
BRZ-00500,77083
BRZ-00501,77479
BRZ-00502,77407
BRZ-00503,77469
BRZ-00504,77407
BRZ-00505,77469
BRZ-00506,77082
BRZ-00507,77469
BRZ-00508,77407
BRZ-00509,77469
BRZ-00510,77407
BRZ-00511,77406
BRZ-00512,77498
BRZ-00513,77099
BRZ-00514,77479
BRZ-00515,77479
BRZ-00516,77494
BRZ-00517,77469
BRZ-00518,77461
BRZ-00519,77471
BRZ-00520,77469
BRZ-00521,77469
BRZ-00522,77494
BRZ-00523,77406
BRZ-00524,77083
BRZ-00525,77406
BRZ-00526,77441
BRZ-00527,77479
BRZ-00528,77407
BRZ-00529,77469
BRZ-00530,77471
BRZ-00531,77479
BRZ-00532,77469
BRZ-00533,77406
BRZ-00534,77471
BRZ-00535,77469
BRZ-00536,77407
BRZ-00537,77479
BRZ-00538,77479
BRZ-00539,77083
BRZ-00540,77494
BRZ-00541,77407
BRZ-00542,77498
BRZ-00543,77498
BRZ-00544,77469
BRZ-00545,77479
BRZ-00546,77469
BRZ-00547,77479
BRZ-00548,77083
BRZ-00549,77498
BRZ-00550,77407
BRZ-00551,77494
BRZ-00552,77479
BRZ-00553,77406
BRZ-00554,77498
BRZ-00555,77471
BRZ-00556,77072
BRZ-00557,77494
BRZ-00558,77498
BRZ-00559,77498
BRZ-00560,77083
BRZ-00561,77479
BRZ-00562,77083
BRZ-00563,77407
BRZ-00564,77441
BRZ-00565,77479
BRZ-00566,77471
BRZ-00567,77083
BRZ-00568,77471
BRZ-00569,77469
BRZ-00570,77406
BRZ-00571,77441
BRZ-00572,77471
BRZ-00573,77479
BRZ-00574,77407
BRZ-00575,77099
BRZ-00576,77469
BRZ-00577,77406
BRZ-00578,77471
BRZ-00579,77461
BRZ-00580,77407
BRZ-00581,77494
BRZ-00582,77407
BRZ-00583,77478
BRZ-00584,77469
BRZ-00585,77406
BRZ-00586,77471
BRZ-00587,77479
BRZ-00588,77471
BRZ-00589,77099
BRZ-00590,77083
BRZ-00591,77406
BRZ-00592,77469
BRZ-00593,77471
BRZ-00594,77407
BRZ-00595,77407
BRZ-00596,77406
BRZ-00597,77083
BRZ-00598,77407
BRZ-00599,77083
BRZ-00600,77469
BRZ-00601,77471
BRZ-00602,77478
BRZ-00603,77072
BRZ-00604,77083
BRZ-00605,77471
BRZ-00606,77498
BRZ-00607,77407
BRZ-00608,77471
BRZ-00609,77407
BRZ-00610,77406
BRZ-00611,77406
BRZ-00612,77441
BRZ-00613,77471
BRZ-00614,77469
BRZ-00615,77494
BRZ-00616,77469
BRZ-00617,77082
BRZ-00618,77072
BRZ-00619,77461
BRZ-00620,77072
BRZ-00621,77406
BRZ-00622,77478
BRZ-00623,77083
BRZ-00624,77498
BRZ-00625,77498
BRZ-00626,77471
BRZ-00627,77498
BRZ-00628,77441
BRZ-00629,77471
BRZ-00630,77072
BRZ-00631,77407
BRZ-00632,77494
BRZ-00633,77494
BRZ-00634,77441
BRZ-00635,77469
BRZ-00636,77406
BRZ-00637,77469
BRZ-00638,77083
BRZ-00639,77469
BRZ-00640,77083
BRZ-00641,77450
BRZ-00642,77406
BRZ-00643,77478
BRZ-00644,77498
BRZ-00645,77479
BRZ-00646,77072
BRZ-00647,77471
BRZ-00648,77407
BRZ-00649,77083
BRZ-00650,77407
BRZ-00651,77471
BRZ-00652,77407
BRZ-00653,77406
BRZ-00654,77479
BRZ-00655,77469
BRZ-00656,77469
BRZ-00657,77494
BRZ-00658,77407
BRZ-00659,77441
BRZ-00660,77471
BRZ-00661,77479
BRZ-00662,77479
BRZ-00663,77479
BRZ-00664,77407
BRZ-00665,77469
BRZ-00666,77083
BRZ-00667,77478
BRZ-00668,77406
BRZ-00669,77479
BRZ-00670,77469
BRZ-00671,77083
BRZ-00672,77469
BRZ-00673,77406
BRZ-00674,77407
BRZ-00675,77471
BRZ-00676,77498
BRZ-00677,77479
BRZ-00678,77461
BRZ-00679,77406
BRZ-00680,77407
BRZ-00681,77083
BRZ-00682,77494
BRZ-00683,77450
BRZ-00684,77469
BRZ-00685,77478
BRZ-00686,77494
BRZ-00687,77406
BRZ-00688,77083
BRZ-00689,77407
BRZ-00690,77083
BRZ-00691,77083
BRZ-00692,77498
BRZ-00693,77407
BRZ-00694,77406
BRZ-00695,77494
BRZ-00696,77407
BRZ-00697,77406
BRZ-00698,77471
BRZ-00699,77471
BRZ-00700,77471
BRZ-00701,77469
BRZ-00702,77494
BRZ-00703,77072
BRZ-00704,77406
BRZ-00705,77471
BRZ-00706,77406
BRZ-00707,77441
BRZ-00708,77471
BRZ-00709,77407
BRZ-00710,77494
BRZ-00711,77406
BRZ-00712,77469
BRZ-00713,77406
BRZ-00714,77407
BRZ-00715,77406
BRZ-00716,77494
BRZ-00717,77469
BRZ-00718,77083
BRZ-00719,77469
BRZ-00720,77072
BRZ-00721,77407
BRZ-00722,77083
BRZ-00723,77494
BRZ-00724,77407
BRZ-00725,77083
BRZ-00726,77471
BRZ-00727,77471
BRZ-00728,77479
BRZ-00729,77406
BRZ-00730,77407
BRZ-00731,77083
BRZ-00732,77407
BRZ-00733,77494
BRZ-00734,77469
BRZ-00735,77479
BRZ-00736,77406
BRZ-00737,77478
BRZ-00738,77083
BRZ-00739,77469
BRZ-00740,77479
BRZ-00741,77494
BRZ-00742,77406
BRZ-00743,77407
BRZ-00744,77469
BRZ-00745,77406
BRZ-00746,77083
BRZ-00747,77406
BRZ-00748,77407
BRZ-00749,77469
BRZ-00750,77479
BRZ-00751,77469
BRZ-00752,77406
BRZ-00753,77407
BRZ-00754,77469
BRZ-00755,77471
BRZ-00756,77407
BRZ-00757,77407
BRZ-00758,77498
BRZ-00759,77406
BRZ-00760,77471
BRZ-00761,77498
BRZ-00762,77479
BRZ-00763,77083
BRZ-00764,77406
BRZ-00765,77406
BRZ-00766,77494
BRZ-00767,77498
BRZ-00768,77083
BRZ-00769,77406
BRZ-00770,77479
BRZ-00771,77478
BRZ-00772,77471
BRZ-00773,77406
BRZ-00774,77083
BRZ-00775,77469
BRZ-00776,77479
BRZ-00777,77469
BRZ-00778,77469
BRZ-00779,77406
BRZ-00780,77479
BRZ-00781,77441
BRZ-00782,77072
BRZ-00783,77441
BRZ-00784,77478
BRZ-00785,77406
BRZ-00786,77406
BRZ-00787,77083
BRZ-00788,77479
BRZ-00789,77406
BRZ-00790,77072
BRZ-00791,77494
BRZ-00792,77406
BRZ-00793,77471
BRZ-00794,77072
BRZ-00795,77479
BRZ-00796,77441
BRZ-00797,77406
BRZ-00798,77469
BRZ-00799,77082
BRZ-00800,77083
BRZ-00801,77406
BRZ-00802,77099
BRZ-00803,77469
BRZ-00804,77494
BRZ-00805,77406
BRZ-00806,77469
BRZ-00807,77406
BRZ-00808,77406
BRZ-00809,77498
BRZ-00810,77479
BRZ-00811,77479
BRZ-00812,77083
BRZ-00813,77450
BRZ-00814,77469
BRZ-00815,77083
BRZ-00816,77469
BRZ-00817,77498
BRZ-00818,77469
BRZ-00819,77407
BRZ-00820,77406
BRZ-00821,77469
BRZ-00822,77406
BRZ-00823,77441
BRZ-00824,77469
BRZ-00825,77479
BRZ-00826,77083
BRZ-00827,77498
BRZ-00828,77406
BRZ-00829,77083
BRZ-00830,77407
BRZ-00831,77498
BRZ-00832,77478
BRZ-00833,77406
BRZ-00834,77469
BRZ-00835,77407
BRZ-00836,77469
BRZ-00837,77498
BRZ-00838,77407
BRZ-00839,77406
BRZ-00840,77407
BRZ-00841,77479
BRZ-00842,77450
BRZ-00843,77083
BRZ-00844,77469
BRZ-00845,77479
BRZ-00846,77498
BRZ-00847,77471
BRZ-00848,77406
BRZ-00849,77406
BRZ-00850,77471
BRZ-00851,77469
BRZ-00852,77082
BRZ-00853,77479
BRZ-00854,77407
BRZ-00855,77407
BRZ-00856,77469
BRZ-00857,77406
BRZ-00858,77498
BRZ-00859,77471
BRZ-00860,77471
BRZ-00861,77494
BRZ-00862,77469
BRZ-00863,77407
BRZ-00864,77479
BRZ-00865,77498
BRZ-00866,77479
BRZ-00867,77407
BRZ-00868,77469
BRZ-00869,77407
BRZ-00870,77407
BRZ-00871,77471
BRZ-00872,77479
BRZ-00873,77083
BRZ-00874,77478
BRZ-00875,77406
BRZ-00876,77083
BRZ-00877,77469
BRZ-00878,77406
BRZ-00879,77072
BRZ-00880,77479
BRZ-00881,77479
BRZ-00882,77498
BRZ-00883,77407
BRZ-00884,77083
BRZ-00885,77099
BRZ-00886,77406
BRZ-00887,77083
BRZ-00888,77083
BRZ-00889,77469
BRZ-00890,77471
BRZ-00891,77406
BRZ-00892,77083
BRZ-00893,77406
BRZ-00894,77479
BRZ-00895,77406
BRZ-00896,77406
BRZ-00897,77479
BRZ-00898,77479
BRZ-00899,77407
BRZ-00900,77407
BRZ-00901,77406
BRZ-00902,77406
BRZ-00903,77498
BRZ-00904,77469
BRZ-00905,77469
BRZ-00906,77083
BRZ-00907,77471
BRZ-00908,77494
BRZ-00909,77469
BRZ-00910,77479
BRZ-00911,77469
BRZ-00912,77494
BRZ-00913,77406
BRZ-00914,77406
BRZ-00915,77407
BRZ-00916,77072
BRZ-00917,77471
BRZ-00918,77406
BRZ-00919,77469
BRZ-00920,77083
BRZ-00921,77479
BRZ-00922,77450
BRZ-00923,77471
BRZ-00924,77469
BRZ-00925,77469
BRZ-00926,77083
BRZ-00927,77471
BRZ-00928,77406
BRZ-00929,77469
BRZ-00930,77494
BRZ-00931,77407
BRZ-00932,77469
BRZ-00933,77479
BRZ-00934,77479
BRZ-00935,77498
BRZ-00936,77479
BRZ-00937,77407
BRZ-00938,77407
BRZ-00939,77441
BRZ-00940,77406
BRZ-00941,77406
BRZ-00942,77406
BRZ-00943,77469
BRZ-00944,77471
BRZ-00945,77469
BRZ-00946,77471
BRZ-00947,77407
BRZ-00948,77469
BRZ-00949,77406
BRZ-00950,77478
BRZ-00951,77406
BRZ-00952,77469
BRZ-00953,77469
BRZ-00954,77406
BRZ-00955,77479
BRZ-00956,77407
BRZ-00957,77406
BRZ-00958,77498
BRZ-00959,77471
BRZ-00960,77407
BRZ-00961,77469
BRZ-00962,77406
BRZ-00963,77407
BRZ-00964,77471
BRZ-00965,77099
BRZ-00966,77407
BRZ-00967,77407
BRZ-00968,77407
BRZ-00969,77406
BRZ-00970,77471
BRZ-00971,77479
BRZ-00972,77406
BRZ-00973,77469
BRZ-00974,77469
BRZ-00975,77083
BRZ-00976,77469
BRZ-00977,77406
BRZ-00978,77469
BRZ-00979,77407
BRZ-00980,77498
BRZ-00981,77469
BRZ-00982,77406
BRZ-00983,77469
BRZ-00984,77469
BRZ-00985,77469
BRZ-00986,77406
BRZ-00987,77471
BRZ-00988,77479
BRZ-00989,77479
BRZ-00990,77406
BRZ-00991,77469
BRZ-00992,77479
BRZ-00993,77471
BRZ-00994,77494
BRZ-00995,77407
BRZ-00996,77082
BRZ-00997,77072
BRZ-00998,77083
BRZ-00999,77471
BRZ-01000,77461
BRZ-01001,77471
BRZ-01002,77498
BRZ-01003,77479
BRZ-01004,77441
BRZ-01005,77407
BRZ-01006,77469
BRZ-01007,77479
BRZ-01008,77406
BRZ-01009,77479
BRZ-01010,77479
BRZ-01011,77406
BRZ-01012,77083
BRZ-01013,77471
BRZ-01014,77469
BRZ-01015,77469
BRZ-01016,77471
BRZ-01017,77072
BRZ-01018,77469
BRZ-01019,77498
BRZ-01020,77407
BRZ-01021,77450
BRZ-01022,77494
BRZ-01023,77479
BRZ-01024,77494
BRZ-01025,77469
BRZ-01026,77498
BRZ-01027,77083
BRZ-01028,77494
BRZ-01029,77083
BRZ-01030,77469
BRZ-01031,77441
BRZ-01032,77471
BRZ-01033,77469
BRZ-01034,77471
BRZ-01035,77407
BRZ-01036,77407
BRZ-01037,77498
BRZ-01038,77072
BRZ-01039,77494
BRZ-01040,77083
BRZ-01041,77469
BRZ-01042,77083
BRZ-01043,77471
BRZ-01044,77407
BRZ-01045,77072
BRZ-01046,77406
BRZ-01047,77478
BRZ-01048,77083
BRZ-01049,77498
BRZ-01050,77498
BRZ-01051,77407
BRZ-01052,77406
BRZ-01053,77441
BRZ-01054,77407
BRZ-01055,77407
BRZ-01056,77478
BRZ-01057,77407
BRZ-01058,77469
BRZ-01059,77099
BRZ-01060,77407
BRZ-01061,77469
BRZ-01062,77083
BRZ-01063,77478
BRZ-01064,77469
BRZ-01065,77494
BRZ-01066,77469
BRZ-01067,77498
BRZ-01068,77406
BRZ-01069,77494
BRZ-01070,77469
BRZ-01071,77498
BRZ-01072,77406
BRZ-01073,77083
BRZ-01074,77471
BRZ-01075,77406
BRZ-01076,77494
BRZ-01077,77498
BRZ-01078,77072
BRZ-01079,77469
BRZ-01080,77479
BRZ-01081,77407
BRZ-01082,77479
BRZ-01083,77083
BRZ-01084,77478
BRZ-01085,77479
BRZ-01086,77471
BRZ-01087,77471
BRZ-01088,77407
BRZ-01089,77407
BRZ-01090,77407
BRZ-01091,77479
BRZ-01092,77407
BRZ-01093,77083
BRZ-01094,77083
BRZ-01095,77479
BRZ-01096,77479
BRZ-01097,77494
BRZ-01098,77478
BRZ-01099,77469
BRZ-01100,77083
BRZ-01101,77407
BRZ-01102,77469
BRZ-01103,77479
BRZ-01104,77406
BRZ-01105,77406
BRZ-01106,77494
BRZ-01107,77082
BRZ-01108,77406
BRZ-01109,77471
BRZ-01110,77406
BRZ-01111,77450
BRZ-01112,77469
BRZ-01113,77498
BRZ-01114,77083
BRZ-01115,77406
BRZ-01116,77479
BRZ-01117,77479
BRZ-01118,77406
BRZ-01119,77471
BRZ-01120,77498
BRZ-01121,77099
BRZ-01122,77498
BRZ-01123,77083
BRZ-01124,77479
BRZ-01125,77407
BRZ-01126,77469
BRZ-01127,77406
BRZ-01128,77469
BRZ-01129,77083
BRZ-01130,77494
BRZ-01131,77450
BRZ-01132,77479
BRZ-01133,77406
BRZ-01134,77498
BRZ-01135,77083
BRZ-01136,77407
BRZ-01137,77469
BRZ-01138,77479
BRZ-01139,77083
BRZ-01140,77407
BRZ-01141,77479
BRZ-01142,77494
BRZ-01143,77471
BRZ-01144,77494
BRZ-01145,77072
BRZ-01146,77498
BRZ-01147,77407
BRZ-01148,77469
BRZ-01149,77469
BRZ-01150,77407
BRZ-01151,77407
BRZ-01152,77494
BRZ-01153,77469
BRZ-01154,77478
BRZ-01155,77083
BRZ-01156,77479
BRZ-01157,77494
BRZ-01158,77469
BRZ-01159,77407
BRZ-01160,77478
BRZ-01161,77082
BRZ-01162,77406
BRZ-01163,77083
BRZ-01164,77083
BRZ-01165,77479
BRZ-01166,77072
BRZ-01167,77083
BRZ-01168,77441
BRZ-01169,77099
BRZ-01170,77083
BRZ-01171,77407
BRZ-01172,77083
BRZ-01173,77083
BRZ-01174,77469
BRZ-01175,77479
BRZ-01176,77441
BRZ-01177,77083
BRZ-01178,77407
BRZ-01179,77478
BRZ-01180,77498
BRZ-01181,77406
BRZ-01182,77407
BRZ-01183,77478
BRZ-01184,77479
BRZ-01185,77479
BRZ-01186,77450
BRZ-01187,77083
BRZ-01188,77406
BRZ-01189,77072
BRZ-01190,77083
BRZ-01191,77406
BRZ-01192,77471
BRZ-01193,77498
BRZ-01194,77441
BRZ-01195,77072
BRZ-01196,77469
BRZ-01197,77498
BRZ-01198,77099
BRZ-01199,77479
BRZ-01200,77471
BRZ-01201,77072
BRZ-01202,77479
BRZ-01203,77469
BRZ-01204,77498
BRZ-01205,77083
BRZ-01206,77479
BRZ-01207,77406
BRZ-01208,77469
BRZ-01209,77407
BRZ-01210,77083
BRZ-01211,77478
BRZ-01212,77479
BRZ-01213,77083
BRZ-01214,77494
BRZ-01215,77407
BRZ-01216,77082
BRZ-01217,77479
BRZ-01218,77469
BRZ-01219,77083
BRZ-01220,77498
BRZ-01221,77479
BRZ-01222,77406
BRZ-01223,77083
BRZ-01224,77469
BRZ-01225,77441
BRZ-01226,77498
BRZ-01227,77479
BRZ-01228,77406
BRZ-01229,77498
BRZ-01230,77471
BRZ-01231,77072
BRZ-01232,77083
BRZ-01233,77099
BRZ-01234,77407
BRZ-01235,77494
BRZ-01236,77406
BRZ-01237,77083
BRZ-01238,77469
BRZ-01239,77494
BRZ-01240,77407
BRZ-01241,77441
BRZ-01242,77469
BRZ-01243,77494
BRZ-01244,77479
BRZ-01245,77479
BRZ-01246,77083
BRZ-01247,77498
BRZ-01248,77083
BRZ-01249,77479
BRZ-01250,77494
BRZ-01251,77083
BRZ-01252,77471
BRZ-01253,77469
BRZ-01254,77469
BRZ-01255,77406
BRZ-01256,77406
BRZ-01257,77083
BRZ-01258,77083
BRZ-01259,77469
BRZ-01260,77406
BRZ-01261,77407
BRZ-01262,77494
BRZ-01263,77407
BRZ-01264,77083
BRZ-01265,77406
BRZ-01266,77479
BRZ-01267,77406
BRZ-01268,77083
BRZ-01269,77469
BRZ-01270,77072
BRZ-01271,77469
BRZ-01272,77479
BRZ-01273,77498
BRZ-01274,77406
BRZ-01275,77441
BRZ-01276,77471
BRZ-01277,77406
BRZ-01278,77469
BRZ-01279,77406
BRZ-01280,77407
BRZ-01281,77407
BRZ-01282,77083
BRZ-01283,77407
BRZ-01284,77498
BRZ-01285,77479
BRZ-01286,77083
BRZ-01287,77469
BRZ-01288,77083
BRZ-01289,77498
BRZ-01290,77498
BRZ-01291,77479
BRZ-01292,77471
BRZ-01293,77441
BRZ-01294,77469
BRZ-01295,77494
BRZ-01296,77498
BRZ-01297,77498
BRZ-01298,77471
BRZ-01299,77469
BRZ-01300,77479
BRZ-01301,77407
BRZ-01302,77469
BRZ-01303,77471
BRZ-01304,77406
BRZ-01305,77407
BRZ-01306,77083
BRZ-01307,77406
BRZ-01308,77082
BRZ-01309,77407
BRZ-01310,77479
BRZ-01311,77072
BRZ-01312,77469
BRZ-01313,77407
BRZ-01314,77406
BRZ-01315,77494
BRZ-01316,77498
BRZ-01317,77461
BRZ-01318,77406
BRZ-01319,77479
BRZ-01320,77407
BRZ-01321,77406
BRZ-01322,77083
BRZ-01323,77082
BRZ-01324,77083
BRZ-01325,77471
BRZ-01326,77083
BRZ-01327,77407
BRZ-01328,77498
BRZ-01329,77479
BRZ-01330,77471
BRZ-01331,77083
BRZ-01332,77407
BRZ-01333,77083
BRZ-01334,77471
BRZ-01335,77406
BRZ-01336,77406
BRZ-01337,77406
BRZ-01338,77407
BRZ-01339,77461
BRZ-01340,77478
BRZ-01341,77406
BRZ-01342,77498
BRZ-01343,77406
BRZ-01344,77498
BRZ-01345,77406
BRZ-01346,77498
BRZ-01347,77469
BRZ-01348,77099
BRZ-01349,77479
BRZ-01350,77479
BRZ-01351,77498
BRZ-01352,77083
BRZ-01353,77461
BRZ-01354,77406
BRZ-01355,77478
BRZ-01356,77083
BRZ-01357,77469
BRZ-01358,77406
BRZ-01359,77406
BRZ-01360,77406
BRZ-01361,77498
BRZ-01362,77406
BRZ-01363,77469
BRZ-01364,77083
BRZ-01365,77479
BRZ-01366,77083
BRZ-01367,77406
BRZ-01368,77083
BRZ-01369,77479
BRZ-01370,77083
BRZ-01371,77498
BRZ-01372,77494
BRZ-01373,77479
BRZ-01374,77083
BRZ-01375,77083
BRZ-01376,77083
BRZ-01377,77082
BRZ-01378,77407
BRZ-01379,77450
BRZ-01380,77479
BRZ-01381,77082
BRZ-01382,77407
BRZ-01383,77498
BRZ-01384,77099
BRZ-01385,77494
BRZ-01386,77407
BRZ-01387,77494
BRZ-01388,77407
BRZ-01389,77083
BRZ-01390,77072
BRZ-01391,77479
BRZ-01392,77469
BRZ-01393,77406
BRZ-01394,77407
BRZ-01395,77469
BRZ-01396,77469
BRZ-01397,77406
BRZ-01398,77471
BRZ-01399,77406
BRZ-01400,77479
BRZ-01401,77407
BRZ-01402,77072
BRZ-01403,77498
BRZ-01404,77498
BRZ-01405,77407
BRZ-01406,77406
BRZ-01407,77479
BRZ-01408,77406
BRZ-01409,77072
BRZ-01410,77479
BRZ-01411,77479
BRZ-01412,77082
BRZ-01413,77083
BRZ-01414,77407
BRZ-01415,77469
BRZ-01416,77407
BRZ-01417,77494
BRZ-01418,77441
BRZ-01419,77479
BRZ-01420,77469
BRZ-01421,77406
BRZ-01422,77072
BRZ-01423,77083
BRZ-01424,77072
BRZ-01425,77083
BRZ-01426,77469
BRZ-01427,77406
BRZ-01428,77471
BRZ-01429,77082
BRZ-01430,77469
BRZ-01431,77083
BRZ-01432,77406
BRZ-01433,77406
BRZ-01434,77461
BRZ-01435,77498
BRZ-01436,77479
BRZ-01437,77494
BRZ-01438,77407
BRZ-01439,77469
BRZ-01440,77479
BRZ-01441,77407
BRZ-01442,77498
BRZ-01443,77478
BRZ-01444,77469
BRZ-01445,77407
BRZ-01446,77072
BRZ-01447,77407
BRZ-01448,77494
BRZ-01449,77498
BRZ-01450,77450
BRZ-01451,77469
BRZ-01452,77406
BRZ-01453,77407
BRZ-01454,77469
BRZ-01455,77407
BRZ-01456,77471
BRZ-01457,77406
BRZ-01458,77072
BRZ-01459,77072
BRZ-01460,77441
BRZ-01461,77494
BRZ-01462,77450
BRZ-01463,77498
BRZ-01464,77479
BRZ-01465,77083
BRZ-01466,77469
BRZ-01467,77469
BRZ-01468,77082
BRZ-01469,77471
BRZ-01470,77083
BRZ-01471,77479
BRZ-01472,77479
BRZ-01473,77083
BRZ-01474,77406
BRZ-01475,77083
BRZ-01476,77498
BRZ-01477,77450
BRZ-01478,77406
BRZ-01479,77479
BRZ-01480,77479
BRZ-01481,77083
BRZ-01482,77406
BRZ-01483,77407
BRZ-01484,77469
BRZ-01485,77478
BRZ-01486,77407
BRZ-01487,77469
BRZ-01488,77083
BRZ-01489,77498
BRZ-01490,77450
BRZ-01491,77407
BRZ-01492,77494
BRZ-01493,77083
BRZ-01494,77407
BRZ-01495,77407
BRZ-01496,77083
BRZ-01497,77407
BRZ-01498,77469
BRZ-01499,77407
BRZ-01500,77083
BRZ-01501,77083
BRZ-01502,77479
BRZ-01503,77498
BRZ-01504,77469
BRZ-01505,77450
BRZ-01506,77406
BRZ-01507,77407
BRZ-01508,77082
BRZ-01509,77471
BRZ-01510,77479
BRZ-01511,77407
BRZ-01512,77406
BRZ-01513,77083
BRZ-01514,77406
BRZ-01515,77407
BRZ-01516,77479
BRZ-01517,77498
BRZ-01518,77407
BRZ-01519,77479
BRZ-01520,77498
BRZ-01521,77407
BRZ-01522,77407
BRZ-01523,77406
BRZ-01524,77469
BRZ-01525,77494
BRZ-01526,77479
BRZ-01527,77469
BRZ-01528,77471
BRZ-01529,77407
BRZ-01530,77469
BRZ-01531,77406
BRZ-01532,77479
BRZ-01533,77479
BRZ-01534,77441
BRZ-01535,77406
BRZ-01536,77407
BRZ-01537,77407
BRZ-01538,77450
BRZ-01539,77471
BRZ-01540,77479
BRZ-01541,77083
BRZ-01542,77407
BRZ-01543,77083
BRZ-01544,77478
BRZ-01545,77407
BRZ-01546,77479
BRZ-01547,77406
BRZ-01548,77407
BRZ-01549,77469
BRZ-01550,77478
BRZ-01551,77469
BRZ-01552,77471
BRZ-01553,77471
BRZ-01554,77471
BRZ-01555,77479
BRZ-01556,77441
BRZ-01557,77406
BRZ-01558,77479
BRZ-01559,77498
BRZ-01560,77406
BRZ-01561,77498
BRZ-01562,77479
BRZ-01563,77406
BRZ-01564,77083
BRZ-01565,77406
BRZ-01566,77498
BRZ-01567,77479
BRZ-01568,77407
BRZ-01569,77407
BRZ-01570,77407
BRZ-01571,77406
BRZ-01572,77469
BRZ-01573,77469
BRZ-01574,77450
BRZ-01575,77407
BRZ-01576,77479
BRZ-01577,77478
BRZ-01578,77407
BRZ-01579,77469
BRZ-01580,77471
BRZ-01581,77406
BRZ-01582,77441
BRZ-01583,77494
BRZ-01584,77083
BRZ-01585,77494
BRZ-01586,77407
BRZ-01587,77498
BRZ-01588,77082
BRZ-01589,77479
BRZ-01590,77406
BRZ-01591,77479
BRZ-01592,77407
BRZ-01593,77083
BRZ-01594,77407
BRZ-01595,77478
BRZ-01596,77469
BRZ-01597,77469
BRZ-01598,77469
BRZ-01599,77406
BRZ-01600,77478
BRZ-01601,77471
BRZ-01602,77406
BRZ-01603,77441
BRZ-01604,77083
BRZ-01605,77406
BRZ-01606,77469
BRZ-01607,77471
BRZ-01608,77441
BRZ-01609,77406
BRZ-01610,77083
BRZ-01611,77479
BRZ-01612,77072
BRZ-01613,77072
BRZ-01614,77099
BRZ-01615,77478
BRZ-01616,77406
BRZ-01617,77406
BRZ-01618,77083
BRZ-01619,77083
BRZ-01620,77407
BRZ-01621,77407
BRZ-01622,77083
BRZ-01623,77406
BRZ-01624,77479
BRZ-01625,77083
BRZ-01626,77407
BRZ-01627,77406
BRZ-01628,77479
BRZ-01629,77479
BRZ-01630,77479
BRZ-01631,77406
BRZ-01632,77407
BRZ-01633,77406
BRZ-01634,77498
BRZ-01635,77407
BRZ-01636,77469
BRZ-01637,77407
BRZ-01638,77083
BRZ-01639,77469
BRZ-01640,77471
BRZ-01641,77469
BRZ-01642,77083
BRZ-01643,77494
BRZ-01644,77471
BRZ-01645,77406
BRZ-01646,77498
BRZ-01647,77407
BRZ-01648,77494
BRZ-01649,77469
BRZ-01650,77441
BRZ-01651,77498
BRZ-01652,77406
BRZ-01653,77469
BRZ-01654,77479
BRZ-01655,77471
BRZ-01656,77469
BRZ-01657,77469
BRZ-01658,77083
BRZ-01659,77406
BRZ-01660,77471
BRZ-01661,77479
BRZ-01662,77479
BRZ-01663,77478
BRZ-01664,77479
BRZ-01665,77498
BRZ-01666,77469
BRZ-01667,77479
BRZ-01668,77471
BRZ-01669,77479
BRZ-01670,77479
BRZ-01671,77469
BRZ-01672,77083
BRZ-01673,77469
BRZ-01674,77479
BRZ-01675,77479
BRZ-01676,77469
BRZ-01677,77479
BRZ-01678,77479
BRZ-01679,77083
BRZ-01680,77407
BRZ-01681,77469
BRZ-01682,77498
BRZ-01683,77083
BRZ-01684,77479
BRZ-01685,77498
BRZ-01686,77469
BRZ-01687,77498
BRZ-01688,77479
BRZ-01689,77498
BRZ-01690,77406
BRZ-01691,77469
BRZ-01692,77498
BRZ-01693,77406
BRZ-01694,77083
BRZ-01695,77407
BRZ-01696,77083
BRZ-01697,77099
BRZ-01698,77494
BRZ-01699,77406
BRZ-01700,77494
BRZ-01701,77479
BRZ-01702,77471
BRZ-01703,77406
BRZ-01704,77469
BRZ-01705,77469
BRZ-01706,77469
BRZ-01707,77469
BRZ-01708,77471
BRZ-01709,77083
BRZ-01710,77406
BRZ-01711,77494
BRZ-01712,77083
BRZ-01713,77479
BRZ-01714,77082
BRZ-01715,77478
BRZ-01716,77471
BRZ-01717,77471
BRZ-01718,77479
BRZ-01719,77407
BRZ-01720,77469
BRZ-01721,77498
BRZ-01722,77406
BRZ-01723,77083
BRZ-01724,77406
BRZ-01725,77494
BRZ-01726,77407
BRZ-01727,77407
BRZ-01728,77441
BRZ-01729,77498
BRZ-01730,77498
BRZ-01731,77072
BRZ-01732,77407
BRZ-01733,77471
BRZ-01734,77479
BRZ-01735,77407
BRZ-01736,77407
BRZ-01737,77479
BRZ-01738,77479
BRZ-01739,77083
BRZ-01740,77498
BRZ-01741,77083
BRZ-01742,77479
BRZ-01743,77407
BRZ-01744,77469
BRZ-01745,77494
BRZ-01746,77441
BRZ-01747,77479
BRZ-01748,77471
BRZ-01749,77407
BRZ-01750,77083
BRZ-01751,77471
BRZ-01752,77407
BRZ-01753,77469
BRZ-01754,77479
BRZ-01755,77478
BRZ-01756,77441
BRZ-01757,77407
BRZ-01758,77479
BRZ-01759,77469
BRZ-01760,77406
BRZ-01761,77471
BRZ-01762,77450
BRZ-01763,77406
BRZ-01764,77406
BRZ-01765,77471
BRZ-01766,77407
BRZ-01767,77406
BRZ-01768,77083
BRZ-01769,77407
BRZ-01770,77471
BRZ-01771,77099
BRZ-01772,77471
BRZ-01773,77083
BRZ-01774,77479
BRZ-01775,77498
BRZ-01776,77494
BRZ-01777,77471
BRZ-01778,77479
BRZ-01779,77407
BRZ-01780,77083
BRZ-01781,77407
BRZ-01782,77441
BRZ-01783,77072
BRZ-01784,77083
BRZ-01785,77469
BRZ-01786,77407
BRZ-01787,77407
BRZ-01788,77072
BRZ-01789,77083
BRZ-01790,77471
BRZ-01791,77406
BRZ-01792,77471
BRZ-01793,77478
BRZ-01794,77407
BRZ-01795,77469
BRZ-01796,77479
BRZ-01797,77083
BRZ-01798,77498
BRZ-01799,77498
BRZ-01800,77406
BRZ-01801,77469
BRZ-01802,77479
BRZ-01803,77479
BRZ-01804,77441
BRZ-01805,77469
BRZ-01806,77406
BRZ-01807,77494
BRZ-01808,77441
BRZ-01809,77406
BRZ-01810,77469
BRZ-01811,77407
BRZ-01812,77407
BRZ-01813,77471
BRZ-01814,77406
BRZ-01815,77471
BRZ-01816,77471
BRZ-01817,77471
BRZ-01818,77406
BRZ-01819,77471
BRZ-01820,77471
BRZ-01821,77479
BRZ-01822,77479
BRZ-01823,77450
BRZ-01824,77407
BRZ-01825,77469
BRZ-01826,77471
BRZ-01827,77469
BRZ-01828,77083
BRZ-01829,77469
BRZ-01830,77479
BRZ-01831,77099
BRZ-01832,77083
BRZ-01833,77479
BRZ-01834,77498
BRZ-01835,77083
BRZ-01836,77072
BRZ-01837,77083
BRZ-01838,77406
BRZ-01839,77494
BRZ-01840,77471
BRZ-01841,77498
BRZ-01842,77469
BRZ-01843,77494
BRZ-01844,77479
BRZ-01845,77494
BRZ-01846,77471
BRZ-01847,77083
BRZ-01848,77479
BRZ-01849,77498
BRZ-01850,77083
BRZ-01851,77479
BRZ-01852,77478
BRZ-01853,77083
BRZ-01854,77407
BRZ-01855,77479
BRZ-01856,77469
BRZ-01857,77406
BRZ-01858,77083
BRZ-01859,77479
BRZ-01860,77406
BRZ-01861,77494
BRZ-01862,77479
BRZ-01863,77498
BRZ-01864,77083
BRZ-01865,77406
BRZ-01866,77498
BRZ-01867,77471
BRZ-01868,77407
BRZ-01869,77083
BRZ-01870,77478
BRZ-01871,77083
BRZ-01872,77498
BRZ-01873,77469
BRZ-01874,77498
BRZ-01875,77494
BRZ-01876,77469
BRZ-01877,77494
BRZ-01878,77407
BRZ-01879,77099
BRZ-01880,77469
BRZ-01881,77469
BRZ-01882,77083
BRZ-01883,77479
BRZ-01884,77083
BRZ-01885,77406
BRZ-01886,77469
BRZ-01887,77083
BRZ-01888,77083
BRZ-01889,77406
BRZ-01890,77406
BRZ-01891,77494
BRZ-01892,77494
BRZ-01893,77406
BRZ-01894,77469
BRZ-01895,77406
BRZ-01896,77478
BRZ-01897,77407
BRZ-01898,77469
BRZ-01899,77494
BRZ-01900,77083
BRZ-01901,77406
BRZ-01902,77469
BRZ-01903,77479
BRZ-01904,77082
BRZ-01905,77471
BRZ-01906,77407
BRZ-01907,77406
BRZ-01908,77072
BRZ-01909,77479
BRZ-01910,77471
BRZ-01911,77498
BRZ-01912,77441
BRZ-01913,77469
BRZ-01914,77469
BRZ-01915,77469
BRZ-01916,77407
BRZ-01917,77406
BRZ-01918,77479
BRZ-01919,77479
BRZ-01920,77478
BRZ-01921,77407
BRZ-01922,77406
BRZ-01923,77083
BRZ-01924,77469
BRZ-01925,77471
BRZ-01926,77471
BRZ-01927,77479
BRZ-01928,77494
BRZ-01929,77494
BRZ-01930,77407
BRZ-01931,77494
BRZ-01932,77498
BRZ-01933,77082
BRZ-01934,77099
BRZ-01935,77479
BRZ-01936,77406
BRZ-01937,77471
BRZ-01938,77406
BRZ-01939,77407
BRZ-01940,77479
BRZ-01941,77469
BRZ-01942,77406
BRZ-01943,77469
BRZ-01944,77469
BRZ-01945,77406
BRZ-01946,77406
BRZ-01947,77083
BRZ-01948,77406
BRZ-01949,77441
BRZ-01950,77469
BRZ-01951,77479
BRZ-01952,77469
BRZ-01953,77406
BRZ-01954,77083
BRZ-01955,77072
BRZ-01956,77406
BRZ-01957,77469
BRZ-01958,77469
BRZ-01959,77479
BRZ-01960,77471
BRZ-01961,77083
BRZ-01962,77083
BRZ-01963,77498
BRZ-01964,77407
BRZ-01965,77478
BRZ-01966,77083
BRZ-01967,77469
BRZ-01968,77469
BRZ-01969,77407
BRZ-01970,77406
BRZ-01971,77407
BRZ-01972,77407
BRZ-01973,77099
BRZ-01974,77406
BRZ-01975,77450
BRZ-01976,77407
BRZ-01977,77498
BRZ-01978,77471
BRZ-01979,77479
BRZ-01980,77441
BRZ-01981,77407
BRZ-01982,77471
BRZ-01983,77498
BRZ-01984,77471
BRZ-01985,77083
BRZ-01986,77479
BRZ-01987,77082
BRZ-01988,77406
BRZ-01989,77407
BRZ-01990,77479
BRZ-01991,77494
BRZ-01992,77471
BRZ-01993,77406
BRZ-01994,77498
BRZ-01995,77072
BRZ-01996,77471
BRZ-01997,77469
BRZ-01998,77450
BRZ-01999,77479
BRZ-02000,77479
BRZ-02001,77406
BRZ-02002,77494
BRZ-02003,77083
BRZ-02004,77407
BRZ-02005,77479
BRZ-02006,77072
BRZ-02007,77407
BRZ-02008,77441
BRZ-02009,77498
BRZ-02010,77494
BRZ-02011,77083
BRZ-02012,77406
BRZ-02013,77406
BRZ-02014,77478
BRZ-02015,77469
BRZ-02016,77479
BRZ-02017,77469
BRZ-02018,77083
BRZ-02019,77083
BRZ-02020,77471
BRZ-02021,77469
BRZ-02022,77498
BRZ-02023,77498
BRZ-02024,77083
BRZ-02025,77479
BRZ-02026,77450
BRZ-02027,77479
BRZ-02028,77479
BRZ-02029,77082
BRZ-02030,77479
BRZ-02031,77406
BRZ-02032,77478
BRZ-02033,77406
BRZ-02034,77407
BRZ-02035,77469
BRZ-02036,77478
BRZ-02037,77479
BRZ-02038,77406
BRZ-02039,77099
BRZ-02040,77478
BRZ-02041,77407
BRZ-02042,77479
BRZ-02043,77469
BRZ-02044,77450
BRZ-02045,77494
BRZ-02046,77083
BRZ-02047,77406
BRZ-02048,77083
BRZ-02049,77469
BRZ-02050,77083
BRZ-02051,77498
BRZ-02052,77072
BRZ-02053,77082
BRZ-02054,77450
BRZ-02055,77407
BRZ-02056,77469
BRZ-02057,77498
BRZ-02058,77479
BRZ-02059,77494
BRZ-02060,77407
BRZ-02061,77450
BRZ-02062,77082
BRZ-02063,77407
BRZ-02064,77407
BRZ-02065,77407
BRZ-02066,77469
BRZ-02067,77072
BRZ-02068,77479
BRZ-02069,77469
BRZ-02070,77407
BRZ-02071,77072
BRZ-02072,77406
BRZ-02073,77407
BRZ-02074,77469
BRZ-02075,77407
BRZ-02076,77469
BRZ-02077,77479
BRZ-02078,77099
BRZ-02079,77471
BRZ-02080,77406
BRZ-02081,77469
BRZ-02082,77479
BRZ-02083,77494
BRZ-02084,77494
BRZ-02085,77407
BRZ-02086,77498
BRZ-02087,77471
BRZ-02088,77498
BRZ-02089,77471
BRZ-02090,77407
BRZ-02091,77083
BRZ-02092,77083
BRZ-02093,77407
BRZ-02094,77441
BRZ-02095,77072
BRZ-02096,77099
BRZ-02097,77406
BRZ-02098,77498
BRZ-02099,77471
BRZ-02100,77471
BRZ-02101,77479
BRZ-02102,77469
BRZ-02103,77478
BRZ-02104,77083
BRZ-02105,77479
BRZ-02106,77407
BRZ-02107,77406
BRZ-02108,77478
BRZ-02109,77494
BRZ-02110,77406
BRZ-02111,77083
BRZ-02112,77479
BRZ-02113,77471
BRZ-02114,77479
BRZ-02115,77406
BRZ-02116,77498
BRZ-02117,77478
BRZ-02118,77407
BRZ-02119,77406
BRZ-02120,77406
BRZ-02121,77479
BRZ-02122,77471
BRZ-02123,77083
BRZ-02124,77406
BRZ-02125,77407
BRZ-02126,77406
BRZ-02127,77083
BRZ-02128,77479
BRZ-02129,77450
BRZ-02130,77479
BRZ-02131,77469
BRZ-02132,77479
BRZ-02133,77469
BRZ-02134,77407
BRZ-02135,77471
BRZ-02136,77498
BRZ-02137,77469
BRZ-02138,77498
BRZ-02139,77441
BRZ-02140,77469
BRZ-02141,77469
BRZ-02142,77407
BRZ-02143,77407
BRZ-02144,77407
BRZ-02145,77479
BRZ-02146,77407
BRZ-02147,77407
BRZ-02148,77479
BRZ-02149,77471
BRZ-02150,77407
BRZ-02151,77407
BRZ-02152,77407
BRZ-02153,77498
BRZ-02154,77471
BRZ-02155,77083
BRZ-02156,77469
BRZ-02157,77478
BRZ-02158,77478
BRZ-02159,77469
BRZ-02160,77406
BRZ-02161,77406
BRZ-02162,77406
BRZ-02163,77406
BRZ-02164,77083
BRZ-02165,77406
BRZ-02166,77406
BRZ-02167,77083
BRZ-02168,77406
BRZ-02169,77072
BRZ-02170,77407
BRZ-02171,77072
BRZ-02172,77494
BRZ-02173,77083
BRZ-02174,77407
BRZ-02175,77083
BRZ-02176,77469
BRZ-02177,77479
BRZ-02178,77441
BRZ-02179,77469
BRZ-02180,77072
BRZ-02181,77441
BRZ-02182,77407
BRZ-02183,77494
BRZ-02184,77471
BRZ-02185,77407
BRZ-02186,77406
BRZ-02187,77479
BRZ-02188,77471
BRZ-02189,77469
BRZ-02190,77406
BRZ-02191,77083
BRZ-02192,77407
BRZ-02193,77469
BRZ-02194,77072
BRZ-02195,77083
BRZ-02196,77469
BRZ-02197,77494
BRZ-02198,77479
BRZ-02199,77406
BRZ-02200,77498
BRZ-02201,77406
BRZ-02202,77469
BRZ-02203,77406
BRZ-02204,77083
BRZ-02205,77406
BRZ-02206,77407
BRZ-02207,77494
BRZ-02208,77479
BRZ-02209,77441
BRZ-02210,77469
BRZ-02211,77469
BRZ-02212,77407
BRZ-02213,77407
BRZ-02214,77406
BRZ-02215,77494
BRZ-02216,77471
BRZ-02217,77072
BRZ-02218,77498
BRZ-02219,77479
BRZ-02220,77479
BRZ-02221,77441
BRZ-02222,77498
BRZ-02223,77407
BRZ-02224,77498
BRZ-02225,77407
BRZ-02226,77469
BRZ-02227,77469
BRZ-02228,77407
BRZ-02229,77406
BRZ-02230,77469
BRZ-02231,77406
BRZ-02232,77498
BRZ-02233,77450
BRZ-02234,77498
BRZ-02235,77083
BRZ-02236,77479
BRZ-02237,77407
BRZ-02238,77498
BRZ-02239,77406
BRZ-02240,77450
BRZ-02241,77407
BRZ-02242,77479
BRZ-02243,77494
BRZ-02244,77407
BRZ-02245,77083
BRZ-02246,77407
BRZ-02247,77469
BRZ-02248,77469
BRZ-02249,77479
BRZ-02250,77083
BRZ-02251,77498
BRZ-02252,77469
BRZ-02253,77406
BRZ-02254,77072
BRZ-02255,77083
BRZ-02256,77406
BRZ-02257,77498
BRZ-02258,77407
BRZ-02259,77469
BRZ-02260,77479
BRZ-02261,77450
BRZ-02262,77479
BRZ-02263,77407
BRZ-02264,77083
BRZ-02265,77469
BRZ-02266,77498
BRZ-02267,77479
BRZ-02268,77479
BRZ-02269,77082
BRZ-02270,77099
BRZ-02271,77407
BRZ-02272,77479
BRZ-02273,77498
BRZ-02274,77072
BRZ-02275,77471
BRZ-02276,77494
BRZ-02277,77498
BRZ-02278,77469
BRZ-02279,77469
BRZ-02280,77407
BRZ-02281,77407
BRZ-02282,77471
BRZ-02283,77407
BRZ-02284,77441
BRZ-02285,77099
BRZ-02286,77494
BRZ-02287,77469
BRZ-02288,77494
BRZ-02289,77407
BRZ-02290,77407
BRZ-02291,77406
BRZ-02292,77494
BRZ-02293,77083
BRZ-02294,77072
BRZ-02295,77479
BRZ-02296,77082
BRZ-02297,77406
BRZ-02298,77479
BRZ-02299,77406
BRZ-02300,77494
BRZ-02301,77099
BRZ-02302,77469
BRZ-02303,77406
BRZ-02304,77406
BRZ-02305,77469
BRZ-02306,77407
BRZ-02307,77450
BRZ-02308,77471
BRZ-02309,77469
BRZ-02310,77469
BRZ-02311,77469
BRZ-02312,77083
BRZ-02313,77406
BRZ-02314,77406
BRZ-02315,77407
BRZ-02316,77407
BRZ-02317,77471
BRZ-02318,77083
BRZ-02319,77498
BRZ-02320,77083
BRZ-02321,77479
BRZ-02322,77083
BRZ-02323,77494
BRZ-02324,77406
BRZ-02325,77083
BRZ-02326,77479
BRZ-02327,77469
BRZ-02328,77406
BRZ-02329,77494
BRZ-02330,77469
BRZ-02331,77471
BRZ-02332,77469
BRZ-02333,77469
BRZ-02334,77469
BRZ-02335,77407
BRZ-02336,77407
BRZ-02337,77407
BRZ-02338,77406
BRZ-02339,77471
BRZ-02340,77083
BRZ-02341,77494
BRZ-02342,77479
BRZ-02343,77478
BRZ-02344,77498
BRZ-02345,77406
BRZ-02346,77406
BRZ-02347,77478
BRZ-02348,77479
BRZ-02349,77479
BRZ-02350,77406
BRZ-02351,77479
BRZ-02352,77072
BRZ-02353,77407
BRZ-02354,77479
BRZ-02355,77441
BRZ-02356,77407
BRZ-02357,77494
BRZ-02358,77498
BRZ-02359,77083
BRZ-02360,77406
BRZ-02361,77471
BRZ-02362,77406
BRZ-02363,77407
BRZ-02364,77469
BRZ-02365,77498
BRZ-02366,77494
BRZ-02367,77471
BRZ-02368,77407
BRZ-02369,77082
BRZ-02370,77479
BRZ-02371,77406
BRZ-02372,77469
BRZ-02373,77407
BRZ-02374,77407
BRZ-02375,77099
BRZ-02376,77407
BRZ-02377,77083
BRZ-02378,77083
BRZ-02379,77083
BRZ-02380,77494
BRZ-02381,77082
BRZ-02382,77407
BRZ-02383,77083
BRZ-02384,77469
BRZ-02385,77469
BRZ-02386,77083
BRZ-02387,77479
BRZ-02388,77479
BRZ-02389,77406
BRZ-02390,77471
BRZ-02391,77407
BRZ-02392,77494
BRZ-02393,77494
BRZ-02394,77469
BRZ-02395,77479
BRZ-02396,77407
BRZ-02397,77498
BRZ-02398,77479
BRZ-02399,77469
BRZ-02400,77441
BRZ-02401,77441
BRZ-02402,77498
BRZ-02403,77471
BRZ-02404,77479
BRZ-02405,77469
BRZ-02406,77406
BRZ-02407,77479
BRZ-02408,77469
BRZ-02409,77479
BRZ-02410,77469
BRZ-02411,77083
BRZ-02412,77478
BRZ-02413,77498
BRZ-02414,77478
BRZ-02415,77083
BRZ-02416,77083
BRZ-02417,77471
BRZ-02418,77407
BRZ-02419,77469
BRZ-02420,77441
BRZ-02421,77498
BRZ-02422,77469
BRZ-02423,77469
BRZ-02424,77469
BRZ-02425,77083
BRZ-02426,77407
BRZ-02427,77469
BRZ-02428,77469
BRZ-02429,77406
BRZ-02430,77479
BRZ-02431,77083
BRZ-02432,77083
BRZ-02433,77469
BRZ-02434,77083
BRZ-02435,77083
BRZ-02436,77407
BRZ-02437,77083
BRZ-02438,77406
BRZ-02439,77494
BRZ-02440,77441
BRZ-02441,77479
BRZ-02442,77082
BRZ-02443,77471
BRZ-02444,77083
BRZ-02445,77407
BRZ-02446,77469
BRZ-02447,77072
BRZ-02448,77494
BRZ-02449,77479
BRZ-02450,77494
BRZ-02451,77479
BRZ-02452,77406
BRZ-02453,77479
BRZ-02454,77072
BRZ-02455,77469
BRZ-02456,77406
BRZ-02457,77471
BRZ-02458,77407
BRZ-02459,77471
BRZ-02460,77407
BRZ-02461,77479
BRZ-02462,77479
BRZ-02463,77407
BRZ-02464,77406
BRZ-02465,77498
BRZ-02466,77479
BRZ-02467,77406
BRZ-02468,77083
BRZ-02469,77479
BRZ-02470,77407
BRZ-02471,77082
BRZ-02472,77498
BRZ-02473,77406
BRZ-02474,77498
BRZ-02475,77479
BRZ-02476,77406
BRZ-02477,77406
BRZ-02478,77406
BRZ-02479,77469
BRZ-02480,77479
BRZ-02481,77407
BRZ-02482,77479
BRZ-02483,77479
BRZ-02484,77406
BRZ-02485,77083
BRZ-02486,77406
BRZ-02487,77479
BRZ-02488,77469
BRZ-02489,77469
BRZ-02490,77083
BRZ-02491,77494
BRZ-02492,77479
BRZ-02493,77469
BRZ-02494,77083
BRZ-02495,77406
BRZ-02496,77083
BRZ-02497,77479
BRZ-02498,77494
BRZ-02499,77494
BRZ-02500,77406
BRZ-02501,77479
BRZ-02502,77406
BRZ-02503,77471
BRZ-02504,77407
BRZ-02505,77498
BRZ-02506,77471
BRZ-02507,77498
BRZ-02508,77479
BRZ-02509,77494
BRZ-02510,77406
BRZ-02511,77083
BRZ-02512,77407
BRZ-02513,77479
BRZ-02514,77407
BRZ-02515,77478
BRZ-02516,77494
BRZ-02517,77469
BRZ-02518,77441
BRZ-02519,77479
BRZ-02520,77406
BRZ-02521,77471
BRZ-02522,77406
BRZ-02523,77407
BRZ-02524,77494
BRZ-02525,77441
BRZ-02526,77099
BRZ-02527,77450
BRZ-02528,77498
BRZ-02529,77406
BRZ-02530,77082
BRZ-02531,77479
BRZ-02532,77471
BRZ-02533,77406
BRZ-02534,77479
BRZ-02535,77469
BRZ-02536,77478
BRZ-02537,77479
BRZ-02538,77498
BRZ-02539,77498
BRZ-02540,77469
BRZ-02541,77407
BRZ-02542,77406
BRZ-02543,77083
BRZ-02544,77083
BRZ-02545,77498
BRZ-02546,77479
BRZ-02547,77406
BRZ-02548,77083
BRZ-02549,77498
BRZ-02550,77441
BRZ-02551,77407
BRZ-02552,77469
BRZ-02553,77072
BRZ-02554,77083
BRZ-02555,77083
BRZ-02556,77406
BRZ-02557,77478
BRZ-02558,77083
BRZ-02559,77407
BRZ-02560,77072
BRZ-02561,77083
BRZ-02562,77498
BRZ-02563,77407
BRZ-02564,77406
BRZ-02565,77407
BRZ-02566,77083
BRZ-02567,77494
BRZ-02568,77469
BRZ-02569,77406
BRZ-02570,77469
BRZ-02571,77461
BRZ-02572,77471
BRZ-02573,77082
BRZ-02574,77407
BRZ-02575,77478
BRZ-02576,77406
BRZ-02577,77479
BRZ-02578,77471
BRZ-02579,77072
BRZ-02580,77072
BRZ-02581,77469
BRZ-02582,77478
BRZ-02583,77083
BRZ-02584,77083
BRZ-02585,77471
BRZ-02586,77407
BRZ-02587,77469
BRZ-02588,77406
BRZ-02589,77494
BRZ-02590,77083
BRZ-02591,77494
BRZ-02592,77479
BRZ-02593,77099
BRZ-02594,77407
BRZ-02595,77407
BRZ-02596,77407
BRZ-02597,77083
BRZ-02598,77441
BRZ-02599,77471
BRZ-02600,77479
BRZ-02601,77441
BRZ-02602,77498
BRZ-02603,77469
BRZ-02604,77479
BRZ-02605,77494
BRZ-02606,77494
BRZ-02607,77469
BRZ-02608,77083
BRZ-02609,77469
BRZ-02610,77478
BRZ-02611,77083
BRZ-02612,77479
BRZ-02613,77479
BRZ-02614,77406
BRZ-02615,77471
BRZ-02616,77407
BRZ-02617,77083
BRZ-02618,77407
BRZ-02619,77441
BRZ-02620,77099
BRZ-02621,77498
BRZ-02622,77083
BRZ-02623,77469
BRZ-02624,77072
BRZ-02625,77082
BRZ-02626,77478
BRZ-02627,77494
BRZ-02628,77083
BRZ-02629,77479
BRZ-02630,77498
BRZ-02631,77479
BRZ-02632,77082
BRZ-02633,77479
BRZ-02634,77441
BRZ-02635,77479
BRZ-02636,77406
BRZ-02637,77407
BRZ-02638,77479
BRZ-02639,77498
BRZ-02640,77083
BRZ-02641,77406
BRZ-02642,77407
BRZ-02643,77407
BRZ-02644,77479
BRZ-02645,77498
BRZ-02646,77471
BRZ-02647,77082
BRZ-02648,77498
BRZ-02649,77406
BRZ-02650,77083
BRZ-02651,77498
BRZ-02652,77469
BRZ-02653,77441
BRZ-02654,77479
BRZ-02655,77083
BRZ-02656,77406
BRZ-02657,77479
BRZ-02658,77407
BRZ-02659,77406
BRZ-02660,77471
BRZ-02661,77406
BRZ-02662,77471
BRZ-02663,77441
BRZ-02664,77479
BRZ-02665,77072
BRZ-02666,77471
BRZ-02667,77469
BRZ-02668,77441
BRZ-02669,77498
BRZ-02670,77099
BRZ-02671,77407
BRZ-02672,77479
BRZ-02673,77407
BRZ-02674,77479
BRZ-02675,77469
BRZ-02676,77479
BRZ-02677,77471
BRZ-02678,77479
BRZ-02679,77406
BRZ-02680,77407
BRZ-02681,77494
BRZ-02682,77083
BRZ-02683,77471
BRZ-02684,77406
BRZ-02685,77441
BRZ-02686,77082
BRZ-02687,77498
BRZ-02688,77471
BRZ-02689,77469
BRZ-02690,77407
BRZ-02691,77479
BRZ-02692,77406
BRZ-02693,77406
BRZ-02694,77471
BRZ-02695,77494
BRZ-02696,77406
BRZ-02697,77082
BRZ-02698,77407
BRZ-02699,77469
BRZ-02700,77469
BRZ-02701,77083
BRZ-02702,77469
BRZ-02703,77471
BRZ-02704,77471
BRZ-02705,77407
BRZ-02706,77072
BRZ-02707,77479
BRZ-02708,77083
BRZ-02709,77498
BRZ-02710,77471
BRZ-02711,77407
BRZ-02712,77407
BRZ-02713,77471
BRZ-02714,77083
BRZ-02715,77479
BRZ-02716,77469
BRZ-02717,77461
BRZ-02718,77469
BRZ-02719,77469
BRZ-02720,77469
BRZ-02721,77498
BRZ-02722,77479
BRZ-02723,77471
BRZ-02724,77479
BRZ-02725,77450
BRZ-02726,77469
BRZ-02727,77469
BRZ-02728,77083
BRZ-02729,77407
BRZ-02730,77406
BRZ-02731,77479
BRZ-02732,77083
BRZ-02733,77450
BRZ-02734,77083
BRZ-02735,77083
BRZ-02736,77494
BRZ-02737,77479
BRZ-02738,77479
BRZ-02739,77082
BRZ-02740,77406
BRZ-02741,77469
BRZ-02742,77498
BRZ-02743,77406
BRZ-02744,77406
BRZ-02745,77407
BRZ-02746,77479
BRZ-02747,77471
BRZ-02748,77407
BRZ-02749,77471
BRZ-02750,77471
BRZ-02751,77072
BRZ-02752,77498
BRZ-02753,77406
BRZ-02754,77478
BRZ-02755,77083
BRZ-02756,77479
BRZ-02757,77494
BRZ-02758,77072
BRZ-02759,77461
BRZ-02760,77083
BRZ-02761,77498
BRZ-02762,77441
BRZ-02763,77407
BRZ-02764,77479
BRZ-02765,77407
BRZ-02766,77469
BRZ-02767,77469
BRZ-02768,77099
BRZ-02769,77469
BRZ-02770,77099
BRZ-02771,77471
BRZ-02772,77407
BRZ-02773,77072
BRZ-02774,77469
BRZ-02775,77072
BRZ-02776,77406
BRZ-02777,77469
BRZ-02778,77072
BRZ-02779,77406
BRZ-02780,77479
BRZ-02781,77083
BRZ-02782,77469
BRZ-02783,77469
BRZ-02784,77083
BRZ-02785,77407
BRZ-02786,77479
BRZ-02787,77479
BRZ-02788,77407
BRZ-02789,77471
BRZ-02790,77407
BRZ-02791,77072
BRZ-02792,77441
BRZ-02793,77471
BRZ-02794,77407
BRZ-02795,77082
BRZ-02796,77469
BRZ-02797,77469
BRZ-02798,77072
BRZ-02799,77494
BRZ-02800,77471
BRZ-02801,77083
BRZ-02802,77469
BRZ-02803,77083
BRZ-02804,77471
BRZ-02805,77498
BRZ-02806,77407
BRZ-02807,77471
BRZ-02808,77469
BRZ-02809,77406
BRZ-02810,77406
BRZ-02811,77498
BRZ-02812,77441
BRZ-02813,77498
BRZ-02814,77469
BRZ-02815,77479
BRZ-02816,77494
BRZ-02817,77083
BRZ-02818,77479
BRZ-02819,77083
BRZ-02820,77494
BRZ-02821,77498
BRZ-02822,77494
BRZ-02823,77407
BRZ-02824,77498
BRZ-02825,77498
BRZ-02826,77479
BRZ-02827,77407
BRZ-02828,77406
BRZ-02829,77441
BRZ-02830,77406
BRZ-02831,77082
BRZ-02832,77072
BRZ-02833,77494
BRZ-02834,77498
BRZ-02835,77407
BRZ-02836,77407
BRZ-02837,77406
BRZ-02838,77479
BRZ-02839,77498
BRZ-02840,77407
BRZ-02841,77498
BRZ-02842,77406
BRZ-02843,77479
BRZ-02844,77407
BRZ-02845,77407
BRZ-02846,77441
BRZ-02847,77083
BRZ-02848,77479
BRZ-02849,77498
BRZ-02850,77407
BRZ-02851,77479
BRZ-02852,77406
BRZ-02853,77469
BRZ-02854,77406
BRZ-02855,77494
BRZ-02856,77498
BRZ-02857,77498
BRZ-02858,77083
BRZ-02859,77479
BRZ-02860,77469
BRZ-02861,77498
BRZ-02862,77469
BRZ-02863,77407
BRZ-02864,77407
BRZ-02865,77498
BRZ-02866,77494
BRZ-02867,77469
BRZ-02868,77469
BRZ-02869,77450
BRZ-02870,77406
BRZ-02871,77450
BRZ-02872,77406
BRZ-02873,77469
BRZ-02874,77478
BRZ-02875,77498
BRZ-02876,77479
BRZ-02877,77471
BRZ-02878,77406
BRZ-02879,77469
BRZ-02880,77083
BRZ-02881,77441
BRZ-02882,77471
BRZ-02883,77407
BRZ-02884,77083
BRZ-02885,77494
BRZ-02886,77406
BRZ-02887,77441
BRZ-02888,77407
BRZ-02889,77406
BRZ-02890,77498
BRZ-02891,77479
BRZ-02892,77083
BRZ-02893,77083
BRZ-02894,77494
BRZ-02895,77406
BRZ-02896,77498
BRZ-02897,77469
BRZ-02898,77083
BRZ-02899,77469
BRZ-02900,77406
BRZ-02901,77498
BRZ-02902,77479
BRZ-02903,77469
BRZ-02904,77478
BRZ-02905,77083
BRZ-02906,77083
BRZ-02907,77469
BRZ-02908,77498
BRZ-02909,77498
BRZ-02910,77083
BRZ-02911,77406
BRZ-02912,77406
BRZ-02913,77072
BRZ-02914,77469
BRZ-02915,77479
BRZ-02916,77406
BRZ-02917,77406
BRZ-02918,77099
BRZ-02919,77072
BRZ-02920,77083
BRZ-02921,77479
BRZ-02922,77494
BRZ-02923,77469
BRZ-02924,77469
BRZ-02925,77407
BRZ-02926,77469
BRZ-02927,77407
BRZ-02928,77469
BRZ-02929,77406
BRZ-02930,77469
BRZ-02931,77498
BRZ-02932,77083
BRZ-02933,77471
BRZ-02934,77083
BRZ-02935,77406
BRZ-02936,77469
BRZ-02937,77471
BRZ-02938,77406
BRZ-02939,77469
BRZ-02940,77469
BRZ-02941,77498
BRZ-02942,77441
BRZ-02943,77471
BRZ-02944,77407
BRZ-02945,77072
BRZ-02946,77407
BRZ-02947,77082
BRZ-02948,77083
BRZ-02949,77406
BRZ-02950,77083
BRZ-02951,77407
BRZ-02952,77407
BRZ-02953,77469
BRZ-02954,77406
BRZ-02955,77406
BRZ-02956,77450
BRZ-02957,77450
BRZ-02958,77406
BRZ-02959,77479
BRZ-02960,77471
BRZ-02961,77099
BRZ-02962,77479
BRZ-02963,77498
BRZ-02964,77083
BRZ-02965,77469
BRZ-02966,77498
BRZ-02967,77498
BRZ-02968,77469
BRZ-02969,77406
BRZ-02970,77406
BRZ-02971,77479
BRZ-02972,77494
BRZ-02973,77494
BRZ-02974,77407
BRZ-02975,77083
BRZ-02976,77478
BRZ-02977,77498
BRZ-02978,77478
BRZ-02979,77083
BRZ-02980,77498
BRZ-02981,77407
BRZ-02982,77479
BRZ-02983,77479
BRZ-02984,77406
BRZ-02985,77479
BRZ-02986,77407
BRZ-02987,77498
BRZ-02988,77406
BRZ-02989,77461
BRZ-02990,77406
BRZ-02991,77450
BRZ-02992,77469
BRZ-02993,77083
BRZ-02994,77479
BRZ-02995,77082
BRZ-02996,77469
BRZ-02997,77478
BRZ-02998,77407
BRZ-02999,77469
BRZ-03000,77461
BRZ-03001,77479
BRZ-03002,77072
BRZ-03003,77469
BRZ-03004,77471
BRZ-03005,77471
BRZ-03006,77469
BRZ-03007,77498
BRZ-03008,77406
BRZ-03009,77407
BRZ-03010,77479
BRZ-03011,77469
BRZ-03012,77406
BRZ-03013,77498
BRZ-03014,77083
BRZ-03015,77471
BRZ-03016,77494
BRZ-03017,77407
BRZ-03018,77479
BRZ-03019,77469
BRZ-03020,77471
BRZ-03021,77441
BRZ-03022,77407
BRZ-03023,77479
BRZ-03024,77407
BRZ-03025,77494
BRZ-03026,77407
BRZ-03027,77450
BRZ-03028,77450
BRZ-03029,77406
BRZ-03030,77441
BRZ-03031,77083
BRZ-03032,77083
BRZ-03033,77083
BRZ-03034,77469
BRZ-03035,77471
BRZ-03036,77072
BRZ-03037,77494
BRZ-03038,77479
BRZ-03039,77406
BRZ-03040,77406
BRZ-03041,77471
BRZ-03042,77099
BRZ-03043,77479
BRZ-03044,77406
BRZ-03045,77406
BRZ-03046,77471
BRZ-03047,77498
BRZ-03048,77498
BRZ-03049,77441
BRZ-03050,77407
BRZ-03051,77494
BRZ-03052,77072
BRZ-03053,77407
BRZ-03054,77082
BRZ-03055,77407
BRZ-03056,77407
BRZ-03057,77450
BRZ-03058,77082
BRZ-03059,77494
BRZ-03060,77479
BRZ-03061,77469
BRZ-03062,77406
BRZ-03063,77406
BRZ-03064,77406
BRZ-03065,77082
BRZ-03066,77479
BRZ-03067,77469
BRZ-03068,77471
BRZ-03069,77471
BRZ-03070,77498
BRZ-03071,77407
BRZ-03072,77406
BRZ-03073,77441
BRZ-03074,77498
BRZ-03075,77099
BRZ-03076,77406
BRZ-03077,77469
BRZ-03078,77083
BRZ-03079,77072
BRZ-03080,77479
BRZ-03081,77407
BRZ-03082,77494
BRZ-03083,77471
BRZ-03084,77083
BRZ-03085,77479
BRZ-03086,77471
BRZ-03087,77083
BRZ-03088,77469
BRZ-03089,77406
BRZ-03090,77471
BRZ-03091,77479
BRZ-03092,77407
BRZ-03093,77406
BRZ-03094,77471
BRZ-03095,77479
BRZ-03096,77407
BRZ-03097,77479
BRZ-03098,77471
BRZ-03099,77479
BRZ-03100,77479
BRZ-03101,77083
BRZ-03102,77407
BRZ-03103,77498
BRZ-03104,77407
BRZ-03105,77441
BRZ-03106,77469
BRZ-03107,77083
BRZ-03108,77406
BRZ-03109,77479
BRZ-03110,77407
BRZ-03111,77406
BRZ-03112,77479
BRZ-03113,77450
BRZ-03114,77498
BRZ-03115,77469
BRZ-03116,77478
BRZ-03117,77407
BRZ-03118,77479
BRZ-03119,77498
BRZ-03120,77479
BRZ-03121,77479
BRZ-03122,77407
BRZ-03123,77469
BRZ-03124,77083
BRZ-03125,77479
BRZ-03126,77471
BRZ-03127,77407
BRZ-03128,77407
BRZ-03129,77450
BRZ-03130,77479
BRZ-03131,77498
BRZ-03132,77083
BRZ-03133,77479
BRZ-03134,77478
BRZ-03135,77406
BRZ-03136,77479
BRZ-03137,77471
BRZ-03138,77407
BRZ-03139,77082
BRZ-03140,77099
BRZ-03141,77469
BRZ-03142,77450
BRZ-03143,77498
BRZ-03144,77406
BRZ-03145,77479
BRZ-03146,77441
BRZ-03147,77406
BRZ-03148,77083
BRZ-03149,77469
BRZ-03150,77083
BRZ-03151,77469
BRZ-03152,77099
BRZ-03153,77479
BRZ-03154,77450
BRZ-03155,77478
BRZ-03156,77478
BRZ-03157,77083
BRZ-03158,77083
BRZ-03159,77479
BRZ-03160,77441
BRZ-03161,77083
BRZ-03162,77498
BRZ-03163,77406
BRZ-03164,77471
BRZ-03165,77471
BRZ-03166,77479
BRZ-03167,77406
BRZ-03168,77479
BRZ-03169,77471
BRZ-03170,77406
BRZ-03171,77498
BRZ-03172,77498
BRZ-03173,77082
BRZ-03174,77441
BRZ-03175,77469
BRZ-03176,77469
BRZ-03177,77406
BRZ-03178,77406
BRZ-03179,77083
BRZ-03180,77498
BRZ-03181,77072
BRZ-03182,77083
BRZ-03183,77407
BRZ-03184,77479
BRZ-03185,77478
BRZ-03186,77471
BRZ-03187,77441
BRZ-03188,77498
BRZ-03189,77498
BRZ-03190,77083
BRZ-03191,77072
BRZ-03192,77406
BRZ-03193,77407
BRZ-03194,77407
BRZ-03195,77471
BRZ-03196,77469
BRZ-03197,77083
BRZ-03198,77407
BRZ-03199,77441
BRZ-03200,77498
BRZ-03201,77479
BRZ-03202,77498
BRZ-03203,77469
BRZ-03204,77072
BRZ-03205,77441
BRZ-03206,77478
BRZ-03207,77478
BRZ-03208,77469
BRZ-03209,77479
BRZ-03210,77469
BRZ-03211,77498
BRZ-03212,77407
BRZ-03213,77407
BRZ-03214,77479
BRZ-03215,77471
BRZ-03216,77469
BRZ-03217,77407
BRZ-03218,77407
BRZ-03219,77407
BRZ-03220,77083
BRZ-03221,77479
BRZ-03222,77406
BRZ-03223,77407
BRZ-03224,77441
BRZ-03225,77082
BRZ-03226,77479
BRZ-03227,77498
BRZ-03228,77478
BRZ-03229,77082
BRZ-03230,77406
BRZ-03231,77406
BRZ-03232,77406
BRZ-03233,77471
BRZ-03234,77494
BRZ-03235,77471
BRZ-03236,77469
BRZ-03237,77083
BRZ-03238,77072
BRZ-03239,77406
BRZ-03240,77407
BRZ-03241,77469
BRZ-03242,77469
BRZ-03243,77406
BRZ-03244,77083
BRZ-03245,77479
BRZ-03246,77450
BRZ-03247,77083
BRZ-03248,77407
BRZ-03249,77406
BRZ-03250,77083
BRZ-03251,77469
BRZ-03252,77498
BRZ-03253,77083
BRZ-03254,77406
BRZ-03255,77406
BRZ-03256,77469
BRZ-03257,77406
BRZ-03258,77407
BRZ-03259,77469
BRZ-03260,77479
BRZ-03261,77082
BRZ-03262,77469
BRZ-03263,77479
BRZ-03264,77469
BRZ-03265,77083
BRZ-03266,77406
BRZ-03267,77471
BRZ-03268,77082
BRZ-03269,77494
BRZ-03270,77469
BRZ-03271,77406
BRZ-03272,77494
BRZ-03273,77407
BRZ-03274,77471
BRZ-03275,77407
BRZ-03276,77469
BRZ-03277,77407
BRZ-03278,77479
BRZ-03279,77083
BRZ-03280,77406
BRZ-03281,77469
BRZ-03282,77494
BRZ-03283,77471
BRZ-03284,77407
BRZ-03285,77469
BRZ-03286,77083
BRZ-03287,77469
BRZ-03288,77441
BRZ-03289,77406
BRZ-03290,77406
BRZ-03291,77406
BRZ-03292,77471
BRZ-03293,77083
BRZ-03294,77478
BRZ-03295,77441
BRZ-03296,77407
BRZ-03297,77469
BRZ-03298,77469
BRZ-03299,77083
BRZ-03300,77407
BRZ-03301,77407
BRZ-03302,77083
BRZ-03303,77494
BRZ-03304,77471
BRZ-03305,77406
BRZ-03306,77479
BRZ-03307,77072
BRZ-03308,77083
BRZ-03309,77469
BRZ-03310,77072
BRZ-03311,77471
BRZ-03312,77083
BRZ-03313,77083
BRZ-03314,77406
BRZ-03315,77469
BRZ-03316,77469
BRZ-03317,77099
BRZ-03318,77072
BRZ-03319,77406
BRZ-03320,77471
BRZ-03321,77083
BRZ-03322,77406
BRZ-03323,77407
BRZ-03324,77407
BRZ-03325,77471
BRZ-03326,77407
BRZ-03327,77407
BRZ-03328,77469
BRZ-03329,77478
BRZ-03330,77082
BRZ-03331,77407
BRZ-03332,77083
BRZ-03333,77479
BRZ-03334,77498
BRZ-03335,77469
BRZ-03336,77498
BRZ-03337,77450
BRZ-03338,77083
BRZ-03339,77469
BRZ-03340,77407
BRZ-03341,77441
BRZ-03342,77407
BRZ-03343,77083
BRZ-03344,77469
BRZ-03345,77494
BRZ-03346,77407
BRZ-03347,77471
BRZ-03348,77450
BRZ-03349,77494
BRZ-03350,77441
BRZ-03351,77478
BRZ-03352,77083
BRZ-03353,77479
BRZ-03354,77469
BRZ-03355,77083
BRZ-03356,77471
BRZ-03357,77494
BRZ-03358,77498
BRZ-03359,77083
BRZ-03360,77083
BRZ-03361,77072
BRZ-03362,77469
BRZ-03363,77441
BRZ-03364,77494
BRZ-03365,77406
BRZ-03366,77450
BRZ-03367,77469
BRZ-03368,77498
BRZ-03369,77479
BRZ-03370,77469
BRZ-03371,77450
BRZ-03372,77479
BRZ-03373,77406
BRZ-03374,77479
BRZ-03375,77471
BRZ-03376,77469
BRZ-03377,77494
BRZ-03378,77406
BRZ-03379,77406
BRZ-03380,77498
BRZ-03381,77406
BRZ-03382,77479
BRZ-03383,77406
BRZ-03384,77406
BRZ-03385,77471
BRZ-03386,77406
BRZ-03387,77406
BRZ-03388,77471
BRZ-03389,77407
BRZ-03390,77479
BRZ-03391,77498
BRZ-03392,77072
BRZ-03393,77407
BRZ-03394,77498
BRZ-03395,77498
BRZ-03396,77478
BRZ-03397,77406
BRZ-03398,77469
BRZ-03399,77471
BRZ-03400,77083
BRZ-03401,77441
BRZ-03402,77406
BRZ-03403,77471
BRZ-03404,77407
BRZ-03405,77469
BRZ-03406,77498
BRZ-03407,77083
BRZ-03408,77494
BRZ-03409,77083
BRZ-03410,77469
BRZ-03411,77478
BRZ-03412,77479
BRZ-03413,77407
BRZ-03414,77479
BRZ-03415,77083
BRZ-03416,77494
BRZ-03417,77498
BRZ-03418,77469
BRZ-03419,77479
BRZ-03420,77407
BRZ-03421,77407
BRZ-03422,77083
BRZ-03423,77406
BRZ-03424,77082
BRZ-03425,77469
BRZ-03426,77498
BRZ-03427,77479
BRZ-03428,77494
BRZ-03429,77494
BRZ-03430,77072
BRZ-03431,77083
BRZ-03432,77479
BRZ-03433,77406
BRZ-03434,77469
BRZ-03435,77406
BRZ-03436,77083
BRZ-03437,77406
BRZ-03438,77498
BRZ-03439,77479
BRZ-03440,77498
BRZ-03441,77478
BRZ-03442,77469
BRZ-03443,77471
BRZ-03444,77469
BRZ-03445,77479
BRZ-03446,77083
BRZ-03447,77083
BRZ-03448,77498
BRZ-03449,77407
BRZ-03450,77469
BRZ-03451,77479
BRZ-03452,77469
BRZ-03453,77471
BRZ-03454,77478
BRZ-03455,77498
BRZ-03456,77478
BRZ-03457,77469
BRZ-03458,77406
BRZ-03459,77083
BRZ-03460,77494
BRZ-03461,77498
BRZ-03462,77479
BRZ-03463,77407
BRZ-03464,77479
BRZ-03465,77407
BRZ-03466,77407
BRZ-03467,77441
BRZ-03468,77450
BRZ-03469,77406
BRZ-03470,77469
BRZ-03471,77083
BRZ-03472,77083
BRZ-03473,77469
BRZ-03474,77083
BRZ-03475,77498
BRZ-03476,77498
BRZ-03477,77478
BRZ-03478,77407
BRZ-03479,77469
BRZ-03480,77469
BRZ-03481,77498
BRZ-03482,77471
BRZ-03483,77479
BRZ-03484,77479
BRZ-03485,77407
BRZ-03486,77072
BRZ-03487,77479
BRZ-03488,77498
BRZ-03489,77469
BRZ-03490,77072
BRZ-03491,77406
BRZ-03492,77406
BRZ-03493,77406
BRZ-03494,77471
BRZ-03495,77407
BRZ-03496,77406
BRZ-03497,77478
BRZ-03498,77083
BRZ-03499,77471
BRZ-03500,77407
BRZ-03501,77498
BRZ-03502,77083
BRZ-03503,77406
BRZ-03504,77407
BRZ-03505,77494
BRZ-03506,77441
BRZ-03507,77407
BRZ-03508,77469
BRZ-03509,77479
BRZ-03510,77083
BRZ-03511,77471
BRZ-03512,77469
BRZ-03513,77471
BRZ-03514,77479
BRZ-03515,77471
BRZ-03516,77407
BRZ-03517,77461
BRZ-03518,77494
BRZ-03519,77479
BRZ-03520,77441
BRZ-03521,77407
BRZ-03522,77083
BRZ-03523,77479
BRZ-03524,77478
BRZ-03525,77469
BRZ-03526,77407
BRZ-03527,77406
BRZ-03528,77083
BRZ-03529,77471
BRZ-03530,77469
BRZ-03531,77083
BRZ-03532,77406
BRZ-03533,77479
BRZ-03534,77469
BRZ-03535,77072
BRZ-03536,77479
BRZ-03537,77471
BRZ-03538,77469
BRZ-03539,77406
BRZ-03540,77479
BRZ-03541,77407
BRZ-03542,77498
BRZ-03543,77479
BRZ-03544,77406
BRZ-03545,77407
BRZ-03546,77083
BRZ-03547,77498
BRZ-03548,77083
BRZ-03549,77083
BRZ-03550,77083
BRZ-03551,77471
BRZ-03552,77406
BRZ-03553,77099
BRZ-03554,77498
BRZ-03555,77441
BRZ-03556,77407
BRZ-03557,77441
BRZ-03558,77469
BRZ-03559,77441
BRZ-03560,77072
BRZ-03561,77471
BRZ-03562,77407
BRZ-03563,77083
BRZ-03564,77479
BRZ-03565,77469
BRZ-03566,77083
BRZ-03567,77407
BRZ-03568,77498
BRZ-03569,77469
BRZ-03570,77407
BRZ-03571,77407
BRZ-03572,77083
BRZ-03573,77469
BRZ-03574,77478
BRZ-03575,77406
BRZ-03576,77406
BRZ-03577,77450
BRZ-03578,77471
BRZ-03579,77407
BRZ-03580,77083
BRZ-03581,77083
BRZ-03582,77441
BRZ-03583,77407
BRZ-03584,77072
BRZ-03585,77469
BRZ-03586,77479
BRZ-03587,77407
BRZ-03588,77494
BRZ-03589,77406
BRZ-03590,77406
BRZ-03591,77498
BRZ-03592,77083
BRZ-03593,77469
BRZ-03594,77083
BRZ-03595,77498
BRZ-03596,77083
BRZ-03597,77083
BRZ-03598,77479
BRZ-03599,77471
BRZ-03600,77072
BRZ-03601,77479
BRZ-03602,77494
BRZ-03603,77406
BRZ-03604,77083
BRZ-03605,77471
BRZ-03606,77471
BRZ-03607,77469
BRZ-03608,77407
BRZ-03609,77407
BRZ-03610,77469
BRZ-03611,77407
BRZ-03612,77082
BRZ-03613,77479
BRZ-03614,77498
BRZ-03615,77469
BRZ-03616,77479
BRZ-03617,77471
BRZ-03618,77072
BRZ-03619,77083
BRZ-03620,77478
BRZ-03621,77406
BRZ-03622,77469
BRZ-03623,77469
BRZ-03624,77469
BRZ-03625,77479
BRZ-03626,77083
BRZ-03627,77406
BRZ-03628,77471
BRZ-03629,77494
BRZ-03630,77479
BRZ-03631,77471
BRZ-03632,77498
BRZ-03633,77083
BRZ-03634,77407
BRZ-03635,77407
BRZ-03636,77407
BRZ-03637,77083
BRZ-03638,77469
BRZ-03639,77082
BRZ-03640,77478
BRZ-03641,77469
BRZ-03642,77469
BRZ-03643,77083
BRZ-03644,77406
BRZ-03645,77083
BRZ-03646,77072
BRZ-03647,77498
BRZ-03648,77441
BRZ-03649,77479
BRZ-03650,77479
BRZ-03651,77469
BRZ-03652,77407
BRZ-03653,77083
BRZ-03654,77099
BRZ-03655,77406
BRZ-03656,77083
BRZ-03657,77469
BRZ-03658,77406
BRZ-03659,77441
BRZ-03660,77469
BRZ-03661,77083
BRZ-03662,77450
BRZ-03663,77083
BRZ-03664,77099
BRZ-03665,77478
BRZ-03666,77406
BRZ-03667,77479
BRZ-03668,77498
BRZ-03669,77450
BRZ-03670,77407
BRZ-03671,77407
BRZ-03672,77406
BRZ-03673,77083
BRZ-03674,77406
BRZ-03675,77406
BRZ-03676,77072
BRZ-03677,77083
BRZ-03678,77479
BRZ-03679,77407
BRZ-03680,77479
BRZ-03681,77471
BRZ-03682,77082
BRZ-03683,77469
BRZ-03684,77498
BRZ-03685,77406
BRZ-03686,77406
BRZ-03687,77494
BRZ-03688,77407
BRZ-03689,77469
BRZ-03690,77407
BRZ-03691,77407
BRZ-03692,77083
BRZ-03693,77407
BRZ-03694,77441
BRZ-03695,77406
BRZ-03696,77498
BRZ-03697,77082
BRZ-03698,77083
BRZ-03699,77479
BRZ-03700,77407
BRZ-03701,77479
BRZ-03702,77441
BRZ-03703,77498
BRZ-03704,77479
BRZ-03705,77469
BRZ-03706,77479
BRZ-03707,77479
BRZ-03708,77099
BRZ-03709,77406
BRZ-03710,77469
BRZ-03711,77469
BRZ-03712,77479
BRZ-03713,77498
BRZ-03714,77407
BRZ-03715,77082
BRZ-03716,77479
BRZ-03717,77471
BRZ-03718,77407
BRZ-03719,77494
BRZ-03720,77406
BRZ-03721,77083
BRZ-03722,77498
BRZ-03723,77461
BRZ-03724,77469
BRZ-03725,77406
BRZ-03726,77494
BRZ-03727,77083
BRZ-03728,77406
BRZ-03729,77498
BRZ-03730,77441
BRZ-03731,77498
BRZ-03732,77498
BRZ-03733,77407
BRZ-03734,77479
BRZ-03735,77407
BRZ-03736,77083
BRZ-03737,77083
BRZ-03738,77441
BRZ-03739,77469
BRZ-03740,77469
BRZ-03741,77494
BRZ-03742,77407
BRZ-03743,77479
BRZ-03744,77471
BRZ-03745,77469
BRZ-03746,77494
BRZ-03747,77083
BRZ-03748,77406
BRZ-03749,77498
BRZ-03750,77406
BRZ-03751,77479
BRZ-03752,77469
BRZ-03753,77494
BRZ-03754,77469
BRZ-03755,77407
BRZ-03756,77083
BRZ-03757,77406
BRZ-03758,77407
BRZ-03759,77407
BRZ-03760,77406
BRZ-03761,77479
BRZ-03762,77498
BRZ-03763,77479
BRZ-03764,77083
BRZ-03765,77471
BRZ-03766,77479
BRZ-03767,77469
BRZ-03768,77498
BRZ-03769,77479
BRZ-03770,77407
BRZ-03771,77406
BRZ-03772,77407
BRZ-03773,77407
BRZ-03774,77478
BRZ-03775,77498
BRZ-03776,77471
BRZ-03777,77450
BRZ-03778,77407
BRZ-03779,77407
BRZ-03780,77469
BRZ-03781,77083
BRZ-03782,77479
BRZ-03783,77407
BRZ-03784,77479
BRZ-03785,77406
BRZ-03786,77469
BRZ-03787,77083
BRZ-03788,77461
BRZ-03789,77406
BRZ-03790,77471
BRZ-03791,77471
BRZ-03792,77494
BRZ-03793,77082
BRZ-03794,77469
BRZ-03795,77406
BRZ-03796,77469
BRZ-03797,77498
BRZ-03798,77479
BRZ-03799,77083
BRZ-03800,77407
BRZ-03801,77099
BRZ-03802,77407
BRZ-03803,77407
BRZ-03804,77479
BRZ-03805,77407
BRZ-03806,77083
BRZ-03807,77406
BRZ-03808,77471
BRZ-03809,77083
BRZ-03810,77407
BRZ-03811,77441
BRZ-03812,77471
BRZ-03813,77406
BRZ-03814,77469
BRZ-03815,77083
BRZ-03816,77498
BRZ-03817,77406
BRZ-03818,77479
BRZ-03819,77406
BRZ-03820,77082
BRZ-03821,77479
BRZ-03822,77083
BRZ-03823,77407
BRZ-03824,77471
BRZ-03825,77407
BRZ-03826,77494
BRZ-03827,77471
BRZ-03828,77471
BRZ-03829,77469
BRZ-03830,77407
BRZ-03831,77498
BRZ-03832,77469
BRZ-03833,77469
BRZ-03834,77479
BRZ-03835,77479
BRZ-03836,77471
BRZ-03837,77494
BRZ-03838,77471
BRZ-03839,77498
BRZ-03840,77072
BRZ-03841,77469
BRZ-03842,77083
BRZ-03843,77469
BRZ-03844,77469
BRZ-03845,77494
BRZ-03846,77498
BRZ-03847,77441
BRZ-03848,77083
BRZ-03849,77494
BRZ-03850,77498
BRZ-03851,77083
BRZ-03852,77478
BRZ-03853,77471
BRZ-03854,77083
BRZ-03855,77479
BRZ-03856,77072
BRZ-03857,77406
BRZ-03858,77406
BRZ-03859,77469
BRZ-03860,77083
BRZ-03861,77479
BRZ-03862,77407
BRZ-03863,77498
BRZ-03864,77469
BRZ-03865,77498
BRZ-03866,77471
BRZ-03867,77494
BRZ-03868,77407
BRZ-03869,77407
BRZ-03870,77083
BRZ-03871,77469
BRZ-03872,77407
BRZ-03873,77469
BRZ-03874,77479
BRZ-03875,77498
BRZ-03876,77498
BRZ-03877,77450
BRZ-03878,77479
BRZ-03879,77498
BRZ-03880,77083
BRZ-03881,77407
BRZ-03882,77406
BRZ-03883,77406
BRZ-03884,77479
BRZ-03885,77479
BRZ-03886,77083
BRZ-03887,77407
BRZ-03888,77450
BRZ-03889,77461
BRZ-03890,77494
BRZ-03891,77407
BRZ-03892,77407
BRZ-03893,77406
BRZ-03894,77471
BRZ-03895,77469
BRZ-03896,77469
BRZ-03897,77498
BRZ-03898,77471
BRZ-03899,77406
BRZ-03900,77479
BRZ-03901,77406
BRZ-03902,77469
BRZ-03903,77494
BRZ-03904,77471
BRZ-03905,77441
BRZ-03906,77082
BRZ-03907,77406
BRZ-03908,77478
BRZ-03909,77469
BRZ-03910,77498
BRZ-03911,77478
BRZ-03912,77471
BRZ-03913,77479
BRZ-03914,77407
BRZ-03915,77407
BRZ-03916,77479
BRZ-03917,77479
BRZ-03918,77469
BRZ-03919,77479
BRZ-03920,77099
BRZ-03921,77083
BRZ-03922,77498
BRZ-03923,77494
BRZ-03924,77083
BRZ-03925,77406
BRZ-03926,77479
BRZ-03927,77469
BRZ-03928,77450
BRZ-03929,77407
BRZ-03930,77469
BRZ-03931,77407
BRZ-03932,77407
BRZ-03933,77406
BRZ-03934,77083
BRZ-03935,77498
BRZ-03936,77471
BRZ-03937,77072
BRZ-03938,77407
BRZ-03939,77469
BRZ-03940,77083
BRZ-03941,77469
BRZ-03942,77469
BRZ-03943,77407
BRZ-03944,77407
BRZ-03945,77479
BRZ-03946,77479
BRZ-03947,77469
BRZ-03948,77406
BRZ-03949,77406
BRZ-03950,77469
BRZ-03951,77471
BRZ-03952,77498
BRZ-03953,77082
BRZ-03954,77083
BRZ-03955,77083
BRZ-03956,77498
BRZ-03957,77407
BRZ-03958,77471
BRZ-03959,77461
BRZ-03960,77469
BRZ-03961,77407
BRZ-03962,77494
BRZ-03963,77479
BRZ-03964,77478
BRZ-03965,77083
BRZ-03966,77083
BRZ-03967,77407
BRZ-03968,77407
BRZ-03969,77494
BRZ-03970,77083
BRZ-03971,77083
BRZ-03972,77479
BRZ-03973,77478
BRZ-03974,77494
BRZ-03975,77407
BRZ-03976,77461
BRZ-03977,77083
BRZ-03978,77406
BRZ-03979,77407
BRZ-03980,77479
BRZ-03981,77083
BRZ-03982,77498
BRZ-03983,77469
BRZ-03984,77469
BRZ-03985,77469
BRZ-03986,77494
BRZ-03987,77469
BRZ-03988,77469
BRZ-03989,77083
BRZ-03990,77471
BRZ-03991,77469
BRZ-03992,77406
BRZ-03993,77479
BRZ-03994,77407
BRZ-03995,77479
BRZ-03996,77498
BRZ-03997,77479
BRZ-03998,77407
BRZ-03999,77471
BRZ-04000,77479
