property_id,address,hwm_id,site_id,latitude,longitude,surveyed_ft,hwm_quality,hwm_type,hwm_environment,waterbody,flag_date,survey_date,base_mean_db_mean,base_mean_db_min,base_std_db_mean,base_std_db_min,hand_ft_mean,hand_ft_min,perm_water_mean,perm_water_min,slope_deg_mean,slope_deg_min,vv_20170829_mean,vv_20170829_min,vv_db_mean,vv_db_min,z_20170829_mean,z_20170829_min,z_mean,z_min,pass_absolute,pass_change,pass_slope,pass_not_perm,pass_all
22029,HWM 22029,22029,21420,29.85088,-95.77355,2.65,Poor: +/- 0.40 ft,Seed line,Riverine,South Mayde Cr,2017-09-10T05:00:00,2017-09-10T05:00:00,-10.116083130844892,-11.45858094474963,0.7044827134171883,0.5752363735181363,0.6196121832958432,0.0,0.0,0,1.2588416875484294,0.22901382648732568,-8.979403767162252,-13.730730716599572,-8.979403767162252,-13.730730716599572,1.4231330431893678,-2.5348740564643957,1.4231330431893678,-2.5348740564643957,False,True,True,True,False
22030,HWM 22030,22030,21420,29.8518,-95.77282,2.64,Poor: +/- 0.40 ft,Mud,Riverine,South Mayde Cr,2017-09-10T05:00:00,2017-09-10T05:00:00,-12.002348578136067,-14.425829067382063,0.9436553862869186,0.6550550809255908,4.58181332351853,0.0,0.0,0,0.2994380148784186,0.10614210513528548,-11.681005828189688,-14.00418251489229,-11.681005828189688,-14.00418251489229,0.3512151693442091,-0.35388469390701865,0.35121516934420927,-0.35388469390701865,False,False,True,True,False
22031,HWM 22031,22031,21422,29.87522,-95.76947,0.58,Good: +/- 0.10 ft,Seed line,Riverine,Bear Cr,2017-09-10T05:00:00,2017-09-10T05:00:00,-10.590907069882928,-11.932915802339473,0.8696444772535186,0.7310937479410675,0.6266584471837633,0.0,0.0,0,2.041512565564765,0.1333958348982497,-10.721652475646613,-11.962890005138469,-10.721652475646613,-11.962890005138469,-0.1517530349196884,-1.3868724379790809,-0.1517530349196882,-1.3868724379790809,False,False,True,True,False
22032,HWM 22032,22032,21422,29.87501,-95.77007,0.91,Fair: +/- 0.20 ft,Seed line,Riverine,Bear Cr,2017-09-10T05:00:00,2017-09-10T05:00:00,-10.960192686551787,-12.34075390524023,1.432797797859169,0.7310937479410675,0.48722124277614587,0.0,0.0,0,2.064511571336391,0.42149203328671203,-12.404769088823764,-16.669187675930445,-12.404769088823764,-16.66918767593045,-0.8185155422494964,-1.9971131193471814,-0.8185155422494962,-1.997113119347183,True,False,True,True,False
22033,HWM 22033,22033,21423,29.86147,-95.73068,1.29,Good: +/- 0.10 ft,Debris,Riverine,Bear Cr,2017-09-10T05:00:00,2017-09-10T05:00:00,-13.279255018687449,-14.48862117360391,0.8702007988977112,0.7370597760685498,2.427505547887989,0.0,0.0,0,2.6671038042801865,0.3438862628742564,-11.154198612636348,-13.512729078325883,-11.154198612636348,-13.512729078325883,2.304074944517251,-1.2863993670320006,2.304074944517251,-1.2863993670320006,False,False,True,True,False
22034,HWM 22034,22034,21423,29.86147,-95.72979,1.47,Fair: +/- 0.20 ft,Seed line,Riverine,Bear Cr,2017-09-10T05:00:00,2017-09-10T05:00:00,-10.264291396276464,-11.536489926807112,1.1161490881244962,0.8476570067974506,0.5860280869678888,0.0,0.0,0,3.0668333554146283,0.20729453984371754,-7.624234521609662,-12.12175112841416,-7.624234521609663,-12.12175112841416,2.2951412744526425,-0.8400203631799558,2.295141274452642,-0.8400203631799558,False,False,True,True,False
22037,HWM 22037,22037,21426,29.91324,-95.68169,5.85,Poor: +/- 0.40 ft,Debris,Riverine,Horsepen Cr,2017-09-10T05:00:00,2017-09-10T05:00:00,-15.92793820358676,-20.075398046669292,1.2378977251554584,0.877911645081763,2.2422966905362354,0.0,0.07154088050314464,0,2.7511759405675424,0.0,-12.691725608101562,-16.08052955808163,-12.691725608101562,-16.08052955808163,2.691334469632445,0.10851331629101686,2.691334469632445,0.10851331629101686,True,False,True,True,False
21648,HWM 21648,21648,21179,29.78443,-95.84458,4.12,Good: +/- 0.10 ft,Vegetation line,Riverine,Snake Cr,2017-09-08T05:00:00,2017-09-08T05:00:00,-7.913049919723977,-9.36650597894958,0.8902693712757159,0.6200056872024836,0.2959085552726707,0.0,0.0,0,1.3824190025618561,0.3016566729187938,-7.243761670424856,-8.876671659466346,-7.243761670424856,-8.876671659466346,0.759207523482575,0.06198198658569685,0.759207523482575,0.06198198658569685,False,False,True,True,False
22040,HWM 22040,22040,21427,29.94112,-95.72098,2.23,Fair: +/- 0.20 ft,Seed line,Riverine,Cypress Creek,2017-09-10T05:00:00,2017-09-10T05:00:00,-13.654452477077362,-14.493896115077147,1.086924716883772,0.8178329238431198,0.8735991897646213,0.6561705030822754,0.0,0,0.9812929893970236,0.14498257021391273,-10.204787016096617,-12.419312098434794,-10.204787016096617,-12.419312098434794,3.191119974794107,1.5456813101501097,3.191119974794107,1.5456813101501097,False,False,True,True,False
21662,HWM 21662,21662,21193,29.76528,-95.82202,1.55,Good: +/- 0.10 ft,Seed line,Riverine,Buffalo Bayou,2017-09-08T05:00:00,2017-09-08T05:00:00,-10.651585335576264,-12.418776565808368,0.8179470416321015,0.6513181942188878,1.6962896054239542,0.0,0.0,0,2.7218420789572426,0.1989474470520559,-0.6474685761685284,-6.983015966264336,-0.6474685761685284,-6.983015966264336,11.707122696268716,5.5902825000663166,11.707122696268716,5.5902825000663166,False,False,True,True,False
21664,HWM 21664,21664,21193,29.76425,-95.82276,3.4,Fair: +/- 0.20 ft,Debris,Riverine,Buffalo Bayou,2017-09-08T05:00:00,2017-09-08T05:00:00,-10.499760900306109,-12.538037121464738,0.8365070880876758,0.6222370446763547,1.4911039779390347,0.0,0.0,0,4.142443100564455,0.6195601362730078,-7.982291482003021,-9.38793299022199,-7.982291482003021,-9.38793299022199,2.946959366891618,0.7204387176717663,2.946959366891618,0.7204387176717663,False,False,True,True,False
21667,HWM 21667,21667,21195,29.74534,-95.78379,1.23,Excellent: +/- 0.05 ft,Seed line,Riverine,Buffalo Bayou,2017-09-08T05:00:00,2017-09-08T05:00:00,-11.052486503464266,-12.979875580471601,1.0258173514861029,0.841495912058531,1.1490666900580058,0.0,0.0,0,3.7077610348077683,0.21653313984441247,-6.224984557083994,-12.338736551663569,-6.224984557083994,-12.338736551663569,4.713840042888342,0.13742370939814422,4.713840042888342,0.13742370939814422,False,False,True,True,False
21668,HWM 21668,21668,21195,29.74527,-95.78409,1.44,Excellent: +/- 0.05 ft,Seed line,Riverine,Buffalo Bayou,2017-09-08T05:00:00,2017-09-08T05:00:00,-10.196103901797725,-12.161114705924765,0.9464768661291579,0.6257433984826714,1.3630458332709185,0.0,0.0,0,2.989833086437141,0.24315862975503996,-4.911771111026752,-10.86234597439012,-4.911771111026752,-10.86234597439012,5.621642744784027,1.3513602979350001,5.621642744784027,1.3513602979350001,False,False,True,True,False
25169,HWM 25169,25169,23176,29.781228,-95.613876,3.4,Excellent: +/- 0.05 ft,Seed line,Riverine,Buffalo Bayou Trib,2017-09-25T05:00:00,2017-09-26T05:00:00,-10.763128322233609,-11.629118521324546,0.620839254689182,0.5167881855101597,3.8966919328070424,2.2965905030822755,0.0,0,2.3777500241188596,0.0843496647998189,-9.453030273441309,-11.323085978456376,-9.453030273441309,-11.323085978456376,1.637622560990374,-0.013093373445474121,1.637622560990374,-0.013093373445474121,False,False,True,True,False
25171,HWM 25171,25171,23177,29.92373,-95.58727,4.9,Good: +/- 0.10 ft,Seed line,Riverine,White Oak Bayou,2017-09-25T05:00:00,2017-09-26T05:00:00,-12.258558041405134,-14.214898810940578,0.8421371026244171,0.6341227936231562,4.570018069077862,3.9370105030822753,0.0,0,4.2690607832688805,0.4442763961234142,-11.704511536442391,-16.851004660563255,-11.704511536442391,-16.851004660563255,0.7383477874125639,-2.762503262742004,0.7383477874125638,-2.762503262742004,True,True,True,True,True
25179,HWM 25179,25179,23181,29.88709,-95.5325,4.0,Excellent: +/- 0.05 ft,Seed line,Riverine,Rolling Fork,2017-09-26T05:00:00,2017-09-26T05:00:00,-8.796626130765041,-9.390772727457238,0.6746224450192093,0.4675145725366449,0.2317028100769452,0.0,0.0,0,2.8373921316946196,0.1579500903550394,-7.230386335227725,-8.208079472212244,-7.230386335227725,-8.208079472212244,1.9570093399784783,1.240427286075585,1.9570093399784783,1.240427286075585,False,False,True,True,False
25175,HWM 25175,25175,23179,29.88837,-95.57372,1.2,Excellent: +/- 0.05 ft,Seed line,Riverine,White Oak Bayou Trib,2017-09-25T05:00:00,2017-09-26T05:00:00,-10.364156502651042,-11.709457721472058,0.8970880412069963,0.6392097512068803,0.2610439227329834,0.0,0.0,0,1.8596677649019193,0.21502231480381367,-9.321935764489043,-10.001610202631515,-9.321935764489043,-10.001610202631515,1.1634678639378935,0.07384367464019867,1.1634678639378935,0.07384367464019867,False,False,True,True,False
25184,HWM 25184,25184,23184,29.75367,-95.54056,2.0,Excellent: +/- 0.05 ft,Seed line,Riverine,Buffalo Bayou,2017-09-26T05:00:00,2017-09-26T05:00:00,-9.88811741844979,-10.918623203662554,0.6856596471768508,0.5694794882927495,10.870725359925164,0.6561705030822754,0.0,0,4.329202117916922,0.2547891200417815,-7.750864220484152,-9.347378580727328,-7.750864220484152,-9.347378580727328,2.6549602044882774,0.7648771014202604,2.6549602044882774,0.7648771014202604,False,False,True,True,False
25187,HWM 25187,25187,23186,29.86273,-95.46898,1.9,Excellent: +/- 0.05 ft,Seed line,Riverine,White Oak Bayou,2017-09-27T05:00:00,2017-09-27T05:00:00,-10.976353977801484,-11.99576184906507,0.8303655765826464,0.6709821914270574,3.774586882637468,0.0,0.0,0,2.022502470631047,0.1337490844790249,-10.342345509522742,-12.673733826705732,-10.342345509522742,-12.673733826705732,0.7589641742906721,-0.8332370651470693,0.7589641742906721,-0.8332370651470693,False,False,True,True,False
25189,HWM 25189,25189,23188,29.826044,-95.481466,1.1,Good: +/- 0.10 ft,Seed line,Riverine,Brickhouse Gully,2017-09-27T05:00:00,2017-09-27T05:00:00,-9.916781646275659,-12.292137399679634,0.9792679899421957,0.6766346639786993,0.2753480092910417,0.0,0.0,0,2.9205378050395745,0.23697107484678176,-7.656541616269433,-11.255479435858938,-7.656541616269433,-11.255479435858938,2.3471672815032987,0.6977423952469812,2.3471672815032987,0.6977423952469812,False,False,True,True,False
25201,HWM 25201,25201,23196,29.77798,-95.48255,1.9,Excellent: +/- 0.05 ft,Seed line,Riverine,Spring Branch Bayou,2017-09-28T05:00:00,2017-09-28T05:00:00,-9.062200014054358,-10.924759936129913,0.8543113926083725,0.6020859394032972,3.3734675861014476,0.0,0.0,0,9.693180618928675,0.12773041963900345,-7.851861398352099,-10.306975482773485,-7.851861398352099,-10.306975482773487,1.349349364299355,-1.6354783883015456,1.349349364299355,-1.6354783883015473,False,False,True,True,False
22611,HWM 22611,22611,21791,29.721307,-95.565625,5.21,Good: +/- 0.10 ft,Seed line,Riverine,unknown,2017-09-07T05:00:00,2017-09-07T05:00:00,-10.116271735388992,-12.278739281896216,0.816367528697095,0.6147258012483763,0.1448351031328757,0.0,0.0,0,4.750719397405205,0.3280726923373586,-8.79863255777547,-10.632081751033787,-8.79863255777547,-10.632081751033787,1.5352247877209295,-0.23701056915796936,1.5352247877209295,-0.23701056915796936,False,False,True,True,False
22621,HWM 22621,22621,21791,29.7212186,-95.565607,8.5,Good: +/- 0.10 ft,Seed line,Riverine,unknown,2017-09-07T05:00:00,2017-09-07T05:00:00,-10.38086403128237,-12.278739281896216,0.8313460655777948,0.6147258012483763,0.21579108815876089,0.0,0.0,0,4.99686257346184,0.44832016465288366,-9.050951631119077,-10.632081751033787,-9.050951631119077,-10.632081751033787,1.531569717116301,-0.19412018703007453,1.531569717116301,-0.19412018703007453,False,False,True,True,False
22676,HWM 22676,22676,21825,29.99411,-95.54108,5.34,Fair: +/- 0.20 ft,Debris,Riverine,Cypress Cr,2017-09-13T05:00:00,2017-09-13T05:00:00,-10.52204589855114,-13.171733881208135,0.845118436583202,0.6495189328248616,8.741958103032037,4.265089496917724,0.0,0,1.1936094424158834,0.2157556447303338,-6.877242044696907,-13.714110467595882,-6.877242044696907,-13.714110467595882,4.070516101831046,-1.359530185895288,4.070516101831046,-1.359530185895288,False,False,True,True,False
25182,HWM 25182,25182,23183,29.76639,-95.57567,0.6,Fair: +/- 0.20 ft,Seed line,Riverine,White Oak Bayou,2017-09-26T05:00:00,2017-09-26T05:00:00,-10.099511483207488,-11.318422059790718,0.9956922981118879,0.6391822092442623,10.502834628529298,0.0,0.0,0,2.358201967407425,0.09782609911620781,-9.11463560743197,-10.500878505218534,-9.11463560743197,-10.500878505218534,1.1714115834169245,-0.5359309623183464,1.1714115834169245,-0.5359309623183464,False,False,True,True,False
22249,HWM 22249,22249,21557,29.8575,-95.62362,2.69,Good: +/- 0.10 ft,Seed line,Riverine,Langham Cr.,2017-09-11T05:00:00,2017-09-11T05:00:00,-10.603663362431483,-12.087777916230705,0.7209819588351974,0.5646722184965008,13.44212764872862,6.889771509246826,0.0,0,0.738342493722999,0.21756735802093094,-6.34068853555476,-7.885699971349191,-6.34068853555476,-7.885699971349191,5.235123357040281,1.9141572029441603,5.235123357040281,1.9141572029441603,False,False,True,True,False
22251,HWM 22251,22251,21558,29.84466,-95.637,2.18,Good: +/- 0.10 ft,Seed line,Riverine,Bear Cr,2017-09-11T05:00:00,2017-09-11T05:00:00,-10.120856400208483,-11.11262418717262,0.8496840462107077,0.5832662319365665,1.9118234730433703,1.3123410061645508,0.0,0,1.3993171345027284,0.13560676012547254,-8.461316924064901,-9.846972906084158,-8.461316924064901,-9.846972906084158,1.9465350663969112,-0.45285769597504905,1.9465350663969112,-0.45285769597504905,False,False,True,True,False
22252,HWM 22252,22252,21559,29.83113,-95.64628,5.0,Good: +/- 0.10 ft,Seed line,Riverine,Bear Creek,2017-09-11T05:00:00,2017-09-11T05:00:00,-6.435007822272794,-10.768531302877513,0.8288768320831654,0.6258176607172624,3.825706978090505,0.0,0.0,0,0.5980776768152707,0.2137683004458215,-3.9829412263356985,-8.506170123036046,-3.9829412263356985,-8.506170123036046,2.845234461243204,1.18472084218109,2.845234461243204,1.18472084218109,False,False,True,True,False
22253,HWM 22253,22253,21560,29.83597,-95.63039,8.4,Good: +/- 0.10 ft,Seed line,Riverine,Langham Cr,2017-09-11T05:00:00,2017-09-11T05:00:00,-11.954386277260497,-14.852418576178952,0.9034975535281987,0.6881908543892524,10.685519295829973,7.545929496917725,0.0,0,0.7263542320126386,0.06440290149843357,-10.438141406161325,-16.003286008616435,-10.438141406161325,-16.003286008616435,1.6559458665110587,-1.3681937082919466,1.6559458665110587,-1.3681937082919466,True,False,True,True,False
21855,HWM 21855,21855,21336,29.71693,-95.74408,2.73,Fair: +/- 0.20 ft,Stain line,Riverine,Buffalo Bayou,2017-09-09T05:00:00,2017-09-09T05:00:00,-11.446692782250963,-13.024393425716232,0.8877542031210073,0.6985710260400497,6.508990179986984,0.0,0.0,0,0.6053216427243077,0.11652016387430518,-8.908858690561402,-11.920969130545409,-8.908858690561402,-11.920969130545409,2.7762951190195495,0.1415940225112977,2.7762951190195495,0.1415940225112977,False,False,True,True,False
21856,HWM 21856,21856,21336,29.71575,-95.74281,1.33,Fair: +/- 0.20 ft,Seed line,Riverine,Buffalo Bayou,2017-09-09T05:00:00,2017-09-09T05:00:00,-8.868225073661748,-10.036646138531474,0.6611875312195883,0.4565009127177806,17.130943391042297,13.451445251541138,0.0,0,0.34096505471946603,0.0858780843310189,-4.099622286602211,-7.842971598398378,-4.099622286602211,-7.842971598398378,5.928990664152531,2.634481004251135,5.928990664152531,2.634481004251135,False,False,True,True,False
21859,HWM 21859,21859,21341,29.77655,-95.68803,1.6,Fair: +/- 0.20 ft,Seed line,Riverine,Buffalo Bayou,2017-09-09T05:00:00,2017-09-09T05:00:00,-13.015181857358865,-14.156889151580792,0.9041472621209427,0.7805233543165162,34.601209150380036,24.6063,0.0,0,0.4908261215237409,0.13080354514361847,-10.09749552915178,-14.889315482605355,-10.09749552915178,-14.889315482605355,3.25716598610136,-1.7306241177683113,3.25716598610136,-1.7306241177683113,False,False,True,True,False
21864,HWM 21864,21864,21341,29.77657,-95.68904,1.52,Good: +/- 0.10 ft,Seed line,Riverine,Buffalo Bayou,2017-09-09T05:00:00,2017-09-09T05:00:00,-10.422057385518533,-11.338274420994283,1.0258323342725941,0.7407949391551798,10.435527508142666,8.858270503082275,0.0,0,0.7080381871045477,0.047645465544425676,-4.341915677819489,-7.65282509427245,-4.341915677819489,-7.65282509427245,5.969686887970962,3.7424657877452954,5.969686887970962,3.7424657877452954,False,False,True,True,False
21865,HWM 21865,21865,21342,29.76068,-95.70302,2.72,Good: +/- 0.10 ft,Seed line,Riverine,Buffalo Bayou,2017-09-09T05:00:00,2017-09-09T05:00:00,-9.102951568277295,-9.776969084908808,0.8994625053308408,0.7832350105260554,31.93316756262415,22.30971575462341,0.0,0,0.8966261046344091,0.2101907963875039,-5.100783011617797,-7.351651316420101,-5.100783011617797,-7.351651316420101,4.4671865239206765,2.189053052300786,4.4671865239206765,2.189053052300786,False,False,True,True,False
21872,HWM 21872,21872,21348,29.79984,-95.69312,5.74,Good: +/- 0.10 ft,Seed line,Riverine,South Mayde Creek,2017-09-09T05:00:00,2017-09-09T05:00:00,-11.279215650363001,-12.229847294943372,1.21188946959115,0.7813968394106311,4.098906675227305,1.64042,0.0,0,0.35134634348449023,0.07270368781644108,-9.38536162795881,-13.197224178791734,-9.38536162795881,-13.197224178791734,1.6086377096988078,-1.3327059791059532,1.6086377096988078,-1.3327059791059532,False,False,True,True,False
21873,HWM 21873,21873,21349,29.80842,-95.67383,5.96,Good: +/- 0.10 ft,Seed line,Riverine,South Mayde Creek,2017-09-09T05:00:00,2017-09-09T05:00:00,-11.519389770746535,-12.277538366139755,0.6920178974464631,0.5478964792208603,14.29018807715674,4.593174748458862,0.0,0,0.5199199064711211,0.12778430485395162,-8.665525474553839,-10.9938327381903,-8.665525474553839,-10.9938327381903,3.5245331587998368,0.9932517019615266,3.5245331587998368,0.9932517019615266,False,False,True,True,False
22787,HWM 22787,22787,21881,29.702005,-95.693301,1.52,Good: +/- 0.10 ft,Other,Riverine,unknown,2017-09-07T05:00:00,2017-09-07T05:00:00,-9.072295905872908,-10.913274886908447,0.7807967278362086,0.5811058031961308,5.554848279968395,4.593174748458862,0.0,0,0.7565203419048167,0.2003907761062666,-5.531487647148061,-6.66892328390385,-5.531487647148061,-6.66892328390385,4.19964917431532,2.231110109471764,4.19964917431532,2.231110109471764,False,False,True,True,False
22789,HWM 22789,22789,21881,29.701947,-95.693259,1.76,Good: +/- 0.10 ft,Debris,Riverine,unknown,2017-09-07T05:00:00,2017-09-07T05:00:00,-9.031173845379751,-10.913274886908447,0.7644940535215989,0.5811058031961308,5.56784126606295,4.593174748458862,0.0,0,0.7606085113611195,0.2003907761062666,-5.529526111511164,-7.77243790157441,-5.529526111511164,-7.77243790157441,4.198722692158172,1.4131528233170387,4.198722692158172,1.4131528233170387,False,False,True,True,False
21661,HWM 21661,21661,21192,29.77505,-95.83514,5.12,Fair: +/- 0.20 ft,Vegetation line,Riverine,Willow Fork,2017-09-08T05:00:00,2017-09-08T05:00:00,-11.344336794581054,-11.691156318757567,0.7964511163042812,0.6841256828226053,0.688354845024091,0.0,0.0,0,3.0578687485647915,0.15000053883833456,-11.159726215562781,-13.628889004255106,-11.159726215562781,-13.628889004255106,0.21770098513301883,-2.4933248438172537,0.21770098513301883,-2.4933248438172537,False,True,True,True,False
22802,HWM 22802,22802,21889,29.703453,-95.694509,1.66,Good: +/- 0.10 ft,Other,Riverine,unknown,2017-09-07T05:00:00,2017-09-07T05:00:00,-9.282570199859084,-10.756128310551818,0.9459231096574199,0.6143785926024524,6.804110083021697,6.233594748458862,0.0,0,0.9263340533033684,0.11076314703656864,-3.849846263191941,-5.843668032840289,-3.849846263191941,-5.843668032840289,5.724093226159407,3.5418421323395717,5.724093226159407,3.5418421323395717,False,False,True,True,False
22803,HWM 22803,22803,21889,29.703405,-95.694521,1.62,Good: +/- 0.10 ft,Other,Riverine,unknown,2017-09-07T05:00:00,2017-09-07T05:00:00,-9.385958224386162,-10.756128310551818,0.9478749249999627,0.6143785926024524,6.820422311940961,6.233594748458862,0.0,0,0.9136562041818711,0.11076314703656864,-3.8554365785714446,-5.843668032840289,-3.8554365785714446,-5.843668032840289,5.825683486070498,3.5418421323395717,5.825683486070498,3.5418421323395717,False,False,True,True,False
22423,HWM 22423,22423,21686,29.94522,-95.65133,2.75,Poor: +/- 0.40 ft,Debris,Riverine,Cypress cr,2017-09-12T05:00:00,2017-09-12T05:00:00,-12.129981046313993,-13.622073689657695,1.1993582446605875,0.713377823123994,3.0743531027376734,2.952761006164551,0.0,0,0.5285664922891304,0.10464908817151669,-10.705329197350546,-11.987730287757554,-10.705329197350546,-11.987730287757554,1.2725895305465926,-0.2636434516579756,1.2725895305465926,-0.2636434516579756,False,False,True,True,False
22424,HWM 22424,22424,21687,29.9522,-95.64955,5.55,Poor: +/- 0.40 ft,Seed line,Riverine,Cypress Cr,2017-09-12T05:00:00,2017-09-12T05:00:00,-11.633234780988504,-12.743945119621664,1.011870199468456,0.7424978485519974,5.016033703379103,0.0,0.0,0,2.391766244639354,0.16406679333610347,-12.084812693167928,-15.987057966848576,-12.084812693167928,-15.987057966848576,-0.44353688033197813,-3.0031141883096972,-0.4435368803319784,-3.0031141883096972,False,True,True,True,False
22427,HWM 22427,22427,21691,29.99092,-95.65353,5.3,Poor: +/- 0.40 ft,Debris,Riverine,Little Cypress Cr,2017-09-12T05:00:00,2017-09-12T05:00:00,-10.975998520709904,-12.389067608117534,1.0438972888088633,0.7845032813924442,5.036205298608209,4.265089496917724,0.0,0,1.3205194467429402,0.1990955346283809,-7.356496280182212,-11.278089186354055,-7.356496280182211,-11.278089186354055,3.3038110324494188,-0.840886721942585,3.3038110324494188,-0.840886721942585,False,False,True,True,False
22019,HWM 22019,22019,21415,29.82303,-95.74633,1.95,Poor: +/- 0.40 ft,Debris,Riverine,South Mayde Cr,2017-09-10T05:00:00,2017-09-10T05:00:00,-13.376772139407633,-14.25302846726995,0.7822524473269464,0.646646608175447,4.553671167526155,0.0,0.0,0,2.223014984144801,0.24313686796549144,-13.912808967706727,-15.82144510866429,-13.912808967706727,-15.82144510866429,-0.6882083920788222,-3.5160345874910104,-0.6882083920788222,-3.5160345874910104,False,True,True,True,False
29143,HWM 29143,29143,25061,29.846791,-95.605332,1.8,Excellent: +/- 0.05 ft,Mud,Riverine,Lakes on Eldridge,2017-08-30T05:00:00,2018-05-15T05:00:00,-5.329975519235726,-9.838453172703455,1.1081817250304185,0.8453970116036829,4.058292431612422,3.9370105030822753,0.0,0,1.0931695883615078,0.08844624125777806,-3.693794268024867,-8.48633757140967,-3.693794268024867,-8.48633757140967,1.4950776920530442,-0.8805668622127791,1.4950776920530442,-0.8805668622127791,False,False,True,True,False
29144,HWM 29144,29144,25062,29.847128,-95.59905,3.5,Fair: +/- 0.20 ft,Mud,Riverine,Lakes on Eldridge,2017-08-30T05:00:00,2018-05-15T05:00:00,-9.352796521045653,-10.88303913272496,0.6858721187201686,0.45698115306758424,4.6680391501528575,4.265089496917724,0.0,0,0.9057480267977366,0.34964638339780113,-7.44059325614092,-10.161412481942138,-7.44059325614092,-10.161412481942138,2.3897125147555784,0.016889386263874415,2.3897125147555784,0.016889386263874415,False,False,True,True,False
29156,HWM 29156,29156,25062,29.847128,-95.59905,1.5,Good: +/- 0.10 ft,Seed line,Riverine,Lakes on Eldridge,2017-08-30T05:00:00,2018-05-15T05:00:00,-9.352796521045653,-10.88303913272496,0.6858721187201686,0.45698115306758424,4.6680391501528575,4.265089496917724,0.0,0,0.9057480267977366,0.34964638339780113,-7.44059325614092,-10.161412481942138,-7.44059325614092,-10.161412481942138,2.3897125147555784,0.016889386263874415,2.3897125147555784,0.016889386263874415,False,False,True,True,False
29146,HWM 29146,29146,25064,29.863403,-95.621546,1.8,Fair: +/- 0.20 ft,Seed line,Riverine,Horsepen Creek,2017-08-30T05:00:00,2018-05-15T05:00:00,-10.001862693939048,-11.59781277545593,0.9573758905257166,0.7466213367906779,17.88530655810125,15.748035754623412,0.0,0,1.153759355600241,0.258614366028588,-5.941578734527347,-8.198875598406257,-5.941578734527347,-8.198875598406257,4.392745448727271,1.2431698827781803,4.392745448727271,1.2431698827781803,False,False,True,True,False
33196,HWM 33196,33196,26212,29.77339,-95.640122,2.5,Unknown/Historical,Other,Riverine,Buffalo Bayou,2018-06-20T05:00:00,2018-06-20T05:00:00,-6.42750620619462,-8.465866429384787,0.7946779042314046,0.6292098386492773,0.8199539777852762,0.0,0.0,0,0.7026477699351961,0.24065352954024566,-4.1734634240710555,-7.617438618631035,-4.1734634240710555,-7.617438618631035,2.7295483923562625,0.35411672611256756,2.7295483923562625,0.35411672611256756,False,False,True,True,False
33271,HWM 33271,33271,26220,29.7680811,-95.5829731,1.0,Fair: +/- 0.20 ft,Other,Riverine,Buffalo Bayou,2018-06-21T05:00:00,2018-06-21T05:00:00,-8.31173394672948,-9.124335966974996,0.8273448426066042,0.6054881096568928,17.255465082281294,12.467195754623413,0.0,0,1.462497190144797,0.10350234220088332,-7.160188888449132,-8.634634973556507,-7.160188888449132,-8.634634973556507,1.3147850950424833,0.3899848161910931,1.3147850950424833,0.3899848161910931,False,False,True,True,False
33272,HWM 33272,33272,26220,29.7680811,-95.5829731,1.0,Fair: +/- 0.20 ft,Other,Riverine,Buffalo Bayou,2018-06-21T05:00:00,2018-06-21T05:00:00,-8.31173394672948,-9.124335966974996,0.8273448426066042,0.6054881096568928,17.255465082281294,12.467195754623413,0.0,0,1.462497190144797,0.10350234220088332,-7.160188888449132,-8.634634973556507,-7.160188888449132,-8.634634973556507,1.3147850950424833,0.3899848161910931,1.3147850950424833,0.3899848161910931,False,False,True,True,False
33273,HWM 33273,33273,26221,29.7663126,-95.5741365,2.4,Fair: +/- 0.20 ft,Other,Riverine,Buffalo Bayou,2018-06-21T05:00:00,2018-06-21T05:00:00,-9.870784366187335,-10.851503332147,0.7849298447626101,0.6374890581304081,6.117192858175717,0.0,0.0,0,0.9227283455945225,0.43155353286502934,-7.509391751124487,-9.798360809919629,-7.509391751124487,-9.798360809919629,2.763169623380937,0.05985730455791753,2.763169623380937,0.05985730455791753,False,False,True,True,False
33278,HWM 33278,33278,26224,29.76415,-95.56605,4.0,Fair: +/- 0.20 ft,Other,Riverine,Buffalo Bayou,2018-06-29T05:00:00,2018-06-29T05:00:00,-7.963817767358636,-9.014485318758352,1.060386322872592,0.613406548906128,10.914286834606715,0.0,0.0,0,1.5234735631416028,0.14852476131116388,-2.8837996708247093,-6.573009391799807,-2.8837996708247093,-6.573009391799807,5.058561057260542,2.5794030555181573,5.058561057260542,2.5794030555181573,False,False,True,True,False
33279,HWM 33279,33279,26224,29.76415,-95.56605,4.0,Fair: +/- 0.20 ft,Other,Riverine,Buffalo Bayou,2018-06-29T05:00:00,2018-06-29T05:00:00,-7.963817767358636,-9.014485318758352,1.060386322872592,0.613406548906128,10.914286834606715,0.0,0.0,0,1.5234735631416028,0.14852476131116388,-2.8837996708247093,-6.573009391799807,-2.8837996708247093,-6.573009391799807,5.058561057260542,2.5794030555181573,5.058561057260542,2.5794030555181573,False,False,True,True,False
33274,HWM 33274,33274,26222,29.76553113,-95.57129525,2.5,Fair: +/- 0.20 ft,Other,Riverine,Buffalo Bayou,2018-06-21T05:00:00,2018-06-21T05:00:00,-9.462734627019769,-9.92672183315413,0.6947373579157637,0.5415640877412111,18.585223830553595,17.716534748458862,0.0,0,0.5618582080823062,0.14148195830375343,-6.548843335935232,-8.513843086728615,-6.548843335935232,-8.513843086728615,3.6288964730820314,1.2488574796422518,3.6288964730820314,1.2488574796422518,False,False,True,True,False
33275,HWM 33275,33275,26222,29.76553113,-95.57129525,2.5,Fair: +/- 0.20 ft,Other,Riverine,Buffalo Bayou,2018-06-21T05:00:00,2018-06-21T05:00:00,-9.462734627019769,-9.92672183315413,0.6947373579157637,0.5415640877412111,18.585223830553595,17.716534748458862,0.0,0,0.5618582080823062,0.14148195830375343,-6.548843335935232,-8.513843086728615,-6.548843335935232,-8.513843086728615,3.6288964730820314,1.2488574796422518,3.6288964730820314,1.2488574796422518,False,False,True,True,False
33282,HWM 33282,33282,26226,29.76845,-95.6418,4.0,Fair: +/- 0.20 ft,Other,Riverine,Buffalo Bayou,2018-06-22T05:00:00,2108-06-22T05:00:00,-11.830619649379377,-12.351372139492044,0.725295124107124,0.48217687431817824,15.313517663864115,0.0,0.0,0,0.7014540697706774,0.12015188604169305,-8.973428705714536,-11.461492865209822,-8.973428705714536,-11.461492865209822,3.388847695976638,0.6022954832506011,3.388847695976638,0.6022954832506011,False,False,True,True,False
33277,HWM 33277,33277,26223,29.7642223,-95.5687656,2.0,Fair: +/- 0.20 ft,Other,Riverine,Buffalo Bayou,2018-06-21T05:00:00,2018-06-21T05:00:00,-8.031147013436572,-9.394177715282314,0.6800764365523657,0.5141463848539919,16.536032858467298,13.12336,0.0,0,0.5553064155805498,0.08785879428625289,-4.597046788034484,-7.477516638521903,-4.597046788034484,-7.477516638521903,4.292513247862023,1.5547475148979173,4.292513247862023,1.5547475148979173,False,False,True,True,False
33276,HWM 33276,33276,26223,29.7642223,-95.5687656,2.0,Fair: +/- 0.20 ft,Other,Riverine,Buffalo Bayou,2018-06-21T05:00:00,2018-06-21T05:00:00,-8.031147013436572,-9.394177715282314,0.6800764365523657,0.5141463848539919,16.536032858467298,13.12336,0.0,0,0.5553064155805498,0.08785879428625289,-4.597046788034484,-7.477516638521903,-4.597046788034484,-7.477516638521903,4.292513247862023,1.5547475148979173,4.292513247862023,1.5547475148979173,False,False,True,True,False
33299,HWM 33299,33299,26229,29.77133324,-95.62964572,1.5,Fair: +/- 0.20 ft,Other,Riverine,Buffalo Bayou,2018-06-22T05:00:00,2018-06-22T05:00:00,-7.344576876755675,-8.815667364593986,0.8999818343392983,0.4638780788223651,15.003590742051044,2.2965905030822755,0.0,0,0.37651102722118296,0.04043897387101041,-6.161287279561647,-7.41038974454597,-6.161287279561647,-7.41038974454597,1.2797755761641376,0.43147869532033006,1.2797755761641376,0.43147869532033006,False,False,True,True,False
29194,HWM 29194,29194,25083,29.710604,-95.729922,3.5,Fair: +/- 0.20 ft,Seed line,Riverine,Buffalo Bayou,2017-08-30T05:00:00,2018-05-15T05:00:00,-8.582121188020983,-9.986187035701434,0.9676351440017797,0.8114420954137608,15.029152469056424,14.107609496917725,0.0,0,0.8559389123682778,0.1669179273286982,-2.110320716756671,-3.4693884203284506,-2.110320716756671,-3.4693884203284506,6.793867942415812,3.3782074256240464,6.793867942415812,3.3782074256240464,False,False,True,True,False
33444,HWM 33444,33444,26443,29.8063423,-95.6888667,2.07,Fair: +/- 0.20 ft,Debris,Coastal,Gulf of America,2018-07-14T05:00:00,2018-07-14T05:00:00,-9.79258441746415,-10.168133946793946,0.8717162415029563,0.6395463814136646,11.443870892981638,8.858270503082275,0.0,0,0.47181903984220797,0.2529248384052515,-8.888111542893169,-10.220003460921182,-8.888111542893169,-10.220003460921182,1.05276646430559,-0.6911181214237471,1.0527664643055907,-0.6911181214237471,False,False,True,True,False
