fd_id,occtype,st_damcat,found_ht,found_type,num_story,sqft,ftprntsqft,val_struct,val_cont,ground_elv,med_yr_blt,firmzone,bldheight,usastrucid,longitude,latitude
123326198,RES1-1SNB,RES,0.75,S,1,1436.0,2004,132642.12375,66321.061875,102.91419,1982,X,2.82,,-95.641612057717,29.836681246908
123326205,RES1-1SNB,RES,0.75,S,1,1573.0,2233,140858.89654126816,70429.44827063408,103.21856,1982,X,3.23,,-95.641610984921,29.836819658136
123326215,RES1-1SNB,RES,0.75,S,1,1546.0,2026,139342.21245417206,69671.10622708603,103.33404,1982,X,3.12,,-95.641614925618,29.836942196227
123326226,RES1-1SNB,RES,0.75,S,1,1516.0,1970,138407.97748319004,69203.98874159502,103.52585,1982,X,3.09,,-95.641929227542,29.836827911265
123326228,RES1-1SNB,RES,0.75,S,1,1491.0,1887,135954.7413,67977.37065,103.554886,1982,X,2.74,,-95.641912114313,29.836687092301
123326237,RES1-1SNB,RES,0.75,S,1,1409.0,1844,130968.20444999999,65484.102224999995,103.24859,1982,X,2.43,,-95.641618806845,29.837083852337
123333165,RES3D,RES,0.5,S,2,19400.0,9700,2370732.3066240903,829756.3073184316,94.10676,2001,X,7.52,,-95.653283341122,29.79015282286
123342804,RES1-1SNB,RES,0.75,S,1,2296.0,2870,409378.3317789506,204689.1658894753,114.794815,2004,X,4.13,,-95.672790679028,29.832625912752
123342808,RES1-1SNB,RES,0.75,S,1,2906.0,1748,476592.8465813501,238296.42329067504,114.47007,2004,X,4.66,,-95.6733246946,29.832269974177
123342770,RES1-1SNB,RES,0.75,S,1,1975.0,2545,374244.54969950794,187122.27484975397,114.29694,2004,X,3.99,,-95.672579197666,29.833275715386
123342814,RES1-2SNB,RES,0.75,S,2,2994.0,2577,483075.2574836281,241537.62874181406,114.29822,2004,X,5.0,,-95.671803393489,29.833691353377
123342816,RES1-2SNB,RES,0.75,S,2,1684.0,2205,342787.7501948474,171393.8750974237,112.340904,2004,X,5.98,,-95.672918419617,29.831499397889
123342820,RES1-1SNB,RES,0.75,S,1,2864.0,2155,472335.90431251033,236167.95215625517,114.62495,2004,X,4.92,,-95.672813013339,29.83234607474
123342845,RES1-1SNB,RES,0.75,S,1,2259.0,2667,406615.08871942374,203307.54435971187,114.22501,2004,X,3.93,,-95.672793572221,29.832210969468
123342846,RES1-2SNB,RES,0.75,S,2,2144.0,2383,393637.2702189729,196818.63510948644,114.62645,2004,X,5.1,,-95.672804171458,29.832487728884
123342857,RES1-1SNB,RES,0.75,S,1,2426.0,2808,421435.70077173575,210717.85038586787,114.61108,2004,X,4.12,,-95.672803221579,29.833040545986
123342892,RES1-1SNB,RES,0.75,S,1,2174.0,2760,396871.6527081174,198435.8263540587,114.45401,2004,X,1.26,,-95.673270609601,29.832495732795
123342893,RES1-2SNB,RES,0.75,S,2,2195.0,2766,403144.1775289108,201572.0887644554,113.916275,2004,X,5.23,,-95.672817446261,29.832073060159
123342895,RES1-2SNB,RES,0.75,S,2,2880.0,2793,475122.73888613324,237561.36944306662,112.774994,2004,X,5.47,,-95.672889932469,29.831631100475
123342898,RES1-1SNB,RES,0.75,S,1,2004.0,2376,377713.82782682875,188856.91391341438,114.12841,2004,X,4.57,,-95.6728939747,29.833277472986
123342835,RES1-1SNB,RES,0.75,S,1,3217.0,3002,509686.3633136889,254843.18165684445,113.42976,2004,X,4.64,,-95.672873247829,29.831786063673
123342838,RES1-1SNB,RES,0.75,S,1,2015.0,2505,378162.2835617351,189081.14178086756,114.58293,2004,X,4.66,,-95.67281255593,29.832898684066
123342886,RES1-2SNB,RES,0.75,S,2,1939.0,2277,377119.327033721,188559.6635168605,111.67522,2004,X,5.55,,-95.672901869877,29.83137486057
123342887,RES1-1SNB,RES,0.75,S,1,2160.0,2554,395370.0822969452,197685.0411484726,114.290245,2004,X,4.2,,-95.672736042941,29.833265762957
123342928,RES1-2SNB,RES,0.75,S,2,1551.0,2176,316818.10007857,158409.050039285,114.85071,2004,X,5.04,,-95.672816333781,29.83275919317
123342935,RES1-1SNB,RES,0.75,S,1,2089.0,2687,395155.00952125905,197577.50476062953,113.506996,2004,X,4.68,,-95.672851217407,29.831932235899
123342861,RES1-1SNB,RES,0.75,S,1,2272.0,2698,408918.03712961863,204459.01856480932,115.1058,2004,X,4.23,,-95.671468018166,29.834026777122
123342874,RES1-1SWB,RES,2.0,B,1,2015.0,2568,517282.25152742356,258641.12576371178,114.28989,2004,X,4.46,,-95.671816466787,29.833968539265
123342909,RES1-2SNB,RES,0.75,S,2,2696.0,1936,452488.25273287983,226244.12636643992,114.43234,2004,X,5.27,,-95.671838222091,29.833829661687
123342914,RES1-1SNB,RES,0.75,S,1,1667.0,2267,333780.0205530566,166890.0102765283,114.435196,2004,X,4.06,,-95.673429281024,29.832505048757
123344349,RES1-1SNB,RES,0.75,S,1,1766.0,2296,346726.4692828283,173363.23464141414,114.61572,2004,X,4.88,,-95.672891351061,29.833720508667
123344351,RES1-1SNB,RES,0.75,S,1,2967.0,2396,480463.2845438585,240231.64227192925,114.17705,2004,X,3.08,,-95.672258618774,29.833734066103
123344359,RES1-1SNB,RES,0.75,S,1,2249.0,2754,403773.2186270618,201886.6093135309,114.56259,2004,X,3.86,,-95.672572141022,29.833725206287
123344367,RES1-1SNB,RES,0.75,S,1,1766.0,1997,346726.4692828283,173363.23464141414,114.405525,2004,X,4.53,,-95.672415527578,29.833712312338
123344347,RES1-1SNB,RES,0.75,S,1,2615.0,2079,443505.8492756442,221752.9246378221,114.61301,2004,X,4.68,,-95.672734061728,29.833719391062
123350829,RES1-1SNB,RES,0.75,S,1,1698.0,2181,227171.20968851473,113585.60484425737,106.115204,2001,X,4.64,,-95.688105515772,29.79744155497
123350882,RES1-1SNB,RES,0.75,S,1,1673.0,1999,223068.2418,111534.1209,105.96442,2001,X,5.19,,-95.687298686939,29.797623372403
123350887,RES1-1SNB,RES,0.75,S,1,1997.0,2486,246595.2986,123297.6493,106.193214,2001,X,5.29,,-95.687632644342,29.797794322572
123350889,RES1-1SNB,RES,0.75,S,1,1760.0,2223,232117.81819359507,116058.90909679754,106.33736,2001,X,4.66,,-95.688096035228,29.797805888893
123350849,RES1-1SNB,RES,0.75,S,1,1849.0,2158,236640.37459999998,118320.18729999999,106.38319,2001,X,3.86,,-95.68763417149,29.797993293564
123350852,RES1-1SNB,RES,0.75,S,1,1595.0,2095,218431.98825034936,109215.99412517468,106.22396,2001,X,5.63,,-95.688114354287,29.797629010763
123350891,RES1-1SNB,RES,0.75,S,1,1727.0,2660,229514.30662476685,114757.15331238342,106.2146,2001,X,4.38,,-95.687741422154,29.798357186602
123350902,RES1-1SNB,RES,0.75,S,1,1595.0,2335,218431.98825034936,109215.99412517468,106.02967,2001,X,4.95,,-95.688170768381,29.798241073552
123350905,RES1-1SNB,RES,0.75,S,1,1799.0,2529,232976.2054,116488.1027,106.526146,2001,X,5.55,,-95.687597456181,29.797457017396
123350923,RES1-1SNB,RES,0.75,S,1,1763.0,2502,233122.6442672882,116561.3221336441,106.70867,2001,X,5.52,,-95.68762583713,29.797234983761
123350926,RES1-1SNB,RES,0.75,S,1,1509.0,2154,208726.065,104363.0325,106.06031,2001,X,5.76,,-95.687629798713,29.797623990356
123350929,RES1-1SNB,RES,0.75,S,1,1896.0,2668,239946.073,119973.0365,106.2921,2001,X,5.63,,-95.687286337518,29.79723938499
123350934,RES1-1SNB,RES,0.75,S,1,1685.0,1901,226104.1011390596,113052.0505695298,105.88448,2001,X,4.3,,-95.688002742427,29.798353237603
123350860,RES1-1SNB,RES,0.75,S,1,1632.0,2115,221646.25547242007,110823.12773621004,106.10981,2001,X,4.47,,-95.688103373775,29.797980343304
123350911,RES1-1SNB,RES,0.75,S,1,1795.0,2384,232676.50540000002,116338.25270000001,106.20291,2001,X,4.67,,-95.687299695598,29.79743276976
123350912,RES1-1SNB,RES,0.75,S,1,1733.0,2431,229992.64451404853,114996.32225702427,106.18128,2001,X,4.81,,-95.687597162566,29.798215111498
123350936,RES1-1SNB,RES,0.75,S,1,1760.0,2360,232117.81819359507,116058.90909679754,106.45591,2001,X,5.53,,-95.688104842727,29.797286215016
123352251,RES1-1SNB,RES,0.75,S,1,1599.0,2257,284326.68700282084,142163.34350141042,120.60052,1995,X,5.17,,-95.694679488533,29.828567791356
123352233,RES1-1SNB,RES,0.75,S,1,1472.0,1935,267935.7003827933,133967.85019139666,120.60084,1995,X,6.53,,-95.694690944066,29.828909690565
123352351,RES1-1SNB,RES,0.75,S,1,1440.0,519,263637.17664214055,131818.58832107027,121.19928,1995,X,7.69,,-95.694684931081,29.829446875358
123352342,RES1-1SNB,RES,0.75,S,1,1472.0,1923,267935.7003827933,133967.85019139666,120.555336,1995,X,4.89,,-95.694681247095,29.828398800803
123352343,RES1-1SNB,RES,0.75,S,1,1623.0,2664,287304.169873518,143652.084936759,121.33848,1995,X,5.08,,-95.694653268453,29.829627818627
123352401,RES1-1SNB,RES,0.75,S,1,1440.0,2160,263637.17664214055,131818.58832107027,120.58768,1995,X,4.07,,-95.694678333396,29.828740364726
123352278,RES1-1SNB,RES,0.75,S,1,1472.0,1995,267935.7003827933,133967.85019139666,121.062935,1995,X,4.82,,-95.694685940562,29.829255413893
123352279,RES1-1SNB,RES,0.75,S,1,1520.0,2403,274256.30840839195,137128.15420419598,120.7261,1995,X,5.64,,-95.694687678108,29.829071800553
123352370,RES1-1SNB,RES,0.75,S,1,1351.0,2204,252112.89174752656,126056.44587376328,120.31957,1995,X,4.2,,-95.694634887985,29.828002881062
123352377,RES1-1SNB,RES,0.75,S,1,1436.0,1996,263095.08761718415,131547.54380859208,120.375114,1995,X,4.29,,-95.694666820063,29.828228185411
123353706,RES1-1SNB,RES,0.75,S,1,2299.0,2676,213850.06279161174,106925.03139580587,109.98956,2009,X,4.8,,-95.700952547301,29.798093928769
123353686,RES1-1SNB,RES,0.75,S,1,2662.0,1907,237740.8370953905,118870.41854769526,109.50266,2009,X,4.74,,-95.701217874628,29.798598142757
123353697,RES1-1SNB,RES,0.75,S,1,3383.0,2497,286743.10981572,143371.55490786,109.71865,2009,X,4.87,,-95.700545217875,29.798125859434
123353749,RES1-1SWB,RES,2.0,B,1,3383.0,2447,392231.40422096703,196115.70211048351,109.57399,2009,X,4.96,,-95.701407800346,29.798478936485
123353868,RES1-1SNB,RES,0.75,S,1,2199.0,2683,211101.07162252502,105550.53581126251,109.56801,2009,X,3.95,,-95.700540541282,29.7986109685
123353778,RES1-1SNB,RES,0.75,S,1,3383.0,2486,286743.10981572,143371.55490786,109.56196,2009,X,4.58,,-95.700754291432,29.798593080022
123353901,RES1-1SNB,RES,0.75,S,1,1721.0,2115,185555.4077986065,92777.70389930325,109.834984,2009,X,3.71,,-95.700959778542,29.798615048183
123353893,RES3A,RES,0.5,S,1,1814.0,1814,309817.3247911697,108436.0636769094,110.47039,2009,AE,0.11,,-95.703534904459,29.79931533075
123353896,RES1-1SNB,RES,0.75,S,1,2378.0,2307,218809.7174005515,109404.85870027576,109.662994,2009,X,3.01,,-95.700354054983,29.798587643392
123353923,RES3A,RES,0.5,S,1,12573.0,12573,1863319.4988066654,652161.8245823329,111.10903,2009,AE,1.11,,-95.703543842211,29.798963072669
123353932,RES1-1SNB,RES,0.75,S,1,1672.0,2145,182442.3773639535,91221.18868197675,109.875374,2009,X,4.7,,-95.700751352432,29.79814221786
123355970,RES1-2SNB,RES,0.75,S,2,3135.0,2786,359814.42129671585,179907.21064835793,112.88154,2006,X,5.17,,-95.6975797949,29.811864867208
123355976,RES1-1SNB,RES,0.75,S,1,2261.0,2656,304450.0219279451,152225.01096397254,113.15484,2006,X,4.94,,-95.697254296555,29.811402384137
123355980,RES1-2SNB,RES,0.75,S,2,2887.0,2791,346228.72568059206,173114.36284029603,112.96444,2006,X,6.02,,-95.698082885161,29.811605459049
123355981,RES1-2SNB,RES,0.75,S,2,3297.0,2499,371542.56052015204,185771.28026007602,113.29033,2006,X,5.94,,-95.698086265528,29.810967171864
123355984,RES1-2SNB,RES,0.75,S,2,3091.0,2476,359142.8154387939,179571.40771939696,115.37249,2006,X,5.5,,-95.70053386135,29.811397567781
123356017,RES1-2SNB,RES,0.75,S,2,2696.0,2186,336108.9161992219,168054.45809961096,114.943535,2006,X,5.37,,-95.6993591919,29.811317774016
123355949,RES1-2SNB,RES,0.75,S,2,2621.0,2337,329987.41096087504,164993.70548043752,112.85842,2006,X,6.02,,-95.697157328138,29.809826579749
123355950,RES1-2SNB,RES,0.75,S,2,2294.0,2803,305975.38945931214,152987.69472965607,112.55496,2006,X,5.57,,-95.697520692521,29.810861940161
123355985,RES1-2SNB,RES,0.75,S,2,4244.0,2548,477151.15578299173,238575.57789149586,115.159706,2006,X,5.74,,-95.700266718885,29.811777509218
123355989,RES1-2SNB,RES,0.75,S,2,3434.0,2237,385984.3090134138,192992.1545067069,113.04958,2006,X,5.98,,-95.69808143667,29.81145177864
123356020,RES1-2SNB,RES,0.75,S,2,3492.0,2382,393503.2028093194,196751.6014046597,112.88242,2006,X,5.74,,-95.697231953476,29.810471639854
123356025,RES1-1SNB,RES,0.75,S,1,2294.0,2427,305975.38945931214,152987.69472965607,113.243256,2006,X,4.53,,-95.697586851525,29.811705604368
123356026,RES1-2SNB,RES,0.75,S,2,3432.0,2674,385774.05496425036,192887.02748212518,114.687035,2006,X,5.41,,-95.699844352211,29.81180572449
123356028,RES1-1SNB,RES,0.75,S,1,3628.0,2468,406298.58874758444,203149.29437379222,112.932526,2006,X,4.67,,-95.697899039415,29.810840056905
123356029,RES1-2SNB,RES,0.75,S,2,3426.0,2307,386546.76408333174,193273.38204166587,113.17863,2006,X,5.23,,-95.697253201304,29.811245209698
123356030,RES1-2SNB,RES,0.75,S,2,2723.0,2100,337817.6408698813,168908.82043494066,112.94701,2006,X,5.4,,-95.697593434268,29.811548037246
123356032,RES1-2SNB,RES,0.75,S,2,2723.0,2286,337817.6408698813,168908.82043494066,113.39449,2006,X,6.05,,-95.697252197186,29.81155144784
123355956,RES1-2SNB,RES,0.75,S,2,2273.0,2556,304307.1947931584,152153.5973965792,112.94933,2006,X,5.93,,-95.697236443902,29.810171162207
123355959,RES1-2SNB,RES,0.75,S,2,2723.0,2130,336591.000989721,168295.5004948605,112.655235,2006,X,6.0,,-95.697215358095,29.810322604444
123355963,RES1-1SNB,RES,0.75,S,1,3432.0,2370,385774.05496425036,192887.02748212518,115.043396,2006,X,4.72,,-95.699389067556,29.811495043122
123355966,RES1-2SNB,RES,0.75,S,2,2294.0,2739,305975.38945931214,152987.69472965607,112.61756,2006,X,5.04,,-95.697171144295,29.810871234638
123356005,RES1-2SNB,RES,0.75,S,2,2563.0,2462,327212.1202754519,163606.06013772596,115.02127,2006,X,5.35,,-95.699390465898,29.8116720328
123356006,RES1-2SNB,RES,0.75,S,2,3432.0,2409,385774.05496425036,192887.02748212518,114.99788,2006,X,5.76,,-95.699368761962,29.811123771064
123356007,RES1-2SNB,RES,0.75,S,2,3432.0,2147,385774.05496425036,192887.02748212518,113.02035,2006,X,5.85,,-95.697265254034,29.810016846927
123356008,RES1-2SNB,RES,0.75,S,2,3621.0,2592,408539.4753033221,204269.73765166104,112.960205,2006,X,5.73,,-95.696979958364,29.809743107216
123356010,RES1-2SNB,RES,0.75,S,2,3135.0,2452,359814.42129671585,179907.21064835793,113.1586,2006,X,5.56,,-95.697575876293,29.811236925443
123356011,RES1-2SNB,RES,0.75,S,2,3824.0,2321,426660.3203889168,213330.1601944584,115.253204,2006,X,5.44,,-95.700318306733,29.811465392555
123356012,RES1-2SNB,RES,0.75,S,2,3725.0,2193,416395.91952617647,208197.95976308823,115.3414,2006,X,5.05,,-95.700266327565,29.810883835044
123356014,RES1-2SNB,RES,0.75,S,2,2555.0,2701,325465.4518156272,162732.7259078136,112.83234,2006,X,5.54,,-95.698076292801,29.811303713548
123356050,RES1-1SNB,RES,0.75,S,1,2325.0,2483,310658.97077435587,155329.48538717793,115.007225,2006,X,4.16,,-95.700054170061,29.811800893373
123356051,RES1-2SNB,RES,0.75,S,2,3432.0,2687,385774.05496425036,192887.02748212518,114.85223,2006,X,5.66,,-95.699819428059,29.810993131521
123355992,RES1-1SNB,RES,0.75,S,1,2922.0,2703,348129.11790465954,174064.55895232977,114.93556,2006,X,4.12,,-95.699839011469,29.811441730805
123355993,RES1-2SNB,RES,0.75,S,2,2678.0,2129,333735.2679636678,166867.6339818339,112.76644,2006,X,5.2,,-95.697699498653,29.810839469179
123355994,RES1-2SNB,RES,0.75,S,2,3513.0,2353,394275.8701612676,197137.9350806338,113.24163,2006,X,6.22,,-95.698106337673,29.811147609534
123355998,RES1-2SNB,RES,0.75,S,2,3600.0,2407,403376.48756690946,201688.24378345473,113.23606,2006,X,5.47,,-95.69756313212,29.811393665344
123355999,RES1-1SNB,RES,0.75,S,1,3399.0,3344,382302.3735201345,191151.18676006724,115.00378,2006,X,4.69,,-95.700031514025,29.810962342035
123356033,RES1-2SNB,RES,0.75,S,2,3432.0,2688,385774.05496425036,192887.02748212518,114.91694,2006,X,5.85,,-95.699379265676,29.811855842945
123356034,RES1-2SNB,RES,0.75,S,2,3910.0,2810,435543.1569481985,217771.57847409925,112.984726,2006,X,5.49,,-95.698095492006,29.811794936542
123356037,RES1-2SNB,RES,0.75,S,2,3308.0,2739,372705.0536691597,186352.52683457985,114.96274,2006,X,5.08,,-95.700073626968,29.81142031949
123356042,RES1-1SNB,RES,0.75,S,1,2780.0,2788,340077.6864009958,170038.8432004979,115.04181,2006,X,4.17,,-95.69954218288,29.810961529148
123356045,RES1-2SNB,RES,0.75,S,2,3102.0,2109,357033.34380190884,178516.67190095442,112.55725,2006,X,5.63,,-95.697347305117,29.810878813253
123356046,RES1-2SNB,RES,0.75,S,2,3135.0,2518,358507.9095423775,179253.95477118876,112.90534,2006,X,5.44,,-95.697228993372,29.81062817846
123359602,RES1-2SNB,RES,0.75,S,2,2670.0,2307,330826.090305997,165413.0451529985,115.3885,2006,X,6.55,,-95.701293031817,29.810572635146
123359603,RES1-2SNB,RES,0.75,S,2,3124.0,2322,356730.28022202314,178365.14011101157,115.37819,2006,X,6.19,,-95.7007985024,29.809767965849
123359604,RES1-2SNB,RES,0.75,S,2,3746.0,2102,417066.6931287454,208533.3465643727,115.11401,2006,X,6.39,,-95.70135749526,29.811015977454
123359609,RES1-2SNB,RES,0.75,S,2,3746.0,2281,417066.6931287454,208533.3465643727,115.95683,2006,X,6.06,,-95.700893165624,29.810587427384
123359610,RES1-1SNB,RES,0.75,S,1,3434.0,2204,384591.8885571149,192295.94427855744,115.72485,2006,X,4.66,,-95.700937999649,29.810234192099
123359614,RES1-1SNB,RES,0.75,S,1,3125.0,2146,355495.9033476408,177747.9516738204,115.41699,2006,X,4.85,,-95.70112027794,29.810223648865
123359650,RES1-2SNB,RES,0.75,S,2,3424.0,2316,383544.22940976213,191772.11470488107,115.305145,2006,X,6.1,,-95.700983166362,29.809793326349
123359634,RES1-2SNB,RES,0.75,S,2,2670.0,2137,330826.090305997,165413.0451529985,115.341354,2006,X,5.88,,-95.701641109761,29.810220083818
123359635,RES1-2SNB,RES,0.75,S,2,3553.0,2126,395603.7222783186,197801.8611391593,115.42643,2006,X,6.4,,-95.701337398624,29.809800631199
123359636,RES1-2SNB,RES,0.75,S,2,2757.0,2147,338688.34716416924,169344.17358208462,115.36482,2006,X,6.45,,-95.700613556683,29.809741316111
123359637,RES1-2SNB,RES,0.75,S,2,2930.0,2277,346053.7090609331,173026.85453046655,115.47874,2006,X,5.47,,-95.70044818911,29.809844435007
123359638,RES1-2SNB,RES,0.75,S,2,2822.0,2223,340094.4565343681,170047.22826718405,115.88232,2006,X,5.62,,-95.701105695315,29.810537660366
123359657,RES1-1SNB,RES,0.75,S,1,3133.0,2587,355847.06591654895,177923.53295827447,115.43858,2006,X,4.93,,-95.701293692847,29.810239660132
123359661,RES1-2SNB,RES,2.0,C,2,2920.0,510,351865.8148262113,175932.90741310565,108.89139,2006,X,0.0,22157717,-95.700524476,29.8106672455
123359620,RES1-2SNB,RES,0.75,S,2,2069.0,2555,284952.3007369376,142476.1503684688,116.25941,2006,X,5.31,,-95.700753482219,29.810331304879
123359621,RES1-2SNB,RES,0.75,S,2,2292.0,2794,304714.19557983,152357.097789915,115.579185,2006,X,5.04,,-95.701160102683,29.809797509275
123359622,RES1-2SNB,RES,0.75,S,2,2277.0,2679,303527.63642091776,151763.81821045888,115.45523,2006,X,5.61,,-95.701188891585,29.81110432749
123359630,RES1-1SNB,RES,0.75,S,1,2219.0,2947,297768.4904095462,148884.2452047731,115.35298,2006,X,4.21,,-95.701466889185,29.81024033736
123359647,RES1-2SNB,RES,0.75,S,2,3151.0,2178,356626.7382993327,178313.36914966634,115.29413,2006,X,5.8,,-95.701459910597,29.810567260729
123360581,RES1-2SNB,RES,0.75,S,2,3406.0,1773,801087.7789983728,400543.8894991864,105.714874,1988,X,5.86,,-95.704800464457,29.767639868337
123360555,RES1-2SNB,RES,0.75,S,2,3010.0,1946,734215.796643926,367107.898321963,104.98545,1988,X,5.66,,-95.705175083248,29.766877895817
123360603,RES1-2SNB,RES,0.75,S,2,3305.0,1908,782303.5965637139,391151.7982818569,106.01663,1988,X,5.96,,-95.704216618092,29.76747501349
123360635,RES1-2SNB,RES,0.75,S,2,3381.0,1983,796466.5208085551,398233.26040427753,105.028244,1988,X,6.49,,-95.704934153579,29.766940641696
123360562,RES1-1SNB,RES,0.75,S,1,3464.0,3194,811737.4109617292,405868.7054808646,106.63064,1988,X,4.17,,-95.704587245991,29.767819631024
123360569,RES1-2SNB,RES,0.75,S,2,3379.0,2720,794510.4030681234,397255.2015340617,105.858765,1988,X,5.94,,-95.704345433802,29.767291150052
123360576,RES1-2SNB,RES,0.75,S,2,3397.0,2831,797834.0251657488,398917.0125828744,105.13861,1988,X,5.72,,-95.704717529815,29.767002961121
123360617,RES1-2SNB,RES,0.75,S,2,3010.0,1564,734215.796643926,367107.898321963,104.9893,1988,X,5.34,,-95.704903781782,29.767469326615
123360650,RES1-2SNB,RES,0.75,S,2,3522.0,2775,820649.060198139,410324.5300990695,105.38255,1988,X,5.51,,-95.704521960178,29.767130120167
123360707,RES1-1SNB,RES,0.75,S,1,3066.0,2869,742761.9395790182,371380.9697895091,106.4322,1988,X,4.62,,-95.704326283753,29.767738323701
123362025,RES1-2SWB,RES,2.0,B,2,4471.0,3813,803647.1118323691,401823.55591618456,103.10463,2000,X,5.24,,-95.702402448221,29.765642040481
123361990,RES1-2SNB,RES,0.75,S,2,5953.0,4848,888141.7110809704,444070.8555404852,103.13599,2000,X,5.63,,-95.702593695555,29.765939268794
123361994,RES1-1SNB,RES,0.75,S,1,6375.0,729,932325.1848105824,466162.5924052912,103.14158,2000,X,4.97,,-95.70332115960301,29.765261406438
123362000,RES1-2SNB,RES,0.75,S,2,4347.0,3214,661839.3100115301,330919.65500576503,103.23181,2000,X,5.97,,-95.703098351207,29.765948537756
123361960,RES1-2SNB,RES,0.75,S,2,4096.0,3418,625714.9072233388,312857.4536116694,103.21519,2000,X,5.29,,-95.703829793921,29.76594924304
123361964,RES1-2SNB,RES,0.75,S,2,6207.0,4860,902704.8392560388,451352.4196280194,103.49539,2000,X,5.36,,-95.704951632957,29.765955814222
123361967,RES1-1SNB,RES,0.75,S,1,5325.0,3893,790738.677325433,395369.3386627165,103.430954,2000,X,4.73,,-95.703448713149,29.765950885641
123362002,RES1-1SNB,RES,0.75,S,1,5636.0,4299,830835.3429851754,415417.6714925877,103.378815,2000,X,4.21,,-95.704195190018,29.765963474464
123362008,RES1-2SNB,RES,0.75,S,2,4561.0,3612,689386.1142800027,344693.0571400013,103.329025,2000,X,5.07,,-95.704611183084,29.765951265754
123363225,RES1-2SNB,RES,0.75,S,2,1250.0,1769,216259.91162626725,108129.95581313362,126.86886,2003,X,5.22,,-95.706727643945,29.839835663533
123363279,RES1-2SNB,RES,0.75,S,2,2030.0,1390,298746.0114053667,149373.00570268335,126.67941,2003,X,5.38,,-95.707178863228,29.839709459386
123363240,RES1-2SNB,RES,0.75,S,2,1170.0,1614,204074.87437635235,102037.43718817618,126.95932,2003,X,5.28,,-95.706880348923,29.839807230753
123363257,RES1-2SNB,RES,0.75,S,2,1703.0,1352,269481.7560512679,134740.87802563395,126.71587,2003,X,5.06,,-95.707027826826,29.839757954456
123372071,RES1-1SNB,RES,0.75,S,1,1635.0,1944,238197.5916210922,119098.7958105461,114.39138,1985,AE,4.93,,-95.717480537956,29.804326902663
123372073,RES1-1SNB,RES,0.75,S,1,1670.0,2198,241411.00154171843,120705.50077085922,114.1104,1985,AE,4.86,,-95.717290316626,29.804375445371
123372074,RES1-1SNB,RES,0.75,S,1,2168.0,2305,282064.61725923733,141032.30862961867,114.08777,1985,AE,3.87,,-95.716200669373,29.804775614905
123372086,RES1-1SNB,RES,0.75,S,1,2228.0,2457,286840.78082564054,143420.39041282027,113.7786,1985,AE,4.31,,-95.716589993196,29.804663410916
123372087,RES1-1SNB,RES,0.75,S,1,1695.0,2115,243109.76588578545,121554.88294289273,113.82718,1985,AE,4.04,,-95.716389328885,29.804703743472
123372088,RES1-1SNB,RES,0.75,S,1,2012.0,2513,268882.8287563348,134441.4143781674,113.91293,1985,AE,4.07,,-95.715194250249,29.804843025145
123372097,RES1-1SNB,RES,0.75,S,1,1904.0,2394,260277.4561069856,130138.7280534928,113.62597,1985,AE,4.38,,-95.714999550439,29.80482832398
123372079,RES1-1SNB,RES,0.75,S,1,1695.0,2496,243109.76588578545,121554.88294289273,113.89762,1985,AE,3.85,,-95.715401088618,29.804837015587
123372081,RES1-1SNB,RES,0.75,S,1,2132.0,2338,279120.58382349357,139560.29191174678,114.024,1985,AE,4.05,,-95.71712698296,29.804476785746
123372062,RES1-1SNB,RES,0.75,S,1,1548.0,2187,229867.54798679572,114933.77399339786,113.64257,1985,AE,4.75,,-95.716761481,29.804587630348
123372105,RES1-1SNB,RES,0.75,S,1,1720.0,2285,245864.4880590815,122932.24402954074,113.65775,1985,AE,4.91,,-95.716010843322,29.804793448232
123372115,RES1-1SNB,RES,0.75,S,1,2132.0,2335,279120.58382349357,139560.29191174678,113.956474,1985,AE,4.23,,-95.716953153408,29.804536477405
123372784,RES1-1SNB,RES,0.75,S,1,1545.0,2102,230193.0116954769,115096.50584773844,114.630806,1985,AE,3.0,,-95.718502641357,29.805269282406
123372787,RES1-1SNB,RES,0.75,S,1,1832.0,2383,255945.90204773095,127972.95102386548,114.70062,1985,AE,4.77,,-95.718007180518,29.805607981361
123372789,RES1-1SNB,RES,0.75,S,1,1844.0,2581,256906.61452200296,128453.30726100148,114.53759,1985,AE,3.86,,-95.718692188099,29.805251643629
123372844,RES1-1SNB,RES,0.75,S,1,1636.0,2153,238935.51415782465,119467.75707891233,114.758446,1985,AE,3.79,,-95.718032734406,29.805948948039
123372847,RES1-1SWB,RES,2.0,B,1,1636.0,1944,325953.82915879996,162976.91457939998,113.63654,1985,AE,4.79,,-95.715400920202,29.806027201219
123372849,RES1-1SNB,RES,0.75,S,1,1350.0,1375,209419.6017133393,104709.80085666965,114.37547,1985,AE,5.14,,-95.718282948589,29.805291306538
123372851,RES1-1SNB,RES,0.75,S,1,1545.0,2111,229571.59207730522,114785.79603865261,113.381226,1985,AE,3.13,,-95.71660271484,29.806369851246
123372853,RES1-1SNB,RES,0.75,S,1,1640.0,2595,238661.48760946697,119330.74380473349,113.485,1985,AE,4.46,,-95.7155877154,29.806028668833
123372855,RES1-1SNB,RES,0.75,S,1,1545.0,2073,230193.0116954769,115096.50584773844,114.83841,1985,AE,4.39,,-95.71801361084,29.805776590445
123372799,RES1-1SNB,RES,0.75,S,1,1350.0,1892,209419.6017133393,104709.80085666965,114.76202,1985,AE,4.94,,-95.718037634623,29.80611516319
123372802,RES1-1SNB,RES,0.75,S,1,1746.0,2621,248116.55105400103,124058.27552700051,113.395195,1985,AE,4.33,,-95.716426239414,29.806264210273
123372808,RES1-1SNB,RES,0.75,S,1,1844.0,2287,256906.61452200296,128453.30726100148,114.57279,1985,AE,4.1,,-95.71801850614,29.806443816756
123372826,RES1-2SNB,RES,0.75,S,2,1876.0,1501,258722.6390005618,129361.3195002809,113.31259,1985,AE,5.03,,-95.716229379976,29.806222470731
123372124,RES1-1SNB,RES,0.75,S,1,1868.0,2454,258101.44730002954,129050.72365001477,113.866585,1985,AE,3.95,,-95.715588718134,29.804830665332
123372811,RES1-1SNB,RES,0.75,S,1,1636.0,2219,238935.51415782465,119467.75707891233,114.48556,1985,AE,4.22,,-95.718070927486,29.805419727391
123372819,RES1-1SNB,RES,0.75,S,1,1844.0,2915,256213.07995669983,128106.53997834992,113.216965,1985,AE,3.27,,-95.716052334873,29.806105853638
123372821,RES1-1SNB,RES,0.75,S,1,1545.0,2307,229571.59207730522,114785.79603865261,113.779655,1985,AE,5.07,,-95.715209566986,29.806000577757
123372823,RES1-1SNB,RES,0.75,S,1,1746.0,2281,248788.16939764228,124394.08469882114,114.8227,1985,AE,5.27,,-95.718028004751,29.806277895673
123372864,RES1-1SNB,RES,0.75,S,1,1350.0,1781,209419.6017133393,104709.80085666965,114.48187,1985,AE,4.97,,-95.718040374669,29.806610135344
123439398,RES1-1SNB,RES,0.75,S,1,1273.0,1345,204704.5226539282,102352.2613269641,127.0462,2003,X,2.95,,-95.706004288618,29.837177248786
123467219,RES3F,RES,0.5,S,3,81864.0,27288,14744381.019318115,5160533.35676134,100.06466,2000,X,10.33,,-95.688445414199,29.775766492881
123467199,RES3F,RES,0.5,S,3,71655.0,23885,12955409.41693398,4534393.295926892,100.08654,2000,X,9.84,,-95.687790914019,29.77492714386
123467235,RES3F,RES,0.5,S,4,98736.0,24684,17669865.822029363,6184453.037710276,100.17038,2000,X,11.52,,-95.688710049382,29.774950994075
123467254,RES3F,RES,0.5,S,3,72645.0,24215,13129512.564515674,4595329.397580486,100.29074,2000,AE,10.74,,-95.687577323574,29.774126666508
123467988,RES1-2SNB,RES,0.75,S,2,6065.0,5101,907007.4054232113,453503.70271160564,102.50365,2000,X,6.16,,-95.701500963466,29.766960765547
123468036,RES1-2SNB,RES,0.75,S,2,3321.0,3655,563868.7538819215,281934.37694096076,101.644684,2000,X,5.42,,-95.701490253188,29.767286453641
123468039,RES1-2SNB,RES,0.75,S,2,3877.0,3192,616079.5044773704,308039.7522386852,101.76163,2000,X,5.58,,-95.701500749188,29.76771466933
123468076,RES1-2SNB,RES,0.75,S,2,4097.0,3828,639765.0131087019,319882.50655435096,101.75132,2000,X,5.86,,-95.701496914129,29.767500566457
123468087,RES1-2SNB,RES,0.75,S,2,4120.0,2984,638225.9976646815,319112.99883234076,102.65488,2000,X,7.07,,-95.701517246152,29.76590862486
123469086,RES3A,RES,0.5,S,2,42736.0,21368,6194413.312912654,2168044.659519429,112.76817,1986,AE,6.05,,-95.706875498075,29.795697200193
123469088,RES3A,RES,0.5,S,1,1733.0,1733,294005.64762629644,102901.97666920375,112.053856,1986,X,1.13,,-95.707215798315,29.795787232142
123469090,RES3A,RES,0.5,S,1,1783.0,1783,299616.67314799054,104865.83560179669,111.05506,1986,AE,0.97,,-95.706870035852,29.796239092926
123469092,RES3A,RES,0.5,S,2,37826.0,18913,5482728.334854536,1918954.9171990873,112.93114,1986,AE,7.11,,-95.706874521942,29.794862038837
123469100,RES3A,RES,0.5,S,1,34464.0,34464,5311083.829319085,1858879.3402616796,110.70017,1986,AE,0.25,,-95.706596308158,29.79711764702
123469124,RES1-1SNB,RES,0.75,S,1,1140.0,1542,185514.8143628446,92757.4071814223,126.996666,2003,X,3.67,,-95.70492291317,29.837611738341
123469128,RES1-1SNB,RES,0.75,S,1,1208.0,1658,196325.44051717006,98162.72025858503,127.237305,2003,X,3.7,,-95.705634011184,29.837629410493
123469131,RES1-1SNB,RES,0.75,S,1,1203.0,1889,195671.65113965742,97835.82556982871,127.23731,2003,X,3.63,,-95.706768823689,29.837640025724
123469132,RES1-1SNB,RES,0.75,S,1,971.0,1855,158013.0513879297,79006.52569396485,127.664474,2003,X,3.38,,-95.707048343363,29.83763914739
123469133,RES1-1SNB,RES,0.75,S,1,1002.0,1308,163057.7537537371,81528.87687686855,127.20399,2003,X,3.4,,-95.705345099583,29.837603524043
123469080,RES3A,RES,0.5,S,1,1765.0,1765,297615.25339385285,104165.33868784849,112.46655,1986,AE,0.89,,-95.70651504813,29.795747270138
123469081,RES3A,RES,0.5,S,1,1673.0,1673,287059.8332280695,100470.94162982432,112.05026,1986,X,1.32,,-95.70721468388,29.794735482312
123469082,RES3A,RES,0.5,S,1,1733.0,1733,294005.64762629644,102901.97666920375,112.22585,1986,AE,1.81,,-95.706376242401,29.795976052784
123469117,RES1-1SNB,RES,0.75,S,1,1045.0,1282,170055.24848256967,85027.62424128484,127.388664,2003,X,3.63,,-95.706339482135,29.837600782968
123469155,RES1-1SWB,RES,2.0,B,1,1120.0,1524,249310.8205524052,124655.4102762026,127.33903,2003,X,3.55,,-95.706626475666,29.83761855908
123469157,RES1-1SNB,RES,0.75,S,1,1365.0,1663,216182.7657216228,108091.3828608114,127.410706,2003,X,3.83,,-95.706906137553,29.837628385879
123469158,RES1-1SNB,RES,0.75,S,1,1332.0,1755,212116.97832254568,106058.48916127284,127.421616,2003,X,4.2,,-95.706199796058,29.837635538419
123469160,RES1-1SNB,RES,0.75,S,1,945.0,1241,153782.0158122085,76891.00790610425,127.494995,2003,X,3.56,,-95.705771386497,29.837598084096
123469137,RES1-1SNB,RES,0.75,S,1,1140.0,1503,185514.8143628446,92757.4071814223,127.40698,2003,X,3.34,,-95.706059608218,29.837616217002
123469138,RES1-1SNB,RES,0.75,S,1,1203.0,1730,195671.65113965742,97835.82556982871,126.99866,2003,X,3.61,,-95.705064388042,29.837628181344
123469139,RES1-1SNB,RES,0.75,S,1,1002.0,1293,163057.7537537371,81528.87687686855,127.465485,2003,X,3.46,,-95.706479923124,29.837606773358
123469141,RES1-1SNB,RES,0.75,S,1,1002.0,1251,163057.7537537371,81528.87687686855,127.13782,2003,X,3.62,,-95.704775819909,29.837601083497
123469142,RES1-1SNB,RES,0.75,S,1,1021.0,1377,166149.67168970115,83074.83584485058,127.14575,2003,X,3.76,,-95.705199516895,29.837595772494
123469143,RES1-1SNB,RES,0.75,S,1,1002.0,1280,163057.7537537371,81528.87687686855,127.535934,2003,X,3.5,,-95.705910876634,29.837604395687
123469147,RES1-1SNB,RES,0.75,S,1,1140.0,1491,185514.8143628446,92757.4071814223,127.69404,2003,X,3.64,,-95.707192386665,29.837620938655
123469149,RES1-1SNB,RES,0.75,S,1,1140.0,1533,185514.8143628446,92757.4071814223,127.15133,2003,X,3.49,,-95.705490462774,29.83761231285
123470033,RES1-1SNB,RES,0.75,S,1,1384.0,1867,187260.19095,93630.095475,112.43758,1986,X,4.54,,-95.708764344756,29.796929095802
123470061,RES1-1SNB,RES,0.75,S,1,1789.0,2219,220644.97139999998,110322.48569999999,112.46038,1986,X,4.07,,-95.708742698611,29.796218289156
123470062,RES1-1SWB,RES,2.0,B,1,1528.0,2052,273906.6435,136953.32175,112.96364,1986,X,4.57,,-95.708763270021,29.797462726225
123470084,RES1-1SNB,RES,0.75,S,1,1558.0,1951,202791.1746,101395.5873,112.771065,1986,X,4.84,,-95.708755447198,29.796568176347
123470037,RES1-1SNB,RES,0.75,S,1,1626.0,2224,208374.411,104187.2055,112.30412,1986,X,4.81,,-95.708739531834,29.795692176853
123470038,RES1-1SNB,RES,0.75,S,1,1384.0,1839,187260.19095,93630.095475,112.5282,1986,X,4.52,,-95.708765670458,29.797296371521
123470041,RES1-1SNB,RES,0.75,S,1,1638.0,2285,209331.31485,104665.657425,112.38838,1986,X,4.07,,-95.708742812018,29.796045371815
123470048,RES1-1SNB,RES,0.75,S,1,1528.0,2737,200241.09209999998,100120.54604999999,112.75393,1986,X,4.71,,-95.708732901722,29.795855267487
123470068,RES1-1SNB,RES,0.75,S,1,2170.0,2354,246491.59185,123245.795925,112.811424,1986,X,4.91,,-95.708745849998,29.797821843516
123470085,RES1-1SNB,RES,0.75,S,1,1885.0,1647,227136.96915000002,113568.48457500001,112.59099,1986,X,5.53,,-95.708768836371,29.797645567004
123470089,RES1-1SNB,RES,0.75,S,1,1649.0,2437,210201.0036,105100.5018,112.476234,1986,X,4.29,,-95.708748706681,29.79676461898
123470090,RES1-1SNB,RES,0.75,S,1,2194.0,2718,261285.5584519782,130642.7792259891,113.01388,1986,X,4.12,,-95.708742054647,29.794779493177
123470094,RES1-1SNB,RES,0.75,S,1,1384.0,1873,187260.19095,93630.095475,111.79168,1986,X,2.49,,-95.708762697673,29.79531527595
123470071,RES1-1SNB,RES,0.75,S,1,1558.0,2370,202791.1746,101395.5873,112.22595,1986,X,3.57,,-95.708745697103,29.795499675988
123470074,RES1-1SNB,RES,0.75,S,1,1548.0,2073,201947.0565,100973.52825,111.9813,1986,X,3.1,,-95.708758901125,29.795141349312
123470076,RES1-2SNB,RES,0.75,S,2,2003.0,1762,234424.02375,117212.011875,112.59903,1986,X,4.66,,-95.708760437859,29.797104702266
123470079,RES1-1SNB,RES,0.75,S,1,1649.0,2374,210201.0036,105100.5018,112.47822,1986,X,3.7,,-95.70873876946,29.796400340878
123482454,RES1-1SNB,RES,0.75,S,1,1454.0,1939,133740.606,66870.303,103.01439,1982,X,3.3,,-95.641224240767,29.836412499843
123482455,RES1-1SNB,RES,0.75,S,1,1436.0,1933,132642.12375,66321.061875,103.90685,1982,X,3.29,,-95.642856271674,29.836311710048
123482457,RES1-1SNB,RES,0.75,S,1,1344.0,2046,126809.50065,63404.750325,103.68893,1982,X,2.61,,-95.642540694423,29.836306032146
123482465,RES1-1SNB,RES,0.75,S,1,1359.0,1830,127785.37035,63892.685175,104.367294,1982,X,2.89,,-95.643178358815,29.836318502912
123482466,RES1-1SNB,RES,0.75,S,1,1447.0,1810,133315.08135,66657.540675,104.001724,1982,X,4.03,,-95.642379822629,29.836304801951
123482502,RES1-1SNB,RES,0.75,S,1,1551.0,1216,139419.76815,69709.884075,103.53955,1982,X,1.44,,-95.641585303738,29.836343077336
123482505,RES1-1SNB,RES,0.75,S,1,1507.0,2055,136893.9201,68446.96005,102.85895,1982,X,3.83,,-95.641127182518,29.836568049707
123482449,RES1-1SNB,RES,0.75,S,1,1409.0,1861,130968.20444999999,65484.102224999995,103.75404,1982,X,2.64,,-95.642074233979,29.836312154339
123482452,RES1-1SNB,RES,0.75,S,1,1459.0,2169,134043.26595,67021.632975,104.1038,1982,X,2.69,,-95.64301718745,29.836312329211
123482485,RES1-1SNB,RES,0.75,S,1,1436.0,2042,132642.12375,66321.061875,103.42646,1982,X,3.97,,-95.641391992761,29.836320537783
123482491,RES1-1SNB,RES,0.75,S,1,1512.0,1927,137185.15335,68592.576675,103.86991,1982,X,2.42,,-95.642704688361,29.836312076486
123482498,RES1-1SNB,RES,0.75,S,1,1527.0,1899,138052.37715,69026.188575,103.85539,1982,X,2.05,,-95.641760885725,29.836311484265
123482500,RES1-1SNB,RES,0.75,S,1,1527.0,1748,138052.37715,69026.188575,102.85426,1982,X,3.76,,-95.64111882008,29.837000361984
123483522,RES3D,RES,0.5,S,2,15785.16,8453,2366548.582333771,828292.0038168199,103.64451,2004,X,5.33,,-95.646046080615,29.83097959484
123483526,RES3B,RES,0.5,S,1,3200.84,3801,496858.3027248186,173900.40595368648,103.868004,2004,X,4.91,,-95.646338513657,29.831006806928
123482480,RES1-1SNB,RES,0.75,S,1,1517.0,1878,137475.30419999998,68737.65209999999,103.868416,1982,X,2.88,,-95.64222293955,29.836311928046
123482517,RES1-1SNB,RES,0.75,S,1,1507.0,1893,136893.9201,68446.96005,102.7023,1982,X,3.34,,-95.641127398471,29.836852184493
123482526,RES1-1SNB,RES,0.75,S,1,1779.0,2285,151171.42185,75585.710925,103.9374,1982,X,2.98,,-95.641916636517,29.836310375127
123482527,RES1-1SNB,RES,0.75,S,1,1344.0,2027,126809.50065,63404.750325,102.94805,1982,X,3.33,,-95.641110054821,29.836719174925
123486792,RES1-1SNB,RES,0.75,S,1,1907.0,1996,242903.36156476615,121451.68078238307,106.77879,2001,X,5.67,,-95.687247960918,29.796697842959
123486795,RES3C,RES,0.5,S,2,5116.0,2558,698183.4658,244364.21302999998,106.700096,2001,X,5.98,,-95.687297469072,29.796870159379
123502523,RES1-1SNB,RES,0.75,S,1,1859.0,1458,284991.0966620681,142495.54833103405,126.53454,2003,X,4.59,,-95.706045855704,29.839933735149
123502543,RES1-2SNB,RES,0.75,S,2,2340.0,1654,327045.06493171194,163522.53246585597,126.95955,2003,X,5.09,,-95.705905781656,29.839963305329
123502535,RES1-1SNB,RES,0.75,S,1,1703.0,1346,270331.68006958603,135165.84003479301,127.18693,2003,X,4.86,,-95.705739465789,29.839958100989
123513666,RES1-1SNB,RES,0.75,S,1,1350.0,1933,209990.85725988616,104995.42862994308,114.46482,1985,AE,4.2,,-95.719684490061,29.807606658196
123513669,RES1-1SNB,RES,0.75,S,1,1844.0,2332,257607.4053137415,128803.70265687075,114.46681,1985,AE,3.35,,-95.719664025863,29.807441532913
123520011,RES1-2SNB,RES,0.75,S,2,3542.0,2318,400223.59868780494,200111.79934390247,113.38424,2006,X,5.67,,-95.696725919521,29.810314611073
123520012,RES1-2SNB,RES,0.75,S,2,2723.0,1993,337817.6408698813,168908.82043494066,113.05825,2006,X,5.71,,-95.696745271237,29.810473860038
123520014,RES1-2SNB,RES,0.75,S,2,3135.0,2417,359814.42129671585,179907.21064835793,113.10444,2006,X,5.45,,-95.696733451441,29.810159245182
123525252,RES3A,RES,0.5,S,1,11988.0,11988,1776622.4615382017,621817.8615383705,110.90275,2009,AE,0.94,,-95.702081428629,29.798589983863
123525243,RES3A,RES,0.5,S,1,9250.0,9250,1370850.6663199689,479797.73321198905,111.32293,2009,AE,0.82,,-95.702827577779,29.798666835399
123525244,RES3A,RES,0.5,S,1,1940.0,1940,323286.92629623227,113150.4242036813,110.06736,2009,AE,1.55,,-95.703048853105,29.799318910356
123525249,RES3A,RES,0.5,S,1,5329.0,5329,804478.3963250783,281567.4387137774,109.686455,2009,AE,0.06,,-95.70228267021,29.799323030688
123525473,RES1-2SNB,RES,0.75,S,2,2340.0,1674,327045.06493171194,163522.53246585597,126.87337,2003,X,6.02,,-95.70637795296,29.839458705447
123525476,RES1-1SNB,RES,0.75,S,1,1444.0,1824,243017.59039581526,121508.79519790763,128.244,2003,X,4.37,,-95.704601400559,29.838456268465
123525509,RES1-1SNB,RES,0.75,S,1,1948.0,1157,292594.7944894633,146297.39724473166,127.50135,2003,X,4.95,,-95.705005402681,29.839378599742
123525230,RES3A,RES,0.5,S,1,8641.0,8641,1280596.817202143,448208.88602075,111.168,2009,AE,0.98,,-95.702862417407,29.799036602822
123525231,RES3A,RES,0.5,S,1,12334.0,12334,1827899.6877919438,639764.8907271803,110.43013,2009,AE,2.59,,-95.70218235589,29.799018442503
123525477,RES1-1SNB,RES,0.75,S,1,1778.0,1331,276718.3881719132,138359.1940859566,127.02379,2003,X,4.93,,-95.706702002102,29.8394166868
123525478,RES1-2SNB,RES,0.75,S,2,2476.0,1515,337962.6789759446,168981.3394879723,127.938805,2003,X,6.03,,-95.705003579344,29.838968474055
123525479,RES1-1SNB,RES,0.75,S,1,1362.0,1696,232049.25817606546,116024.62908803273,128.53984,2003,X,4.37,,-95.704969467763,29.838512958943
123525482,RES1-2SNB,RES,0.75,S,2,1549.0,1378,254196.9372008707,127098.46860043536,126.73401,2003,X,5.06,,-95.706535171581,29.839447768999
123525485,RES1-1SNB,RES,0.75,S,1,1170.0,1680,204718.51029371188,102359.25514685594,127.017006,2003,X,4.12,,-95.70590337391,29.839523718396
123525486,RES1-2SNB,RES,0.75,S,2,2736.0,1541,358253.85224139004,179126.92612069502,126.43722,2003,X,5.68,,-95.705041616408,29.839672104249
123525510,RES1-1SNB,RES,0.75,S,1,1170.0,1815,204718.51029371188,102359.25514685594,127.02892,2003,X,4.47,,-95.706067496561,29.839498991281
123525511,RES1-2SNB,RES,0.75,S,2,2260.0,1413,319444.66797920375,159722.33398960187,126.8898,2003,X,5.3,,-95.707155177283,29.839309957962
123525513,RES1-1SNB,RES,0.75,S,1,1859.0,1432,284991.0966620681,142495.54833103405,126.776794,2003,X,4.97,,-95.705753145392,29.83954756715
123525516,RES1-1SNB,RES,0.75,S,1,1735.0,1919,274345.2205214215,137172.61026071076,128.41096,2003,X,4.82,,-95.704762599443,29.838430704949
123525517,RES1-2SNB,RES,0.75,S,2,1872.0,1164,286136.17006081634,143068.08503040817,127.22695,2003,X,5.11,,-95.705024487889,29.839525098295
123525518,RES1-2SNB,RES,0.75,S,2,1856.0,1412,283829.99919873197,141914.99959936598,127.40385,2003,X,5.27,,-95.707468084323,29.839237683083
123525519,RES1-2SNB,RES,0.75,S,2,2315.0,1365,325019.678292912,162509.839146456,128.3316,2003,X,5.45,,-95.705042989561,29.838693085345
123525494,RES1-1SNB,RES,0.75,S,1,2340.0,1682,327045.06493171194,163522.53246585597,126.57601,2003,X,4.99,,-95.705432044681,29.839559225889
123525496,RES1-2SNB,RES,0.75,S,2,2043.0,1358,300933.4386757443,150466.71933787214,126.83683,2003,X,5.95,,-95.706226352227,29.839513272509
123525497,RES1-2SNB,RES,0.75,S,2,1703.0,1631,269481.7560512679,134740.87802563395,127.20151,2003,X,5.16,,-95.707310021716,29.839258980325
123525498,RES1-1SNB,RES,0.75,S,1,1410.0,1973,238214.8201744685,119107.41008723425,128.05496,2003,X,4.94,,-95.705037869678,29.8388356963
123525499,RES1-2SNB,RES,0.75,S,2,1220.0,1718,212774.4473715267,106387.22368576335,126.54312,2003,X,5.35,,-95.705593245431,29.839555120326
123525501,RES1-2SNB,RES,0.75,S,2,1872.0,1115,286136.17006081634,143068.08503040817,127.553474,2003,X,5.06,,-95.705005684083,29.839103455959
123525506,RES1-2SNB,RES,0.75,S,2,2209.0,1367,315085.90188484604,157542.95094242302,126.761665,2003,X,5.14,,-95.706854379674,29.839395620606
123525488,RES1-2SNB,RES,0.75,S,2,2736.0,1514,358253.85224139004,179126.92612069502,128.24667,2003,X,5.71,,-95.704438500565,29.838486617846
123525491,RES1-1SNB,RES,0.75,S,1,1958.0,1634,292492.1506907125,146246.07534535625,127.03369,2003,X,4.79,,-95.707004377128,29.839327749983
123529626,RES1-1SNB,RES,0.75,S,1,1497.0,2479,136509.32211177403,68254.66105588702,104.01019,1982,X,3.2,,-95.642401336197,29.836670882299
123529630,RES1-1SNB,RES,0.75,S,1,1491.0,2212,136155.31706298652,68077.65853149326,103.851845,1982,X,2.65,,-95.642403396267,29.836825487982
123531207,RES1-1SNB,RES,0.75,S,1,1350.0,1560,209419.6017133393,104709.80085666965,113.40833,1985,AE,4.74,,-95.716025379091,29.806592819258
123531219,RES1-1SNB,RES,0.75,S,1,1844.0,1975,256906.61452200296,128453.30726100148,113.54913,1985,AE,5.81,,-95.715555447834,29.806448299825
123531220,RES1-1SNB,RES,0.75,S,1,1636.0,2199,238935.51415782465,119467.75707891233,113.192604,1985,AE,3.71,,-95.715578435969,29.806609882423
123531201,RES1-1SNB,RES,0.75,S,1,1350.0,2170,209419.6017133393,104709.80085666965,113.14332,1985,AE,4.72,,-95.715091517104,29.806401568855
123531203,RES1-1SWB,RES,2.0,B,1,1844.0,2484,302452.47436745325,151226.23718372663,113.74012,1985,AE,5.34,,-95.716481960981,29.806829555262
123539385,RES1-1SNB,RES,0.75,S,1,1637.0,2151,209251.89810000002,104625.94905000001,111.96742,1986,X,3.88,,-95.709263751591,29.79640826772
123539390,RES1-1SNB,RES,0.75,S,1,1528.0,2233,200241.09209999998,100120.54604999999,111.79439,1986,X,4.57,,-95.709258579447,29.796570720845
123539391,RES1-1SNB,RES,0.75,S,1,1384.0,1826,187260.19095,93630.095475,112.13762,1986,X,6.85,,-95.709239609825,29.795852344642
123539398,RES1-1SNB,RES,0.75,S,1,1418.0,1895,190435.65555,95217.827775,112.04712,1986,X,4.73,,-95.709248475027,29.796755574157
123539399,RES1-1SNB,RES,0.75,S,1,1548.0,1869,201947.0565,100973.52825,111.99981,1986,X,4.14,,-95.709252964206,29.796213255793
123539476,RES1-1SNB,RES,0.75,S,1,1576.0,2546,232601.7724514557,116300.88622572785,113.749565,1985,AE,4.01,,-95.716356672773,29.804248461328
123539477,RES1-1SNB,RES,0.75,S,1,1972.0,2320,265854.9079481981,132927.45397409904,113.68235,1985,AE,4.32,,-95.716572456515,29.804189440959
123539479,RES1-1SNB,RES,0.75,S,1,1635.0,2423,238197.5916210922,119098.7958105461,113.91237,1985,AE,3.74,,-95.716747180185,29.804120479478
123539484,RES1-1SNB,RES,0.75,S,1,1576.0,2637,232601.7724514557,116300.88622572785,113.18466,1985,AE,4.12,,-95.715342978911,29.804371417408
123539487,RES1-1SNB,RES,0.75,S,1,1712.0,2206,245162.77077949396,122581.38538974698,114.06288,1985,AE,4.2,,-95.716188841826,29.803982169234
123539490,RES1-1SNB,RES,0.75,S,1,2488.0,2816,305937.2549899002,152968.6274949501,113.506805,1985,AE,4.2,,-95.715765010326,29.804379123878
123539492,RES1-1SNB,RES,0.75,S,1,1904.0,2949,260277.4561069856,130138.7280534928,113.99308,1985,AE,4.14,,-95.715980700082,29.804032274359
123539454,RES1-1SNB,RES,0.75,S,1,1695.0,2612,243657.90768737302,121828.95384368651,114.13871,1985,AE,4.97,,-95.717123300491,29.803962030516
123539455,RES1-1SNB,RES,0.75,S,1,2444.0,2756,302823.9666755359,151411.98333776795,113.79302,1985,AE,4.13,,-95.715967500418,29.804341876826
123539456,RES1-1SNB,RES,0.75,S,1,1724.0,2078,246213.7996440958,123106.8998220479,113.98865,1985,AE,5.07,,-95.716949262052,29.804046974719
123539408,RES1-1SNB,RES,0.75,S,1,1558.0,2261,202791.1746,101395.5873,112.02036,1986,X,4.22,,-95.70925498516,29.796039498995
123539461,RES1-1SNB,RES,0.75,S,1,2161.0,2409,280683.25836902467,140341.62918451233,114.38733,1985,AE,3.6,,-95.716950744444,29.803701860834
123539471,RES1-1SNB,RES,0.75,S,1,2151.0,2432,280681.6998743894,140340.8499371947,113.80354,1985,AE,4.18,,-95.716177094674,29.804326410101
123539473,RES1-1SNB,RES,0.75,S,1,1940.0,2662,263543.55299631093,131771.77649815546,113.77894,1985,AE,4.08,,-95.715568825405,29.804372527767
123547583,RES3A,RES,0.5,S,2,8402.0,4201,1088477.1462879803,380967.0012007931,108.50303,2009,X,6.3,,-95.689584143818,29.795926547793
123547584,RES3A,RES,0.5,S,3,25338.0,8446,3282531.996152329,1148886.198653315,109.0671,2009,X,8.43,,-95.690762029237,29.795831658477
123547586,RES3A,RES,0.5,S,3,25401.0,8467,3290693.631971376,1151742.7711899816,109.13872,2009,X,8.53,,-95.691067057928,29.795834509911
123547587,RES3A,RES,0.5,S,2,17076.0,8538,2212191.82087873,774267.1373075555,108.64494,2009,X,8.03,,-95.690232233519,29.795934335725
123547588,RES3A,RES,2.0,B,2,16778.0,8389,2173585.9915677607,760755.0970487162,108.905914,2009,X,7.91,,-95.691724525273,29.795835362031
123547577,RES3A,RES,0.5,S,3,24402.0,8134,3161273.417673391,1106445.6961856866,108.91384,2009,X,8.21,,-95.691421732635,29.795838426639
123547579,RES3D,RES,0.5,S,3,25068.0,8356,3170987.243784167,1109845.5353244583,109.02235,2009,X,8.19,,-95.689616116958,29.7956949157
123547580,RES3D,RES,0.5,S,3,25086.0,8362,3173005.626511267,1110551.9692789433,108.94355,2009,X,9.0,,-95.690171206583,29.795664891088
123549887,RES1-2SNB,RES,0.75,S,2,2004.0,1185,298115.5564954103,149057.77824770514,128.46443,2003,X,5.53,,-95.704150597011,29.838830361135
123549894,RES1-2SNB,RES,0.75,S,2,1429.0,1727,240478.8654195435,120239.43270977175,127.70866,2003,X,5.22,,-95.704565634815,29.839547836755
123549914,RES1-1SNB,RES,0.75,S,1,1232.0,1641,215128.4195368113,107564.20976840565,128.4212,2003,X,4.17,,-95.704552594397,29.838835383925
123549915,RES1-1SNB,RES,0.75,S,1,1369.0,1698,233709.4484962956,116854.7242481478,127.976974,2003,X,4.58,,-95.704552350611,29.839410909379
123549902,RES1-1SNB,RES,0.75,S,1,1429.0,1656,240478.8654195435,120239.43270977175,128.25464,2003,X,4.68,,-95.704548321095,29.839112687613
123549904,RES1-2SNB,RES,0.75,S,2,1824.0,2256,288296.01263384137,144148.00631692068,128.3502,2003,X,5.32,,-95.704550473104,29.838976223767
123549911,RES1-1SNB,RES,0.75,S,1,1609.0,2187,261507.30760945196,130753.65380472598,128.40375,2003,X,4.15,,-95.704536915678,29.83925880848
123890443,RES1-1SNB,RES,0.75,S,1,2584.0,2790,463163.13355200004,231581.56677600002,87.612526,2000,X,6.27,,-95.609142263363,29.777539322956
123890450,RES1-1SNB,RES,0.75,S,1,2983.0,1388,508365.97245,254182.986225,82.90149,2000,X,6.42,,-95.612432701872,29.77840614014
123890456,RES1-1SNB,RES,0.75,S,1,2283.0,3522,426658.45298999996,213329.22649499998,87.78122,2000,X,4.24,,-95.609438358874,29.777516151222
123890415,RES3A,RES,0.5,S,1,1634.19,2377,267062.712336,93471.9493176,80.929985,2000,X,1.26,,-95.611306145137,29.779845769924
123890420,RES3B,RES,0.5,S,2,8916.59,8011,1166594.77746,408308.172111,84.29849,2000,X,6.1,,-95.60945417174,29.77996833063
123890428,RES3D,RES,0.5,S,2,15402.67,9317,2151383.15847,752984.1054645,80.7237,2000,X,5.24,,-95.611446057339,29.779941216444
123890464,RES1-1SNB,RES,0.75,S,1,2778.0,3897,486020.747604,243010.373802,87.701614,2000,X,5.17,,-95.608534923069,29.777751021816
123890469,RES3C,RES,0.5,S,1,5472.55,6976,803944.071042,281380.42486469995,80.19941,2000,X,2.36,,-95.611777824392,29.779807385159
123890471,RES3B,RES,0.5,S,1,4051.44,5001,567938.635992,198778.52259719998,79.318474,2000,X,4.25,,-95.612134051075,29.779792761818
123890477,RES1-1SNB,RES,0.75,S,1,2050.0,2116,397705.699272,198852.849636,87.58906,2000,X,7.58,,-95.609118755874,29.77774612552
123890515,RES1-2SNB,RES,0.75,S,2,2835.0,2559,492420.330192,246210.165096,86.10273,2000,X,4.0,,-95.610944753376,29.777698602473
123890534,RES1-2SNB,RES,0.75,S,2,2791.0,1885,487492.953066,243746.476533,84.30662,2000,X,3.2,,-95.61216431915,29.777906829426
123890536,RES3B,RES,0.5,S,2,9624.66,8196,1259234.534124,440732.0869434,83.79882,2000,X,5.01,,-95.609850695571,29.779964697448
123890545,RES3D,RES,0.5,S,2,9940.42,6176,1421326.464474,497464.2625659,84.55431,2000,X,7.86,,-95.609137489645,29.780088432544
123890582,RES3D,RES,0.5,S,2,19921.62,12150,2728042.695168,954814.9433088,79.29187,2000,AE,5.08,,-95.611759494584,29.780347008098
123890457,RES1-2SNB,RES,0.75,S,2,3187.0,1586,528757.479306,264378.739653,86.578964,2000,X,4.41,,-95.610006929723,29.777517566413
123890458,RES1-2SNB,RES,0.75,S,2,2863.0,2516,495511.35921,247755.679605,83.60124,2000,X,6.59,,-95.612199437131,29.778465334767
123890499,RES1-2SNB,RES,0.75,S,2,2880.0,2563,497371.14760200004,248685.57380100002,86.73781,2000,X,5.92,,-95.610061660197,29.777723479277
123890509,RES1-2SNB,RES,0.75,S,2,2880.0,1725,497371.14760200004,248685.57380100002,86.421524,2000,X,4.51,,-95.61093374559,29.777492998686
123890557,RES3D,RES,0.5,S,2,11911.69,7273,1688964.75531,591137.6643584999,82.133804,2000,X,6.17,,-95.610669581337,29.779930469713
123890598,RES1-2SNB,RES,0.75,S,2,2622.0,1572,467771.46771600004,233885.73385800002,86.6861,2000,X,5.22,,-95.610408853625,29.777731931337
123890631,RES1-2SNB,RES,0.75,S,2,2819.0,1304,490638.459486,245319.229743,86.63613,2000,X,5.29,,-95.610423761489,29.777499923599
123890636,RES1-2SWB,RES,2.0,B,2,2800.0,1464,521361.83706600004,260680.91853300002,87.35619,2000,X,5.28,,-95.609506338812,29.777702198287
123890519,RES3B,RES,0.5,S,1,4628.31,7521,635997.0353100001,222598.96235850002,83.22155,2000,X,4.97,,-95.610275149734,29.779973930232
123890566,RES3C,RES,0.5,S,1,4988.6,6085,739868.6749440001,258954.0362304,79.29188,2000,X,3.16,,-95.612402120493,29.779821963366
123890603,RES1-2SNB,RES,0.75,S,2,2860.0,1387,495181.83951600007,247590.91975800003,86.91652,2000,X,4.62,,-95.609986762124,29.777309442369
123890610,RES1-2SNB,RES,0.75,S,2,2790.0,2378,487379.971218,243689.985609,85.88481,2000,X,5.3,,-95.611300614343,29.777701556124
123890612,RES3C,RES,0.5,S,1,6765.31,8500,980345.8936739999,343121.06278589997,79.02735,2000,AE,4.72,,-95.612113275846,29.780226255247
124057517,RES1-2SNB,RES,0.75,S,2,4012.0,3439,394803.70419404807,197401.85209702404,107.198875,1991,X,5.92,,-95.616111132542,29.848581617432
124057579,RES1-2SNB,RES,0.75,S,2,5381.0,3350,529521.1172863778,264760.5586431889,107.241905,1991,X,5.37,,-95.616733945289,29.848898362203
124058621,RES1-2SNB,RES,0.75,S,2,5098.0,4339,501672.29735700396,250836.14867850198,106.931206,1991,X,5.02,,-95.616783661816,29.849579060027
124058728,RES1-2SNB,RES,0.75,S,2,4674.0,3580,459948.2797981183,229974.13989905914,106.25236,1991,X,6.26,,-95.616355699885,29.849648210474
124058540,RES1-1SNB,RES,0.75,S,1,5244.0,3769,516039.5303090473,258019.76515452366,107.344604,1991,X,4.8,,-95.616950414794,29.84988528398
124058606,RES1-2SNB,RES,0.75,S,2,4843.0,3486,474990.56984808616,237495.28492404308,106.5892,1991,X,7.03,,-95.616188704513,29.849117119801
124058562,RES1-2SNB,RES,0.75,S,2,4600.0,2773,451157.6691699458,225578.8345849729,107.39713,1991,X,7.08,,-95.616445704531,29.849077955053
124659320,RES1-1SNB,RES,2.0,C,1,1239.0,897,180627.1124515553,90313.55622577765,90.01309,1987,AE,0.0,,-95.613716292851,29.793503998286
124659317,RES1-1SNB,RES,2.0,C,1,1651.5,2202,219963.20506956364,109981.60253478182,89.349686,1987,AE,2.01,,-95.61544698312,29.793583123609
124708455,RES3D,RES,0.5,S,8,9617.4,1233,1275788.2349046674,446525.88221663353,86.594345,1987,AE,0.0,37296340,-95.639874213675,29.793245028009
124714875,RES1-2SNB,RES,0.75,S,2,1118.0,1500,189244.99155134487,94622.49577567243,106.223434,2006,X,0.0,,-95.699136936763,29.808958488047
