property_id,address,latitude,longitude,pct_flooded,max_depth_ft
IAN-00001,"25325 Rampart Boulevard, Punta Gorda, 33948",26.999743,-82.030557,0.0,0.0
IAN-00002,19190 Cochran Boulevard,27.006072,-82.135535,0.0,0.0
IAN-00003,"3601 East Price Boulevard, North Port, FL, 34288",27.068303,-82.118254,0.0,0.0
IAN-00004,"25500 Airport Road, Punta Gorda, FL",26.919178,-82.024393,0.0,0.0
IAN-00005,"326 Marion, 33950",26.933827,-82.053267,0.0,0.0
IAN-00006,"9700 SW Riverview Cir, 34268",27.061005,-82.002854,0.0,0.0
IAN-00007,"1451 Tamiami Trail, 33950",26.925516,-82.047631,0.0,0.0
IAN-00008,"26500 Jones Loop Road, Punta Gorda, FL, 33950-4708",26.895633,-82.008995,0.0,0.0
IAN-00009,"9083 Mac Drive, Punta Gorda, FL, 33950",26.896203,-82.006582,0.0,0.0
IAN-00010,"3139 Burnt Store Road, Punta Gorda",26.890202,-82.025794,0.0,0.0
IAN-00011,"18700 Veterans Boulevard, Port Charlotte, FL, 33954-1018",27.01484,-82.145614,0.0,0.0
IAN-00012,"27319 Puno Dr, Punta Gorda, 33983",27.019888,-81.999025,0.0,0.0
IAN-00013,"25781 Aysen Drive, Punta Gorda, 33983",27.021742,-82.037453,0.0,0.0
IAN-00014,"900 Kings Highway, Port Charlotte, FL, 33980",27.016605,-82.050678,0.0,0.0
IAN-00015,"139 West Marion Avenue, Punta Gorda, FL, 33950",26.935408,-82.050707,0.0,0.0
IAN-00016,"21229 Olean Boulevard, Port Charlotte, 33952",26.986477,-82.099259,0.0,0.0
IAN-00017,"131 West Marion Avenue, Punta Gorda, FL, 33950",26.93554,-82.050612,0.0,0.0
IAN-00018,"201 West Marion Avenue, Punta Gorda, FL, 33950",26.934778,-82.051546,0.0,0.0
IAN-00019,"25098 Olympia Avenue, Punta Gorda, FL, 33950",26.941583,-82.036907,0.0,0.0
IAN-00020,317 Tamiami Trail,26.934192,-82.048447,0.0,0.0
IAN-00021,"236 Tamiami Trail, Punta Gorda, FL, 33950",26.93538,-82.049111,0.0,0.0
IAN-00022,309 Tamiami Trail,26.934421,-82.048813,0.0,0.0
IAN-00023,"318 Tamiami Trail, Punta Gorda, FL, 33950",26.934712,-82.048461,0.0,0.0
IAN-00024,305 Tamiami Trail,26.93481,-82.049031,0.0,0.0
IAN-00025,111 Olympia Avenue,26.934716,-82.049455,0.0,0.0
IAN-00026,"117 Herald Court, Punta Gorda, FL, 33950",26.934948,-82.049694,0.0,0.0
IAN-00027,321 West Retta Esplanade,26.934637,-82.053787,0.0,0.0
IAN-00028,215 Olympia Avenue,26.933785,-82.050611,0.0,0.0
IAN-00029,"1777 Tamiami Trail, Port Charlotte, FL, 33948",27.007489,-82.136329,0.0,0.0
IAN-00030,"3941 Tamiami Trail, Punta Gorda, FL, 33950",26.890392,-82.026081,0.0,0.0
IAN-00031,"2000 Kings Highway, Port Charlotte, FL, 33980",27.004096,-82.053081,0.0073,19.69
IAN-00032,"1940-1 Kings Highway, Port Charlotte, FL, 33980",27.003292,-82.053732,0.0,0.0
IAN-00033,"2150 Tamiami Trail, Port Charlotte, FL, 33948",27.002238,-82.125275,0.0,0.0
IAN-00034,"2607 Jerry Avenue, Punta Gorda, FL, 33950",26.913943,-82.043584,0.0,0.0
IAN-00035,"2509 Rio De Janeiro Ave, Punta Gorda, FL, 33983",26.989139,-82.016381,0.0,0.0
IAN-00036,"5001 Taylor Road, Punta Gorda, FL, 33950",26.895289,-82.009715,0.0012,6.56
IAN-00037,"26505 Jones Loop Road, Punta Gorda, FL, 33950",26.894026,-82.00923,0.0,0.0
IAN-00038,"925 Kings Highway, Port Charlotte, FL, 33980",27.01626,-82.052788,0.0004,22.97
IAN-00039,"1021 Kings Highway, Punta Gorda, FL, 33980",27.014152,-82.053677,0.0,0.0
IAN-00040,"24051 Peachland Boulevard, Port Charlotte, FL, 33954-3714",27.015989,-82.056804,0.0,0.0
IAN-00041,"909 Kings Highway, Port Charlotte, FL, 33980-4248",27.016622,-82.05277,0.0,0.0
IAN-00042,26300 Airport Road,26.923334,-82.018596,0.0,0.0
IAN-00043,"408 Tamiami Trail, Punta Gorda, 33950",26.934109,-82.047762,0.0,0.0
IAN-00044,"130 Tamiami Trail, Punta Gorda, 33950",26.9366,-82.050242,0.0,0.0
IAN-00045,"1200 West Retta Esplanade, Punta Gorda, FL",26.928467,-82.064706,0.0,0.0
IAN-00046,"1200 West Retta Esplanade, Punta Gorda, FL, 33950",26.929396,-82.065332,0.0133,9.84
IAN-00047,"3078 Cooper Street, Punta Gorda, 33950",26.910459,-82.039021,0.0,0.0
IAN-00048,"5500 Deltona Drive, Punta Gorda, 33950",26.888309,-82.053255,0.084,3.28
IAN-00049,"1501 South Tamiami Trail, Punta Gorda, FL, 33950",26.924867,-82.047667,0.0,0.0
IAN-00050,"201 West Marion Avenue, Punta Gorda, 33950",26.934874,-82.051439,0.0,0.0
IAN-00051,"320 Sullivan Street, 33950",26.933474,-82.050041,0.0,0.0
IAN-00052,"2310 Tamiami Trail, Punta Gorda, FL, 33950-5933",26.918954,-82.046709,0.0,0.0
IAN-00053,"127 West Marion Avenue, Punta Gorda, 33950",26.93558,-82.050551,0.0,0.0
IAN-00054,"119 West Marion Avenue, Punta Gorda, 33950",26.935626,-82.050497,0.0,0.0
IAN-00055,"121 East Marion Avenue, Punta Gorda, 33950",26.936419,-82.049163,0.0,0.0
IAN-00056,"33 Tamiami Trail, Punta Gorda, 33950",26.938414,-82.052552,0.0,0.0
IAN-00057,"101 East Retta Esplanade, Punta Gorda, 33950",26.937131,-82.05074,0.0,0.0
IAN-00058,"25354 Marlin Drive, Punta Gorda, 33950",26.943292,-82.028405,0.0,0.0
IAN-00059,18150 Murdock Circle,27.005512,-82.146328,0.0,0.0
IAN-00060,"221 Wood Street, Punta Gorda",26.937177,-82.046963,0.0,0.0
IAN-00061,"2517 South Tamiami Trail, Punta Gorda, FL, 33950",26.914914,-82.046964,0.0,0.0
IAN-00062,"1550 Alton Road, Port Charlotte, FL, 33952",27.004074,-82.079404,0.0,0.0
IAN-00063,"2595 Harbor Blvd, Port Charlotte, FL, 33952",26.98738,-82.097134,0.0105,0.0
IAN-00064,"395 Kings Highway, Port Charlotte, FL, 33983",27.022578,-82.047745,0.0,0.0
IAN-00065,"24471 Sandhill Boulevard, Punta Gorda, FL, 33983",27.022583,-82.045513,0.0,0.0
IAN-00066,"25490 Airport Road, Punta Gorda, FL, 33950",26.919141,-82.024958,0.0,0.0
IAN-00067,24143 Peachland Boulevard,27.017072,-82.054411,0.0089,22.97
IAN-00068,"1600 Tamiami Trail, Port Charlotte, FL, 33948",27.010028,-82.138499,0.0,0.0
IAN-00069,"24133 Peachland Boulevard, Port Charlotte, FL, 33954",27.017,-82.05494,0.0,0.0
IAN-00070,"24180 Veterans Boulevard, Port Charlotte, FL, 33954",27.017802,-82.052242,0.0016,19.69
IAN-00071,24123 Peachland Boulevard,27.015334,-82.0535,0.0,0.0
IAN-00072,"24123 Peachland Boulevard, Port Charlotte, FL, 33954",27.015559,-82.053358,0.0,0.0
IAN-00073,"910 Kings Highway, Port Charlotte, FL, 33980-4247",27.015903,-82.051359,0.0,0.0
IAN-00074,"1001 Kings Highway, Port Charlotte, FL, 33980",27.014617,-82.053693,0.0,0.0
IAN-00075,"912 Kings Highway, Port Charlotte, FL, 33980-5247",27.015492,-82.050736,0.0,0.0
IAN-00076,"1185 Kings Highway, Port Charlotte, FL, 33980",27.011309,-82.054355,0.0,0.0
IAN-00077,"800 Kings Highway, Port Charlotte, FL, 33980",27.017865,-82.049281,0.0,0.0
IAN-00078,24001 Peachland Boulevard,27.016407,-82.056812,0.0,0.0
IAN-00079,"24001 Peachland Boulevard, Port Charlotte, FL, 33954",27.016688,-82.056814,0.0,0.0
IAN-00080,"385 Kings Highway, Port Charlotte, FL, 33983",27.022798,-82.047218,0.0,0.0
IAN-00081,"2301 Tamiami Trail, Port Charlotte, FL",26.998132,-82.121805,0.0,0.0
IAN-00082,"18700 Veterans Boulevard, Port Charlotte, FL, 33954",27.014877,-82.145169,0.0,0.0
IAN-00083,26415 Indian Trail Drive,26.895385,-82.011099,0.0,0.0
IAN-00084,911 Tamiami Trail,26.930137,-82.047595,0.0,0.0
IAN-00085,"1105 Taylor Road, Punta Gorda, 33950",26.928349,-82.044956,0.0,0.0
IAN-00086,"2117 Tamiami Trail, Punta Gorda",26.919257,-82.048093,0.0,0.0
IAN-00087,"1001 Tamiami Trail, Punta Gorda, FL, 33950",26.929195,-82.048124,0.0,0.0
IAN-00088,"5240 Duncan Road, Punta Gorda, 33982",26.956722,-81.99102,0.0,0.0
IAN-00089,"19400 Cochran Boulevard, Port Charlotte, FL, 33948",27.00883,-82.13445,0.0,0.0
IAN-00090,"19400 Cochran Boulevard, Port Charlotte, FL, 33948-2072",27.009725,-82.134434,0.0,0.0
IAN-00091,1720 Tamiami Trail,27.008256,-82.13482,0.0,0.0
IAN-00092,"19451 Cochran Boulevard, Port Charlotte, FL, 33948-2008",27.009948,-82.132084,0.0,0.0
IAN-00093,"1805 Tamiami Trail, Port Charlotte, FL, 33948",27.005915,-82.132876,0.0154,22.97
IAN-00094,"4225 Taylor Road, Punta Gorda, FL, 33950",26.899538,-82.016785,0.0,0.0
IAN-00095,"3081 Duncan Road, Punta Gorda, FL, 33982",26.988927,-81.959652,0.0,0.0
IAN-00096,"28000 Sandhill Boulevard, Punta Gorda, FL, 33982",27.017148,-81.999628,0.0,0.0
IAN-00097,"19600 Cochran Boulevard, Port Charlotte, FL, 33948",27.013425,-82.135638,0.0,0.0
IAN-00098,"19530 Cochran Boulevard, Port Charlotte, FL, 33948",27.012788,-82.135471,0.0,0.0
IAN-00099,"19590 Cochran Boulevard, Port Charlotte, FL",27.014044,-82.133707,0.0,0.0
IAN-00100,19655 Cochran Boulevard,27.014849,-82.132649,0.0,0.0
IAN-00101,"19680 Cochran Boulevard, Port Charlotte, FL, 33948",27.015197,-82.133974,0.0,0.0
IAN-00102,"1470 Tamiami Trail, Port Charlotte, FL, 33948",27.011934,-82.14284,0.0,0.0
IAN-00103,"19000 Murdock Circle, Port Charlotte, FL, 33948-1086",27.010865,-82.14041,0.0,0.0
IAN-00104,"900 Kings Highway, Punta Gorda, FL, 33980",27.016715,-82.050674,0.0,0.0
IAN-00105,24491 Sandhill Boulevard,27.021458,-82.04648,0.0,0.0
IAN-00106,"1900 Tamiami Trail, Port Charlotte, FL, 33948",27.00604,-82.13101,0.0174,26.25
IAN-00107,"2000 Tamiami Trail, Port Charlotte, FL, 33948",27.004146,-82.128235,0.0,0.0
IAN-00108,19530 Cochran Boulevard,27.012906,-82.135486,0.0,0.0
IAN-00109,"1804 Tamiami Trail North, Port Charlotte, FL, 33948",27.008402,-82.132758,0.0,0.0
IAN-00110,"1808 Tamiami Trail, Port Charlotte, FL, 33948",27.008081,-82.132005,0.0,0.0
IAN-00111,2400 Kings Highway,26.992191,-82.058661,0.0444,16.4
IAN-00112,"8114 Riverside Drive, 33982",26.974211,-81.965482,0.0,0.0
IAN-00113,"2100 West Retta Esplanade, Punta Gorda, FL, 33950",26.929069,-82.065056,0.0753,9.84
IAN-00114,"212 West Marion Avenue, Punta Gorda, FL, 33950",26.935,-82.051679,0.0,0.0
IAN-00115,"1250 Rutledge, North Port, FL, 34288",27.033166,-82.069011,0.0182,0.0
IAN-00116,"20480 Veterans Boulevard, Port Charlotte, FL, 33954",27.02434,-82.115322,0.0,0.0
IAN-00117,"379 Kings Highway, Punta Gorda, FL, 33983",27.023449,-82.046451,0.0,0.0
IAN-00118,"375 Kings Highway, Port Charlotte, FL, 33954",27.024623,-82.047199,0.0,0.0
IAN-00119,24100 Beatrix Boulevard,27.01819,-82.053717,0.0,0.0
IAN-00120,"1825 Tamiami Trail, Port Charlotte, FL, 33948",27.004964,-82.134007,0.0,0.0
IAN-00121,117 herald ct,26.93483,-82.049657,0.0,0.0
IAN-00122,"3315 Tamiami Trail, Port Charlotte, 33948",26.981562,-82.099556,0.0,0.0
IAN-00123,"18268 Yale Ave, Port Charlotte, FL, 33948",26.998361,-82.147808,0.0,0.0
IAN-00124,"3013 Tamiami Trail, Port Charlotte, FL, 33952",26.9868,-82.106645,0.0,0.0
IAN-00125,"225 Wood Street, Punta Gorda, FL, 33950",26.937147,-82.046963,0.0,0.0
IAN-00126,"139 E Marion Ave, Punta Gorda, FL, 33950",26.936775,-82.048483,0.0,0.0
IAN-00127,"104 Rio Villa Drive, Punta Gorda, FL, 33950",26.907285,-82.039991,0.0,0.0
IAN-00128,10175 Tamiami Trail,26.882916,-82.017293,0.0,0.0
IAN-00129,"2301 Tamiami Trail, Port Charlotte, FL, 33952",26.998006,-82.121632,0.0,0.0
IAN-00130,"2171 Tamiami Trail, Port Charlotte, FL, 33948",27.000353,-82.12476,0.0852,13.12
IAN-00131,"2200 Kings Hwy, Port Charlotte, FL, 33980",26.996221,-82.057419,0.0,0.0
IAN-00132,"27680 Bermont Road, Punta Gorda, FL, 33982",26.947954,-81.998669,0.0,0.0
IAN-00133,"26279 Jones Loop Road, Punta Gorda, FL, 33950",26.894103,-82.015187,0.0028,16.4
IAN-00134,1799 Suite #103 Tamiami Trail,27.006226,-82.133463,0.0114,19.69
IAN-00135,"1931 Tamiami Trl, Port Charlotte, FL, 33948",27.004642,-82.130946,0.0,0.0
IAN-00136,21234 Olean Blvd,26.987574,-82.100153,0.0125,3.28
IAN-00137,"909 Kings Highway, Port Charlotte, FL, 33980",27.016956,-82.052634,0.0793,19.69
IAN-00138,"4161 Tamiami Trail, Port Charlotte, FL, 33952",26.967499,-82.081748,0.0,0.0
IAN-00139,1100 El Jobean Road,27.010775,-82.149933,0.0,0.0
IAN-00140,"20183 Hillsborough Boulevard, Port Charlotte, FL, 33954",27.032284,-82.117145,0.0,0.0
IAN-00141,"3500 Bayswater Road, Punta Gorda, FL",26.94321,-82.012794,0.0,0.0
IAN-00142,"4678 Tamiami Trail, Port Charlotte, FL",26.960395,-82.068654,0.1415,29.53
IAN-00143,"4560 Tamiami Trail, Port Charlotte, FL, 33980",26.963022,-82.071488,0.0,0.0
IAN-00144,"22448 Tamiami Trail, Port Charlotte, FL",26.963566,-82.074937,0.0,0.0
IAN-00145,"4233 Tamiami Trail, Port Charlotte, FL, 33952",26.967663,-82.079855,0.0194,19.69
IAN-00146,"1931 Tamiami Trail, Port Charlotte, FL, 33948",27.004528,-82.130805,0.0045,22.97
IAN-00147,"1951 Tamiami Trail, Port Charlotte, FL, 33948",27.003632,-82.129696,0.0,0.0
IAN-00148,"2191 Tamiami Trail, Port Charlotte, FL",27.000132,-82.12437,0.0672,13.12
IAN-00149,"2195 Tamiami Trail, Port Charlotte, FL",26.999942,-82.124137,0.0,0.0
IAN-00150,"2221 Tamiami Trail, Port Charlotte, FL",26.999749,-82.123936,0.0381,16.4
IAN-00151,"2231 Tamiami Trail, Port Charlotte, FL",26.999415,-82.123465,0.0,0.0
IAN-00152,"2605 Tamiami Trail, Port Charlotte, FL, 33952",26.992602,-82.114779,0.0612,0.0
IAN-00153,"2605 Tamiami Trail, Port Charlotte, FL",26.992548,-82.114712,0.0791,0.0
IAN-00154,"3749 Tamiami Trail, Port Charlotte, FL",26.974053,-82.088955,0.0,0.0
IAN-00155,"3769 Tamiami Trail, Port Charlotte, FL, 33952",26.973738,-82.088599,0.0,0.0
IAN-00156,"3795 Tamiami Trail, Port Charlotte, FL, 33952",26.973417,-82.087977,0.0,0.0
IAN-00157,"3805 Tamiami Trail, Port Charlotte, FL, 33952",26.973225,-82.087834,0.0,0.0
IAN-00158,"3815 Tamiami Trail, Port Charlotte, FL, 33952",26.973084,-82.087644,0.0,0.0
IAN-00159,"3821 Tamiami Trail, Port Charlotte, FL, 33952",26.972976,-82.087547,0.0,0.0
IAN-00160,"3785 Tamiami Trail, Port Charlotte, FL, 33952",26.973545,-82.088357,0.0,0.0
IAN-00161,"4061 Tamiami Trail, Port Charlotte, FL, 33952",26.97073,-82.084376,0.103,29.53
IAN-00162,"4265 Tamiami Trail, Port Charlotte, FL, 33980",26.966603,-82.08019,0.0231,19.69
IAN-00163,"2480 Tamiami Trail, Port Charlotte, FL, 33952",26.995764,-82.116573,0.0,0.0
IAN-00164,"2320 Tamiami Trail, Port Charlotte, FL, 33952",26.998366,-82.120294,0.0,0.0
IAN-00165,"2300 Tamiami Trail, Port Charlotte, FL, 33952",26.998685,-82.120723,0.0,0.0
IAN-00166,"2270 Tamiami Trail, Port Charlotte, FL, 33952",26.99934,-82.121496,0.0,0.0
IAN-00167,"2040 Tamiami Trail, Port Charlotte, FL, 33948",27.003285,-82.127105,0.0,0.0
IAN-00168,"1940 Tamiami Trail, Port Charlotte, FL, 33948",27.005201,-82.129789,0.0134,22.97
IAN-00169,"1800 Tamiami Trail, Port Charlotte, FL, 33948",27.007352,-82.132633,0.0178,32.81
IAN-00170,"26440 Jones Loop Road, Punta Gorda, FL, 33950",26.895597,-82.010536,0.0,0.0
IAN-00171,"24411 Rampart Boulevard, Port Charlotte, FL",27.001541,-82.044863,0.0,0.0
IAN-00172,21186 Olean Blvd,26.986425,-82.100973,0.0,0.0
IAN-00173,"26415 Indian Trail Drive, Punta Gorda, FL, 33950",26.89569,-82.01127,0.0,0.0
IAN-00174,"1020 El Jobean Road, Port Charlotte, FL, 33948",27.011415,-82.147047,0.0,0.0
IAN-00175,"1441 Tamiami Trail, Port Charlotte, FL, 33948",27.009461,-82.147451,0.0,0.0
IAN-00176,"6404 Swiss Blvd, Punta Gorda, FL, 33982",26.935117,-81.968574,0.0,0.0
IAN-00177,"122 East Charlotte Avenue, 33950",26.933532,-82.046675,0.0,0.0
IAN-00178,"3076 Villa Street, Charlotte, FL, 33980-7325",26.985978,-82.067993,0.0,0.0
IAN-00179,"23111 Foster Avenue, Port Charlotte, FL, 33980",26.960261,-82.070606,0.0,0.0
IAN-00180,"4336 S Tamiami Trail, Port Charlotte, FL, 33950",26.966753,-82.076568,0.0,0.0
IAN-00181,"18245 Paulson Drive, Port Charlotte, FL, 33954",27.016272,-82.146455,0.0,0.0
IAN-00182,"23970 Suncoast Boulevard, Port Charlotte, FL, 33980",26.993354,-82.058226,0.0,0.0
IAN-00183,"1623 Aqui Esta Drive, FL, 33950",26.909446,-82.069278,0.0,0.0
IAN-00184,"1133 Bal Harbor Blvd., 33950",26.908649,-82.072276,0.0919,16.4
IAN-00185,"1912 Kings Highway, Port Charlotte, FL, 33980",27.006224,-82.053584,0.0,0.0
IAN-00186,"375 Kings Highway, Port Charlotte, FL, 33983",27.024942,-82.047909,0.0,0.0
IAN-00187,26530 Jones Loop Road,26.895562,-82.007901,0.0,0.0
IAN-00188,"10151 Tamiami Trail, Punta Gorda, 33950",26.885021,-82.018369,0.0,0.0
IAN-00189,"7474 Utilities Road, Punta Gorda, FL, 33982",26.921579,-82.003438,0.2063,16.4
IAN-00190,"27200 Airport Road, Punta Gorda, FL, 33982",26.918095,-81.999649,0.0333,9.84
IAN-00191,"27220 Airport Road, Punta Gorda, FL, 33982",26.917767,-81.999417,0.0,0.0
IAN-00192,"27180 Airport Road, Punta Gorda, FL, 33982",26.918449,-81.999893,0.0,0.0
IAN-00193,"24480 Sandhill Boulevard, Port Charlotte, FL, 33983",27.020637,-82.044545,0.0,0.0
IAN-00194,24410 Sandhill Boulevard,27.02334,-82.044073,0.0,0.0
IAN-00195,"21229 Olean Boulevard, Port Charlotte, FL, 33952",26.986567,-82.099394,0.0,0.0
IAN-00196,"2036 Loveland Boulevard, Port Charlotte, FL, 33980",27.002503,-82.056893,0.0,0.0
IAN-00197,"80 Mocha Court, Punta Gorda, FL, 33983-5341",27.030937,-82.012421,0.0,0.0
IAN-00198,"1341 Tamiami Trail, Port Charlotte, FL, 33948",27.011997,-82.145915,0.0,0.0
IAN-00199,"1777 Tamiami Trail, Port Charlotte, FL",27.007426,-82.136436,0.0,0.0
IAN-00200,1700 Tamiami Trail,27.009421,-82.136289,0.0,0.0
IAN-00201,3941 Tamiami Trail,26.890396,-82.026182,0.0,0.0
IAN-00202,"18505 Paulson Drive, Port Charlotte, FL, 33954",27.015465,-82.143141,0.0,0.0
IAN-00203,"812 Kings Highway, Port Charlotte, FL, 33980",27.016998,-82.048259,0.0,0.0
IAN-00204,"24244 Corporate Court, Port Charlotte, FL, 33954",27.018556,-82.050966,0.0,0.0
IAN-00205,"75 Taylor Street, Punta Gorda, FL, 33950",26.936962,-82.053638,0.0,0.0
IAN-00206,110 Sullivan Street,26.935648,-82.052334,0.0,0.0
IAN-00207,112 Sullivan Street,26.935477,-82.052174,0.0,0.0
IAN-00208,"150 West McKenzie Street, Punta Gorda, FL, 33950",26.92757,-82.048424,0.0,0.0
IAN-00209,"1520 Tamiami Trail, Charlotte Park, FL, 33950",26.924623,-82.046657,0.0,0.0
IAN-00210,"101 Harborside Avenue, Punta Gorda, FL, 33950",26.937452,-82.051953,0.0,0.0
IAN-00211,25200 Airport Road,26.917521,-82.032563,0.0,0.0
IAN-00212,"2310 Tamiami Trail, Punta Gorda",26.919198,-82.046608,0.0,0.0
IAN-00213,"10175 Tamiami Trail, Punta Gorda, FL, 33950",26.883003,-82.017595,0.0,0.0
IAN-00214,"406 Dr Martin Luther King Jr Boulevard, Punta Gorda",26.93616,-82.043871,0.0,0.0
IAN-00215,"1 Cheney Way, Punta Gorda, FL, 33982",26.91153,-82.008042,0.0,0.0
IAN-00216,"1100 Loveland Boulevard, Port Charlotte, FL, 33980",27.012232,-82.056261,0.0,0.0
IAN-00217,"1050 Loveland Boulevard, Port Charlotte, FL, 33980",27.012619,-82.05703,0.0402,3.28
IAN-00218,25365 Rampart Boulevard,27.002169,-82.029128,0.0,0.0
IAN-00219,21500 Clinton Avenue,27.02629,-82.091639,0.0,0.0
IAN-00220,"1391 Tamiami Trail, Port Charlotte, FL, 33948",27.011391,-82.144618,0.0,0.0
IAN-00221,"1400 Tamiami Trail, Port Charlotte, FL, 33948-1004",27.013293,-82.142145,0.0,0.0
IAN-00222,1950 Tamiami Trail,26.92038,-82.046692,0.0,0.0
IAN-00223,"401 Shreve Street, Punta Gorda, FL, 33950-3310;33950",26.926018,-82.056576,0.0195,6.56
IAN-00224,"2525 Tamiami Trail, Port Charlotte, FL, 33952",26.993988,-82.11633,0.0,0.0
IAN-00225,"18500 Murdock Circle, Port Charlotte, FL",27.00866,-82.141144,0.0,0.0
IAN-00226,"19100 Murdock Circle, Port Charlotte, FL, 33948",27.013968,-82.139719,0.0,0.0
IAN-00227,"19690 Cochran Boulevard, Port Charlotte, FL, 33948",27.014884,-82.136243,0.0,0.0
IAN-00228,"2500 Aaron Street, Port Charlotte, FL, 33952",26.986045,-82.096735,0.0727,6.56
IAN-00229,"3280 Tamiami Trail, Port Charlotte, FL, 33952",26.983922,-82.098006,0.0,0.0
IAN-00230,"2500 Harbor Boulevard, Port Charlotte, FL, 33952",26.989143,-82.095672,0.0,0.0
IAN-00231,"3206 Northwest Tamiami Trail, Port Charlotte, FL, 33952",26.984404,-82.101214,0.0,0.0
IAN-00232,"3232 Tamiami Trail, Port Charlotte, FL, 33952",26.983597,-82.100112,0.036,9.84
IAN-00233,"2450 Tamiami Trail, Port Charlotte, FL, 33952",26.996061,-82.117251,0.0,0.0
IAN-00234,"2440 Tamiami Trl, Port Charlotte, FL, 33952",26.996195,-82.117554,0.0085,13.12
IAN-00235,"2420 Tamiami Trail, Port Charlotte, FL, 33952",26.996554,-82.118044,0.0,0.0
IAN-00236,"2404 Tamiami Trail, Port Charlotte, FL, 33952",26.996816,-82.118352,0.0,0.0
IAN-00237,"2400 Tamiami Trail, Port Charlotte, FL, 33952",26.996917,-82.118487,0.0,0.0
IAN-00238,"2394 Tamiami Trail, Port Charlotte, FL, 33952",26.996977,-82.118605,0.0,0.0
IAN-00239,"2390 Tamiami Trail, Port Charlotte, FL, 33952",26.997123,-82.118692,0.0,0.0
IAN-00240,"2370 Tamiami Trail, Port Charlotte, FL, 33952",26.997442,-82.119168,0.0,0.0
IAN-00241,"2360 Tamiami Trail, Port Charlotte, FL, 33952",26.997672,-82.119481,0.0,0.0
IAN-00242,"2100 Forrest Nelson Boulevard, Port Charlotte, FL, 33952",27.000245,-82.122682,0.0,0.0
IAN-00243,"2260 Tamiami Trail, Port Charlotte, FL, 33952",26.999358,-82.121684,0.0004,9.84
IAN-00244,"2286 Tamiami Trail, Port Charlotte, FL, 33952",26.998961,-82.121015,0.0,0.0
IAN-00245,"2324 Tamiami Trail, Port Charlotte, FL, 33952",26.998311,-82.120157,0.0,0.0
IAN-00246,"2315 Tamiami Trail, Port Charlotte, FL, 33952",26.997762,-82.12142,0.0,0.0
IAN-00247,"2455 Tamiami Trail, Port Charlotte, FL",26.995273,-82.117911,0.0016,13.12
IAN-00248,"2465 Tamiami Trail, Port Charlotte, FL",26.994994,-82.117716,0.0672,13.12
IAN-00249,"2512 Tamiami Trail, Port Charlotte, FL, 33952",26.994979,-82.115769,0.0,0.0
IAN-00250,"2651 Tamiami Trail, Port Charlotte, FL",26.991715,-82.113474,0.0481,6.56
IAN-00251,"2625 Tamiami Trail, Port Charlotte, FL",26.992064,-82.113895,0.0,0.0
IAN-00252,"2575 Tamiami Trail, Port Charlotte, FL",26.993018,-82.114919,0.0,0.0
IAN-00253,"2565 Tamiami Trail, Port Charlotte, FL",26.993069,-82.115288,0.0,0.0
IAN-00254,"4478 Tamiami Trail, Port Charlotte, FL",26.963972,-82.072611,0.0057,26.25
IAN-00255,"4265 Tamiami Trail, Port Charlotte, FL, 33980-2152",26.966579,-82.080687,0.0,0.0
IAN-00256,"4500 Harbor Boulevard, Port Charlotte, FL, 33952",26.96214,-82.11284,0.0,0.0
IAN-00257,"9035 Mac Drive, Punta Gorda, FL, 33950",26.8978,-82.006452,0.0,0.0
IAN-00258,120 Bangsberg Road Southeast,26.963079,-82.090122,0.0,0.0
IAN-00259,"118 Bangsberg Road Southeast, Port Charlotte, FL",26.963368,-82.090219,0.0,0.0
IAN-00260,"125 Bangsberg Road Southeast, Port Charlotte, FL",26.963027,-82.089583,0.0,0.0
IAN-00261,"733 Springview Avenue Northwest, Port Charlotte, FL, 33948",26.980901,-82.124711,0.0,0.0
IAN-00262,"234 Seasons Drive, Punta Gorda, FL, 33983",27.025331,-82.007354,0.0881,9.84
IAN-00263,"233 Seasons Drive, Punta Gorda, FL, 33983",27.025289,-82.008041,0.0426,9.84
IAN-00264,"226 Seasons Drive, Punta Gorda, FL, 33983",27.025553,-82.007367,0.011,9.84
IAN-00265,"225 Seasons Drive, Punta Gorda, FL, 33983",27.025518,-82.007937,0.0089,9.84
IAN-00266,"218 Seasons Drive, Punta Gorda, FL, 33983",27.025774,-82.007413,0.0,0.0
IAN-00267,"217 Seasons Drive, Punta Gorda, FL, 33983",27.025742,-82.007956,0.0,0.0
IAN-00268,"1225 Rutledge St, North Port, FL, 34288",27.032797,-82.069773,0.0791,0.0
IAN-00269,"806 Kings Highway, Port Charlotte, FL",27.01773,-82.048414,0.0,0.0
IAN-00270,"1941 Tamiami Trail, Port Charlotte, FL, 33948",27.003714,-82.130655,0.0,0.0
IAN-00271,"2386 Beacon Drive, Port Charlotte, FL, 33952",26.992135,-82.073251,0.0,0.0
IAN-00272,"2394 Beacon Drive, Port Charlotte, FL, 33952",26.991963,-82.073481,0.0,0.0
IAN-00273,"2377 Beacon Drive, Port Charlotte, FL, 33952",26.992604,-82.073504,0.0,0.0
IAN-00274,"2411 Aquilos Court, Port Charlotte, FL, 33952",26.992841,-82.07403,0.0,0.0
IAN-00275,"2419 Aquilos Court, Port Charlotte, FL, 33952",26.992807,-82.07432,0.0,0.0
IAN-00276,"2427 Aquilos Court, Port Charlotte, FL, 33952",26.992671,-82.074558,0.0,0.0
IAN-00277,"2435 Aquilos Court, Port Charlotte, FL, 33952",26.992511,-82.074773,0.0,0.0
IAN-00278,"2443 Aquilos Court, Port Charlotte, FL, 33952",26.992333,-82.074961,0.0,0.0
IAN-00279,"2451 Aquilos Court, Port Charlotte, FL, 33952",26.992107,-82.075148,0.0,0.0
IAN-00280,"2459 Aquilos Court, Port Charlotte, FL, 33952",26.99197,-82.075392,0.0,0.0
IAN-00281,"2467 Aquilos Court, Port Charlotte, FL, 33952",26.991746,-82.07556,0.0,0.0
IAN-00282,"2475 Aquilos Court, Port Charlotte, FL, 33952",26.991566,-82.075774,0.0,0.0
IAN-00283,"2483 Aquilos Court, Port Charlotte, FL, 33952",26.991408,-82.076004,0.0,0.0
IAN-00284,"2491 Aquilos Court, Port Charlotte, FL, 33952",26.991233,-82.076215,0.0,0.0
IAN-00285,"2500 Aquilos Court, Port Charlotte, FL, 33952",26.990907,-82.076144,0.0,0.0
IAN-00286,"2492 Aquilos Court, Port Charlotte, FL, 33952",26.990795,-82.075884,0.0,0.0
IAN-00287,"2484 Aquilos Court, Port Charlotte, FL, 33952",26.99106,-82.075618,0.0,0.0
IAN-00288,"2476 Aquilos Court, Port Charlotte, FL, 33952",26.991267,-82.075428,0.0,0.0
IAN-00289,"2468 Aquilos Court, Port Charlotte, FL, 33952",26.991437,-82.075245,0.0,0.0
IAN-00290,"2460 Aquilos Court, Port Charlotte, FL, 33952",26.991576,-82.075055,0.0,0.0
IAN-00291,2444 Aquilos Court,26.991922,-82.074714,0.0,0.0
IAN-00292,2436 Aquilos Court,26.99211,-82.074562,0.0,0.0
IAN-00293,2428 Aquilos Court,26.992291,-82.074339,0.0,0.0
IAN-00294,2412 Aquilos Court,26.992434,-82.074083,0.0,0.0
IAN-00295,2396 Aquilos Court,26.992294,-82.073878,0.0,0.0
IAN-00296,2409 Beacon Drive,26.991888,-82.074271,0.0,0.0
IAN-00297,2401 Beacon Drive,26.992086,-82.074077,0.0,0.0
IAN-00298,"2420 San Benito Court, Port Charlotte, FL, 33952",26.9917,-82.074508,0.0,0.0
IAN-00299,"2433 Beacon Drive, Port Charlotte, FL, 33952",26.991403,-82.074858,0.0,0.0
IAN-00300,"2441 Beacon Drive, Port Charlotte, FL, 33952",26.99122,-82.075011,0.0,0.0
IAN-00301,"2378 Beacon Drive, Port Charlotte, FL, 33952",26.992314,-82.073078,0.0,0.0
IAN-00302,"2369 Beacon Drive, Port Charlotte, FL, 33952",26.992802,-82.073286,0.0,0.0
IAN-00303,"2361 Beacon Drive, FL, 33952",26.993019,-82.073099,0.0085,16.4
IAN-00304,"2353 Beacon Drive, Port Charlotte, FL, 33952",26.993157,-82.072903,0.0089,16.4
IAN-00305,"2345 Beacon Drive, Port Charlotte, FL, 33952",26.9934,-82.072721,0.0,0.0
IAN-00306,"2335 Beacon Drive, Port Charlotte, FL, 33952",26.993573,-82.072537,0.0,0.0
IAN-00307,"2325 Beacon Drive, Port Charlotte, FL, 33952",26.99374,-82.072271,0.0,0.0
IAN-00308,"2315 Beacon Drive, Port Charlotte, FL, 33952",26.993961,-82.072112,0.0,0.0
IAN-00309,"2305 Beacon Drive, Port Charlotte, FL, 33952",26.994229,-82.07211,0.0,0.0
IAN-00310,"2297 Beacon Drive, Port Charlotte, FL, 33952",26.99446,-82.072082,0.0,0.0
IAN-00311,"22581 Bolanos Court, Port Charlotte, FL, 33952",26.994499,-82.072427,0.0,0.0
IAN-00312,"22573 Bolanos Court, Port Charlotte, FL, 33952",26.994533,-82.072693,0.0016,26.25
IAN-00313,"22565 Bolanos Court, Port Charlotte, FL, 33952",26.994559,-82.072971,0.0231,26.25
IAN-00314,"22557 Bolanos Court, Port Charlotte, FL, 33952",26.994602,-82.073299,0.0041,26.25
IAN-00315,"22549 Bolanos Court, Port Charlotte, FL, 33952",26.994638,-82.073566,0.0,0.0
IAN-00316,"22541 Bolanos Court, Port Charlotte, FL, 33952",26.994736,-82.073823,0.0,0.0
IAN-00317,"22533 Bolanos Court, Port Charlotte, FL, 33952",26.99479,-82.074094,0.0,0.0
IAN-00318,"22525 Bolanos Court, Port Charlotte, FL, 33952",26.994851,-82.074429,0.0,0.0
IAN-00319,"22517 Bolanos Court, Port Charlotte, FL, 33952",26.994966,-82.074684,0.0,0.0
IAN-00320,"22509 Bolanos Court, Port Charlotte, FL, 33952",26.994977,-82.075014,0.0,0.0
IAN-00321,"22501 Bolanos Court, Port Charlotte, FL, 33952",26.995188,-82.075243,0.0,0.0
IAN-00322,"22500 Bolanos Court, Port Charlotte, FL, 33952",26.995453,-82.075073,0.0,0.0
IAN-00323,"22508 Bolanos Court, Port Charlotte, FL, 33952",26.995519,-82.074757,0.0,0.0
IAN-00324,"22516 Bolanos Court, Port Charlotte, FL, 33952",26.995345,-82.074535,0.0,0.0
IAN-00325,"22524 Bolanos Court, Port Charlotte, FL, 33952",26.995316,-82.074264,0.0299,16.4
IAN-00326,"22532 Bolanos Court, Port Charlotte, FL, 33952",26.995225,-82.074009,0.0441,16.4
IAN-00327,"22540 Bolanos Court, Port Charlotte, FL, 33952",26.995137,-82.073739,0.0065,16.4
IAN-00328,"22548 Bolanos Court, Port Charlotte, FL, 33952",26.995054,-82.073465,0.0,0.0
IAN-00329,"22556 Bolanos Court, Port Charlotte, FL, 33952",26.995012,-82.073192,0.0,0.0
IAN-00330,"22564 Bolanos Court, Port Charlotte, FL, 33952",26.994979,-82.072928,0.0109,13.12
IAN-00331,"22572 Bolanos Court, Port Charlotte, FL, 33952",26.994961,-82.072647,0.0474,13.12
IAN-00332,"22580 Bolanos Court, Port Charlotte, FL, 33952",26.994928,-82.072378,0.0264,13.12
IAN-00333,"22590 Bolanos Court, Port Charlotte, FL, 33952",26.994909,-82.072037,0.0,0.0
IAN-00334,"2402 Beacon Drive, Port Charlotte, FL, 33952",26.99177,-82.07368,0.0,0.0
IAN-00335,"2410 Beacon Drive, Port Charlotte, FL, 33952",26.991599,-82.073879,0.0,0.0
IAN-00336,"2418 Beacon Drive, Port Charlotte, FL, 33952",26.991429,-82.074064,0.0,0.0
IAN-00337,"2426 Beacon Drive, Port Charlotte, FL, 33952",26.99125,-82.074264,0.0,0.0
IAN-00338,"2434 Beacon Drive, Port Charlotte, FL, 33952",26.991006,-82.074483,0.0,0.0
IAN-00339,"2449 Beacon Drive, Port Charlotte, FL, 33952",26.991034,-82.07519,0.0,0.0
IAN-00340,2531 Abscott Street,26.990759,-82.07419,0.0,0.0
IAN-00341,2469 Ivanhoe Street,26.990892,-82.073959,0.0,0.0
IAN-00342,2461 Ivanhoe Street,26.991065,-82.073796,0.0,0.0
IAN-00343,2453 Ivanhoe Street,26.991222,-82.073604,0.0,0.0
IAN-00344,2445 Ivanhoe Street,26.991385,-82.07344,0.0,0.0
IAN-00345,2437 Ivanhoe Street,26.991525,-82.073286,0.0,0.0
IAN-00346,2429 Ivanhoe Street,26.991698,-82.073098,0.0,0.0
IAN-00347,2421 Ivanhoe Street,26.991852,-82.072933,0.0,0.0
IAN-00348,23045 Peyton Place,26.992052,-82.072812,0.0,0.0
IAN-00349,2362 Beacon Drive,26.992641,-82.072733,0.0,0.0
IAN-00350,2354 Beacon Drive,26.992836,-82.072557,0.0,0.0
IAN-00351,23044 Peyton Place,26.992348,-82.072451,0.0,0.0
IAN-00352,2391 Ivanhoe Street,26.992458,-82.072268,0.0,0.0
IAN-00353,2383 Ivanhoe Street,26.99263,-82.072096,0.0,0.0
IAN-00354,2375 Ivanhoe Street,26.992779,-82.071893,0.0,0.0
IAN-00355,2370 Ivanhoe Street,26.992407,-82.071599,0.0,0.0
IAN-00356,2382 Ivanhoe Street,26.992287,-82.071803,0.0,0.0
IAN-00357,23060 Peyton Place,26.992123,-82.072026,0.0,0.0
IAN-00358,23061 Peyton Place,26.991743,-82.072384,0.0,0.0
IAN-00359,2420 Ivanhoe Street,26.991613,-82.072552,0.0,0.0
IAN-00360,23034 Peru Avenue,26.991276,-82.072946,0.0,0.0
IAN-00361,23033 Peru Avenue,26.990921,-82.073219,0.0,0.0
IAN-00362,2462 Ivanhoe Street,26.990812,-82.073452,0.0,0.0
IAN-00363,2470 Ivanhoe Street,26.990628,-82.073598,0.0,0.0
IAN-00364,2515 Abscott Street,26.990462,-82.073794,0.0,0.0
IAN-00365,2505 Abscott Street,26.990442,-82.073333,0.0,0.0
IAN-00366,2497 Abscott Street,26.990448,-82.07298,0.0,0.0
IAN-00367,2489 Abscott Street,26.99047,-82.072739,0.0,0.0
IAN-00368,2481 Abscott Street,26.990437,-82.072485,0.0,0.0
IAN-00369,2473 Abscott Street,26.990456,-82.072232,0.0,0.0
IAN-00370,2455 Abscott Street,26.99051,-82.071954,0.0,0.0
IAN-00371,23067 Peru Avenue,26.990813,-82.072088,0.0,0.0
IAN-00372,23059 Peru Avenue,26.990805,-82.072331,0.0,0.0
IAN-00373,23051 Peru Avenue,26.990858,-82.07258,0.0,0.0
IAN-00374,23088 Peyton Place,26.992088,-82.071389,0.0,0.0
IAN-00375,23071 Peyton Place,26.991674,-82.072004,0.0,0.0
IAN-00376,23079 Peyton Place,26.991659,-82.071718,0.0,0.0
IAN-00377,23087 Peyton Place,26.991663,-82.071468,0.0,0.0
IAN-00378,2427 Abscott Street,26.991339,-82.071505,0.0,0.0
IAN-00379,23076 Peru Avenue,26.991283,-82.07182,0.0,0.0
IAN-00380,23056 Peru Avenue,26.991289,-82.072357,0.0,0.0
IAN-00381,2457 Beacon Drive,26.990859,-82.075397,0.0,0.0
IAN-00382,2358 Ivanhoe Street,26.992403,-82.071327,0.0,0.0
IAN-00383,2372 Abscott Street,26.992607,-82.070835,0.0,0.0
IAN-00384,2298 Beacon Drive,26.994306,-82.07155,0.0,0.0
IAN-00385,2306 Beacon Drive,26.994056,-82.071581,0.0,0.0
IAN-00386,2314 Beacon Drive,26.993797,-82.071634,0.0,0.0
IAN-00387,2322 Beacon Drive,26.993548,-82.071758,0.0,0.0
IAN-00388,2330 Beacon Drive,26.993362,-82.071973,0.0,0.0
IAN-00389,2338 Beacon Drive,26.993191,-82.072157,0.0,0.0
IAN-00390,2346 Beacon Drive,26.993017,-82.072348,0.0,0.0
IAN-00391,2364 Abscott Street,26.992821,-82.070805,0.0,0.0
IAN-00392,2348 Abscott Street,26.993267,-82.070731,0.0,0.0
IAN-00393,2340 Abscott Street,26.993486,-82.070717,0.0,0.0
IAN-00394,2332 Abscott Street,26.993707,-82.070669,0.0,0.0
IAN-00395,2324 Abscott Street,26.993917,-82.070666,0.0,0.0
IAN-00396,2316 Abscott Street,26.994186,-82.070654,0.0,0.0
IAN-00397,2347 Abscott Street,26.993306,-82.071203,0.0,0.0
IAN-00398,2331 Abscott Street,26.993744,-82.071137,0.0,0.0
IAN-00399,2323 Abscott Street,26.993962,-82.071136,0.0,0.0
IAN-00400,2307 Abscott Street,26.994399,-82.071067,0.0,0.0
IAN-00401,2299 Abscott Street,26.994617,-82.071059,0.0,0.0
IAN-00402,2300 Abscott Street,26.994577,-82.070586,0.0,0.0
IAN-00403,2292 Abscott Street,26.994785,-82.07055,0.0,0.0
IAN-00404,2291 Abscott Street,26.994843,-82.071024,0.0,0.0
IAN-00405,23047 Fontaine Avenue,26.995032,-82.071017,0.0,0.0
IAN-00406,2284 Abscott Street,26.995009,-82.070533,0.0,0.0
IAN-00407,2282 Beacon Drive,26.994787,-82.071505,0.0,0.0
IAN-00408,2290 Beacon Drive,26.99455,-82.071533,0.0,0.0
IAN-00409,2256 Beacon Drive,26.995489,-82.071414,0.0,0.0
IAN-00410,2276 Abscott Street,26.995232,-82.070524,0.0,0.0
IAN-00411,23046 Fontaine Avenue,26.99544,-82.070977,0.0,0.0
IAN-00412,2404 Abscott Street,26.991728,-82.070941,0.0,0.0
IAN-00413,2412 Abscott Street,26.991499,-82.070994,0.0,0.0
IAN-00414,2420 Abscott Street,26.991267,-82.071017,0.0,0.0
IAN-00415,2428 Abscott Street,26.991046,-82.071142,0.0,0.0
IAN-00416,2436 Abscott Street,26.99086,-82.071204,0.0,0.0
IAN-00417,2450 Abscott Street,26.990463,-82.071419,0.0,0.0
IAN-00418,2468 Abscott Street,26.989984,-82.072012,0.0,0.0
IAN-00419,2474 Abscott Street,26.990001,-82.072287,0.0,0.0
IAN-00420,2490 Abscott Street,26.989985,-82.07278,0.0,0.0
IAN-00421,2498 Abscott Street,26.990028,-82.073009,0.0,0.0
IAN-00422,2494 Ivanhoe Street,26.989988,-82.074258,0.0,0.0
IAN-00423,2518 Ivanhoe Street,26.989728,-82.074305,0.0,0.0
IAN-00424,2526 Ivanhoe Street,26.989507,-82.074343,0.0,0.0
IAN-00425,2534 Ivanhoe Street,26.989283,-82.074325,0.0,0.0
IAN-00426,2542 Ivanhoe Street,26.989074,-82.074327,0.0,0.0
IAN-00427,2550 Ivanhoe Street,26.988839,-82.074316,0.0,0.0
IAN-00428,2574 Ivanhoe Street,26.988184,-82.074346,0.0,0.0
IAN-00429,2575 Ivanhoe Street,26.988189,-82.074803,0.0,0.0
IAN-00430,2567 Ivanhoe Street,26.988416,-82.074784,0.0,0.0
IAN-00431,2559 Ivanhoe Street,26.98863,-82.074789,0.0,0.0
IAN-00432,2551 Ivanhoe Street,26.988847,-82.07479,0.0,0.0
IAN-00433,2543 Ivanhoe Street,26.989076,-82.074776,0.0,0.0
IAN-00434,2535 Ivanhoe Street,26.989279,-82.07477,0.0,0.0
IAN-00435,2527 Ivanhoe Street,26.989506,-82.074788,0.0,0.0
IAN-00436,2519 Ivanhoe Street,26.989738,-82.07478,0.0,0.0
IAN-00437,2511 Ivanhoe Street,26.989949,-82.074814,0.0,0.0
IAN-00438,2503 Ivanhoe Street,26.990175,-82.074694,0.0,0.0
IAN-00439,2495 Ivanhoe Street,26.990402,-82.074528,0.0,0.0
IAN-00440,2480 Beacon Drive,26.990007,-82.075247,0.0,0.0
IAN-00441,2468 Beacon Drive,26.989759,-82.075245,0.0,0.0
IAN-00442,2475 Beacon Drive,26.990221,-82.075772,0.0,0.0
IAN-00443,2469 Beacon Drive,26.990464,-82.075737,0.0,0.0
IAN-00444,2357 Ivanhoe Street,26.99285,-82.071292,0.0,0.0
IAN-00445,"1793 Tamiami Trail, Port Charlotte, FL, 33948",27.007007,-82.134588,0.0,0.0
IAN-00446,"1789 Tamiami Trail, Port Charlotte, FL, 33948",27.007054,-82.135002,0.0,0.0
IAN-00447,"1797 Tamiami Trail, Port Charlotte, FL",27.006482,-82.13396,0.0,0.0
IAN-00448,"1380 Tamiami Trail, Port Charlotte, FL, 33948",27.012195,-82.143455,0.0,0.0
IAN-00449,"3835 Tamiami Trail, Port Charlotte, FL",26.972644,-82.087219,0.0,0.0
IAN-00450,"3841 Tamiami Trail, Port Charlotte, FL",26.972566,-82.086996,0.0,0.0
IAN-00451,"3883 Tamiami Trail, Port Charlotte, FL, 33952",26.971783,-82.085938,0.0,0.0
IAN-00452,"4056 Tamiami Trail, Port Charlotte, FL, 33952",26.972364,-82.083254,0.0,0.0
IAN-00453,"4065 Tamiami Trail, Port Charlotte, FL, 33952",26.970606,-82.084267,0.1017,29.53
IAN-00454,"4045 Tamiami Trail, Port Charlotte, FL, 33952",26.970838,-82.084681,0.0336,29.53
IAN-00455,"4075 Tamiami Trail, Port Charlotte, FL, 33952",26.970316,-82.083926,0.0,0.0
IAN-00456,"4095 Tamiami Trail, Port Charlotte, FL, 33952",26.970101,-82.083562,0.0,0.0
IAN-00457,"4109 Tamiami Trail, Port Charlotte, FL, 33952",26.96969,-82.083231,0.0,0.0
IAN-00458,"4105 Tamiami Trail, Port Charlotte, FL, 33952",26.969931,-82.083318,0.0,0.0
IAN-00459,"4135 Tamiami Trail, Port Charlotte, FL, 33952",26.96943,-82.082776,0.0,0.0
IAN-00460,"4157 Tamiami Trail, Port Charlotte, FL, 33952",26.969068,-82.082143,0.0,0.0
IAN-00461,"4580 Kings Highway, Port Charlotte, FL, 33980",26.962741,-82.070751,0.0,0.0
IAN-00462,"4695 Tamiami Trail, Port Charlotte, FL, 33980",26.959673,-82.069166,0.0514,26.25
IAN-00463,"4694 Tamiami Trail, Port Charlotte, FL",26.960307,-82.068365,0.1351,29.53
IAN-00464,"2785 Tamiami Trail, Port Charlotte, FL",26.989282,-82.110398,0.0,0.0
IAN-00465,"2050 Forrest Nelson Boulevard, Port Charlotte, FL, 33952",27.001514,-82.122488,0.0,0.0
IAN-00466,"2200 Tamiami Trail, Port Charlotte, FL, 33952",27.000773,-82.123541,0.015,0.0
IAN-00467,"2151 Tamiami Trail, Port Charlotte, FL",27.000669,-82.125327,0.0,0.0
IAN-00468,"2101 Tamiami Trail, Port Charlotte, FL, 33948",27.001514,-82.126549,0.0,0.0
IAN-00469,"2091 Tamiami Trail, Port Charlotte, FL, 33948",27.001714,-82.12687,0.0473,19.69
IAN-00470,"2081 Tamiami Trail, Port Charlotte, FL",27.001924,-82.126896,0.1029,19.69
IAN-00471,"2090 Tamiami Trail, Port Charlotte, FL, 33948",27.002361,-82.125894,0.0,0.0
IAN-00472,"1850 Tamiami Trail, Port Charlotte, FL, 33948",27.006554,-82.13162,0.0,0.0
IAN-00473,"1814 Tamiami Trail, Port Charlotte, FL, 33948",27.006913,-82.132208,0.0529,22.97
IAN-00474,"1617 Tamiami Trail, Port Charlotte, FL",27.008758,-82.138899,0.0,0.0
IAN-00475,"18151 Murdock Circle, Port Charlotte, FL, 33948",27.007076,-82.146574,0.0,0.0
IAN-00476,"18101 Murdock Circle, Port Charlotte, FL, 33948",27.006981,-82.14729,0.0,0.0
IAN-00477,"19501 Cochran Boulevard, Port Charlotte, FL, 33948",27.011303,-82.13249,0.0,0.0
IAN-00478,"3667 Tamiami Trail, Port Charlotte, FL",26.98592,-82.105597,0.0,0.0
IAN-00479,"3001 Tamiami Trail, Port Charlotte, FL, 33952",26.986938,-82.107512,0.0,0.0
IAN-00480,"3195 Tamiami Trail, Port Charlotte, FL, 33953",26.983397,-82.102563,0.0,0.0
IAN-00481,"21051 Bersell Avenue, 33952",26.995748,-82.105248,0.0,0.0
IAN-00482,"21059 Bersell Avenue, 33952",26.995756,-82.105026,0.0,0.0
IAN-00483,"21067 Bersell Avenue, 33952",26.995738,-82.104806,0.0,0.0
IAN-00484,"24411 Rampart Boulevard, Port Charlotte, FL, 33980",27.001543,-82.044715,0.0,0.0
IAN-00485,"3305 Tamiami Trail, Punta Gorda, FL, 33950",26.908655,-82.041312,0.0,0.0
IAN-00486,"3311 Tamiami Trail, Port Charlotte, FL",26.981703,-82.099648,0.0,0.0
IAN-00487,"199 Carlisle Avenue Northwest, Port Charlotte, FL, 33952",26.975836,-82.104501,0.0,0.0
IAN-00488,"147 Chelsea Court Northwest, Port Charlotte, FL, 33952",26.975922,-82.104221,0.0,0.0
IAN-00489,"148 Chelsea Court Northwest, Port Charlotte, FL, 33952",26.97637,-82.104271,0.0008,13.12
IAN-00490,"150 Chelsea Court Northwest, Port Charlotte, FL, 33952",26.976277,-82.104493,0.0,0.0
IAN-00491,"152 Chelsea Court Northwest, Port Charlotte, FL, 33952",26.976205,-82.104725,0.0,0.0
IAN-00492,"154 Chelsea Court Northwest, Port Charlotte, FL, 33952",26.976123,-82.104924,0.0,0.0
IAN-00493,"156 Chelsea Court Northwest, Port Charlotte, FL, 33952",26.976008,-82.10515,0.0,0.0
IAN-00494,"158 Chelsea Court Northwest, Port Charlotte, FL, 33952",26.975926,-82.105379,0.0,0.0
IAN-00495,"160 Chelsea Court Northwest, Port Charlotte, FL, 33952",26.975822,-82.105614,0.0,0.0
IAN-00496,"162 Chelsea Court Northwest, Port Charlotte, FL, 33952",26.975733,-82.105832,0.0,0.0
IAN-00497,"164 Chelsea Court Northwest, Port Charlotte, FL, 33952",26.975641,-82.106042,0.0,0.0
IAN-00498,"166 Chelsea Court Northwest, Port Charlotte, FL, 33952",26.975546,-82.106269,0.0,0.0
IAN-00499,"167 Chelsea Court Northwest, Port Charlotte, FL, 33952",26.975009,-82.106469,0.0,0.0
IAN-00500,"161 Chelsea Court Northwest, Port Charlotte, FL, 33952",26.975327,-82.105654,0.0,0.0
IAN-00501,"159 Chelsea Court Northwest, Port Charlotte, FL, 33952",26.975431,-82.105428,0.0,0.0
IAN-00502,"157 Chelsea Court Northwest, Port Charlotte, FL, 33952",26.975504,-82.105198,0.0,0.0
IAN-00503,"155 Chelsea Court Northwest, Port Charlotte, FL, 33952",26.975639,-82.104957,0.0,0.0
IAN-00504,"197 Carlisle Avenue Northwest, Port Charlotte, FL, 33952",26.975575,-82.104385,0.0,0.0
IAN-00505,"195 Carlisle Avenue Northwest, Port Charlotte, FL, 33952",26.975306,-82.104485,0.0,0.0
IAN-00506,"193 Carlisle Avenue Northwest, Port Charlotte, FL, 33952",26.975089,-82.104539,0.0,0.0
IAN-00507,"189 Carlisle Avenue Northwest, Port Charlotte, FL, 33952",26.974894,-82.104625,0.0,0.0
IAN-00508,"101 Carlisle Avenue Northwest, Port Charlotte, FL, 33952",26.971562,-82.106249,0.0215,29.53
IAN-00509,"111 Carlisle Avenue Northwest, Port Charlotte, FL, 33952",26.971742,-82.106079,0.0384,29.53
IAN-00510,"121 Carlisle Avenue Northwest, Port Charlotte, FL, 33952",26.971949,-82.105985,0.0024,29.53
IAN-00511,"131 Carlisle Avenue Northwest, Port Charlotte, FL, 33952",26.972128,-82.105811,0.0,0.0
IAN-00512,"141 Carlisle Avenue Northwest, Port Charlotte, FL, 33952",26.972336,-82.105664,0.0,0.0
IAN-00513,"153 Carlisle Avenue Northwest, Port Charlotte, FL, 33952",26.973003,-82.105306,0.0,0.0
IAN-00514,"157 Carlisle Avenue Northwest, Port Charlotte, FL, 33952",26.973224,-82.105244,0.0,0.0
IAN-00515,"161 Carlisle Avenue Northwest, Port Charlotte, FL, 33952",26.973417,-82.105171,0.0,0.0
IAN-00516,"165 Carlisle Avenue Northwest, Port Charlotte, FL, 33952",26.97361,-82.105089,0.0,0.0
IAN-00517,"169 Carlisle Avenue Northwest, Port Charlotte, FL, 33952",26.973846,-82.105018,0.0,0.0
IAN-00518,"173 Carlisle Avenue Northwest, Port Charlotte, FL, 33952",26.97405,-82.104929,0.0,0.0
IAN-00519,"177 Carlisle Avenue Northwest, Port Charlotte, FL, 33952",26.974265,-82.104866,0.0,0.0
IAN-00520,"181 Carlisle Avenue Northwest, Port Charlotte, FL, 33952",26.974478,-82.104792,0.0,0.0
IAN-00521,"185 Carlisle Avenue Northwest, Port Charlotte, FL, 33952",26.974682,-82.104702,0.0,0.0
IAN-00522,"192 Carlisle Avenue Northwest, Port Charlotte, FL, 33952",26.97522,-82.105019,0.0,0.0
IAN-00523,"188 Carlisle Avenue Northwest, Port Charlotte, FL, 33952",26.974987,-82.105094,0.0,0.0
IAN-00524,"184 Carlisle Avenue Northwest, Port Charlotte, FL, 33952",26.974763,-82.105157,0.0,0.0
IAN-00525,"180 Carlisle Avenue Northwest, Port Charlotte, FL, 33952",26.97458,-82.105234,0.0,0.0
IAN-00526,"176 Carlisle Avenue Northwest, Port Charlotte, FL, 33952",26.974358,-82.105349,0.0,0.0
IAN-00527,"168 Carlisle Avenue Northwest, Port Charlotte, FL, 33952",26.973966,-82.105468,0.0,0.0
IAN-00528,"164 Carlisle Avenue Northwest, Port Charlotte, FL, 33952",26.973709,-82.105546,0.0,0.0
IAN-00529,"130 Carlisle Avenue Northwest, Port Charlotte, FL, 33952",26.972327,-82.106194,0.0,0.0
IAN-00530,"120 Carlisle Avenue Northwest, Port Charlotte, FL, 33952",26.972142,-82.106333,0.0,0.0
IAN-00531,"161 Chatham Street Northwest, Port Charlotte, FL, 33952",26.973044,-82.105836,0.0,0.0
IAN-00532,"169 Chatham Street Northwest, Port Charlotte, FL, 33952",26.973042,-82.106729,0.0,0.0
IAN-00533,"166 Chatham Street Northwest, Port Charlotte, FL, 33952",26.973461,-82.106475,0.0,0.0
IAN-00534,"164 Chatham Street Northwest, Port Charlotte, FL, 33952",26.973434,-82.106235,0.0,0.0
IAN-00535,"159 Cohassett Avenue Northwest, Port Charlotte, FL, 33952",26.973879,-82.106457,0.0,0.0
IAN-00536,"163 Cohassett Avenue Northwest, Port Charlotte, FL, 33952",26.973932,-82.10616,0.0,0.0
IAN-00537,"167 Cohassett Avenue Northwest, Port Charlotte, FL, 33952",26.974101,-82.105917,0.0,0.0
IAN-00538,"174 Cohassett Avenue Northwest, Port Charlotte, FL, 33952",26.974494,-82.106254,0.0,0.0
IAN-00539,"3524 Port Charlotte Boulevard, Port Charlotte, FL, 33952",26.97459,-82.106752,0.0,0.0
IAN-00540,"3532 Port Charlotte Boulevard, Port Charlotte, FL, 33952",26.974308,-82.106731,0.0,0.0
IAN-00541,"3548 Port Charlotte Boulevard, Port Charlotte, FL, 33952",26.973849,-82.106738,0.0,0.0
IAN-00542,"3564 Port Charlotte Boulevard, Port Charlotte, FL, 33952",26.973458,-82.106773,0.0,0.0
IAN-00543,"3578 Port Charlotte Boulevard, Port Charlotte, FL, 33952",26.972808,-82.106793,0.0,0.0
IAN-00544,"3584 Port Charlotte Boulevard, Port Charlotte, FL, 33952",26.97259,-82.106851,0.0,0.0
IAN-00545,"3581 Port Charlotte Boulevard, Port Charlotte, FL, 33952",26.972986,-82.107286,0.0,0.0
IAN-00546,"3573 Port Charlotte Boulevard, Port Charlotte, FL, 33952",26.973204,-82.107256,0.0,0.0
IAN-00547,"3565 Port Charlotte Boulevard, Port Charlotte, FL, 33952",26.973401,-82.107287,0.0,0.0
IAN-00548,"3557 Port Charlotte Boulevard, Port Charlotte, FL, 33952",26.973622,-82.10726,0.0,0.0
IAN-00549,"3549 Port Charlotte Boulevard, Port Charlotte, FL, 33952",26.973847,-82.107274,0.0,0.0
IAN-00550,"3541 Port Charlotte Boulevard, Port Charlotte, FL, 33952",26.974054,-82.107266,0.0,0.0
IAN-00551,"3533 Port Charlotte Boulevard, Port Charlotte, FL, 33952",26.974278,-82.107279,0.0,0.0
IAN-00552,"3525 Port Charlotte Boulevard, Port Charlotte, FL, 33952",26.974493,-82.107296,0.0,0.0
IAN-00553,"3517 Port Charlotte Boulevard, Port Charlotte, FL, 33952",26.975122,-82.107296,0.0,0.0
IAN-00554,"20526 Edgewater Drive, Port Charlotte, FL, 33952",26.972758,-82.107456,0.0,0.0
IAN-00555,"107 Sunnyside Street Northwest, Port Charlotte, FL, 33952",26.97303,-82.107797,0.0,0.0
IAN-00556,"113 Sunnyside Street Northwest, Port Charlotte, FL, 33952",26.973251,-82.107737,0.0,0.0
IAN-00557,"119 Sunnyside Street Northwest, Port Charlotte, FL, 33952",26.973465,-82.107765,0.0,0.0
IAN-00558,"125 Sunnyside Street Northwest, Port Charlotte, FL, 33952",26.973683,-82.107736,0.0,0.0
IAN-00559,"131 Sunnyside Street Northwest, Port Charlotte, FL, 33952",26.973895,-82.107748,0.0,0.0
IAN-00560,"137 Sunnyside Street Northwest, Port Charlotte, FL, 33952",26.974126,-82.107763,0.0,0.0
IAN-00561,"170 Chelsea Court Northwest, Port Charlotte, FL, 33952",26.974894,-82.107325,0.0,0.0
IAN-00562,"174 Chelsea Court Northwest, Port Charlotte, FL, 33952",26.974816,-82.107635,0.0,0.0
IAN-00563,"176 Chelsea Court Northwest, Port Charlotte, FL, 33952",26.974676,-82.10786,0.0,0.0
IAN-00564,"178 Chelsea Court Northwest, Port Charlotte, FL, 33952",26.974592,-82.108053,0.0,0.0
IAN-00565,"180 Chelsea Court Northwest, Port Charlotte, FL, 33952",26.974512,-82.108286,0.0,0.0
IAN-00566,"182 Chelsea Court Northwest, Port Charlotte, FL, 33952",26.97438,-82.108477,0.0,0.0
IAN-00567,"184 Chelsea Court Northwest, Port Charlotte, FL, 33952",26.974261,-82.108705,0.0,0.0
IAN-00568,"186 Chelsea Court Northwest, Port Charlotte, FL, 33952",26.974151,-82.108931,0.0,0.0
IAN-00569,"188 Chelsea Court Northwest, Port Charlotte, FL, 33952",26.973966,-82.109089,0.0,0.0
IAN-00570,"190 Chelsea Court Northwest, Port Charlotte, FL, 33952",26.973646,-82.10911,0.0,0.0
IAN-00571,"187 Chelsea Court Northwest, Port Charlotte, FL, 33952",26.973391,-82.108639,0.0,0.0
IAN-00572,"112 Sunnyside Street Northwest, Port Charlotte, FL, 33952",26.973293,-82.108222,0.0,0.0
IAN-00573,"120 Sunnyside Street Northwest, Port Charlotte, FL, 33952",26.973543,-82.108216,0.0,0.0
IAN-00574,"191 Chelsea Court Northwest, Port Charlotte, FL, 33952",26.973869,-82.108592,0.0,0.0
IAN-00575,"189 Chelsea Court Northwest, Port Charlotte, FL, 33952",26.973595,-82.108682,0.0,0.0
IAN-00576,"136 Sunnyside Street Northwest, Port Charlotte, FL, 33952",26.974002,-82.108213,0.0,0.0
IAN-00577,"20560 Edgewater Drive, Port Charlotte, FL, 33952",26.97205,-82.106733,0.0,0.0
IAN-00578,"20550 Edgewater Drive, Port Charlotte, FL, 33952",26.97221,-82.106922,0.0,0.0
IAN-00579,"119 South Waterway Drive Northwest, Port Charlotte, FL, 33952",26.973711,-82.10957,0.0,0.0
IAN-00580,"137 South Waterway Drive Northwest, Port Charlotte, FL, 33952",26.973937,-82.109594,0.0,0.0
IAN-00581,"206 South Waterway Drive Northwest, Port Charlotte, FL, 33952",26.974462,-82.110128,0.0,0.0
IAN-00582,"210 South Waterway Drive Northwest, Port Charlotte, FL, 33952",26.974508,-82.110369,0.0,0.0
IAN-00583,"214 South Waterway Drive Northwest, Port Charlotte, FL, 33952",26.974611,-82.110596,0.0,0.0
IAN-00584,"218 South Waterway Drive Northwest, Port Charlotte, FL, 33952",26.974645,-82.110847,0.0,0.0
IAN-00585,"222 South Waterway Drive Northwest, Port Charlotte, FL, 33952",26.974697,-82.111136,0.0,0.0
IAN-00586,"226 South Waterway Drive Northwest, Port Charlotte, FL, 33952",26.974512,-82.111404,0.0,0.0
IAN-00587,"230 South Waterway Drive Northwest, Port Charlotte, FL, 33952",26.974401,-82.111577,0.0,0.0
IAN-00588,"234 South Waterway Drive Northwest, Port Charlotte, FL, 33952",26.974257,-82.111771,0.0,0.0
IAN-00589,"238 South Waterway Drive Northwest, Port Charlotte, FL, 33952",26.974076,-82.111949,0.0,0.0
IAN-00590,"242 South Waterway Drive Northwest, Port Charlotte, FL, 33952",26.973906,-82.112119,0.013,36.09
IAN-00591,"20362 Edgewater Drive, Port Charlotte, FL, 33952",26.973577,-82.112475,0.0933,36.09
IAN-00592,"20352 Edgewater Drive, Port Charlotte, FL, 33952",26.973583,-82.112718,0.1034,36.09
IAN-00593,"20406 Edgewater Drive, Port Charlotte, FL, 33952",26.973537,-82.111329,0.0,0.0
IAN-00594,"20414 Edgewater Drive, Port Charlotte, FL, 33952",26.973564,-82.110849,0.0,0.0
IAN-00595,"20430 Edgewater Drive, Port Charlotte, FL, 33952",26.973547,-82.110384,0.0,0.0
IAN-00596,"204 South Waterway Drive Northwest, Port Charlotte, FL, 33952",26.973768,-82.110013,0.0,0.0
IAN-00597,"211 South Waterway Drive Northwest, Port Charlotte, FL, 33952",26.974081,-82.110418,0.0,0.0
IAN-00598,"213 South Waterway Drive Northwest, Port Charlotte, FL, 33952",26.974181,-82.11066,0.0,0.0
IAN-00599,"219 South Waterway Drive Northwest, Port Charlotte, FL, 33952",26.974243,-82.11102,0.0,0.0
IAN-00600,"233 South Waterway Drive Northwest, Port Charlotte, FL, 33952",26.973967,-82.111415,0.0,0.0
IAN-00601,"237 South Waterway Drive Northwest, Port Charlotte, FL, 33952",26.973794,-82.111566,0.0,0.0
IAN-00602,"3101 Port Charlotte Boulevard, Port Charlotte, FL, 33952",26.986361,-82.107322,0.0,0.0
IAN-00603,"3109 Port Charlotte Boulevard, Port Charlotte, FL, 33952",26.986148,-82.107236,0.0,0.0
IAN-00604,"3117 Port Charlotte Boulevard, Port Charlotte, FL, 33952",26.985942,-82.107239,0.0,0.0
IAN-00605,"3125 Port Charlotte Boulevard, Port Charlotte, FL, 33952",26.985722,-82.107252,0.0,0.0
IAN-00606,"3133 Port Charlotte Boulevard, Port Charlotte, FL, 33952",26.985512,-82.107234,0.0,0.0
IAN-00607,"3149 Port Charlotte Boulevard, Port Charlotte, FL, 33952",26.985072,-82.10726,0.0,0.0
IAN-00608,"3157 Port Charlotte Boulevard, Port Charlotte, FL, 33952",26.984853,-82.107263,0.0,0.0
IAN-00609,"3165 Port Charlotte Boulevard, Port Charlotte, FL, 33952",26.984647,-82.107301,0.0,0.0
IAN-00610,"3181 Port Charlotte Boulevard, Port Charlotte, FL, 33952",26.984159,-82.107275,0.0,0.0
IAN-00611,"280 Norfolk Avenue Northwest, Port Charlotte, FL, 33952",26.983803,-82.10726,0.0,0.0
IAN-00612,"3205 Port Charlotte Boulevard, Port Charlotte, FL, 33952",26.983329,-82.107282,0.0,0.0
IAN-00613,"3221 Port Charlotte Boulevard, Port Charlotte, FL, 33952",26.983012,-82.10728,0.0,0.0
IAN-00614,"181 Ferris Drive Northwest, Port Charlotte, FL, 33952",26.982514,-82.107272,0.0,0.0
IAN-00615,"180 Cypress Avenue Northwest, Port Charlotte, FL, 33952",26.982119,-82.107288,0.0,0.0
IAN-00616,"3261 Port Charlotte Boulevard, Port Charlotte, FL, 33952",26.981687,-82.107244,0.0,0.0
IAN-00617,"3269 Port Charlotte Boulevard, Port Charlotte, FL, 33952",26.981495,-82.107259,0.0,0.0
IAN-00618,"3277 Port Charlotte Boulevard, Port Charlotte, FL, 33952",26.981291,-82.107254,0.0,0.0
IAN-00619,"3285 Port Charlotte Boulevard, Port Charlotte, FL, 33952",26.981046,-82.107285,0.0,0.0
IAN-00620,"3293 Port Charlotte Boulevard, Port Charlotte, FL, 33952",26.980816,-82.107291,0.0,0.0
IAN-00621,"3301 Port Charlotte Boulevard, Port Charlotte, FL, 33952",26.980606,-82.107282,0.0,0.0
IAN-00622,"3317 Port Charlotte Boulevard, Port Charlotte, FL, 33952",26.980166,-82.107252,0.0,0.0
IAN-00623,"3325 Port Charlotte Boulevard, Port Charlotte, FL, 33952",26.979948,-82.107255,0.0,0.0
IAN-00624,"3333 Port Charlotte Boulevard, Port Charlotte, FL, 33952",26.979726,-82.10724,0.0,0.0
IAN-00625,"178 Glenridge Avenue Northwest, Port Charlotte, FL, 33952",26.979529,-82.107274,0.0,0.0
IAN-00626,"3365 Port Charlotte Boulevard, Port Charlotte, FL, 33952",26.978881,-82.10726,0.0,0.0
IAN-00627,"3381 Port Charlotte Boulevard, Port Charlotte, FL, 33952",26.978452,-82.107268,0.0,0.0
IAN-00628,"3405 Port Charlotte Boulevard, Port Charlotte, FL, 33952",26.977794,-82.107247,0.0,0.0
IAN-00629,"3413 Port Charlotte Boulevard, Port Charlotte, FL, 33952",26.977571,-82.107277,0.0,0.0
IAN-00630,"3421 Port Charlotte Boulevard, Port Charlotte, FL, 33952",26.977358,-82.107295,0.0,0.0
IAN-00631,"3429 Port Charlotte Boulevard, Port Charlotte, FL, 33952",26.977133,-82.107269,0.0,0.0
IAN-00632,"3437 Port Charlotte Boulevard, Port Charlotte, FL, 33952",26.976921,-82.107262,0.0,0.0
IAN-00633,"3445 Port Charlotte Boulevard, Port Charlotte, FL, 33952",26.976691,-82.107231,0.0,0.0
IAN-00634,"3554 Pinetree Street, Port Charlotte, FL, 33952",26.976451,-82.107318,0.0,0.0
IAN-00635,"3501 Port Charlotte Boulevard, Port Charlotte, FL, 33952",26.976063,-82.107254,0.0,0.0
IAN-00636,"3505 Port Charlotte Boulevard, Port Charlotte, FL, 33952",26.975858,-82.107268,0.0,0.0
IAN-00637,"3509 Port Charlotte Boulevard, Port Charlotte, FL, 33952",26.975638,-82.107349,0.0,0.0
IAN-00638,"3538 Sunrise Trail, Port Charlotte, FL, 33952",26.976083,-82.106724,0.0,0.0
IAN-00639,"3537 Sunrise Trail, Port Charlotte, FL, 33952",26.97648,-82.106756,0.0,0.0
IAN-00640,"3428 Port Charlotte Boulevard, Port Charlotte, FL, 33952",26.977095,-82.106771,0.0,0.0
IAN-00641,"3420 Port Charlotte Boulevard, Port Charlotte, FL, 33952",26.977311,-82.106755,0.0,0.0
IAN-00642,"3412 Port Charlotte Boulevard, Port Charlotte, FL, 33952",26.977527,-82.106749,0.0,0.0
IAN-00643,"3404 Port Charlotte Boulevard, Port Charlotte, FL, 33952",26.977755,-82.106756,0.0,0.0
IAN-00644,"3396 Port Charlotte Boulevard, Port Charlotte, FL, 33952",26.977982,-82.106755,0.0,0.0
IAN-00645,"3388 Port Charlotte Boulevard, Port Charlotte, FL, 33952",26.978192,-82.106758,0.0,0.0
IAN-00646,"3372 Port Charlotte Boulevard, Port Charlotte, FL, 33952",26.978633,-82.106756,0.0,0.0
IAN-00647,"3356 Port Charlotte Boulevard, Port Charlotte, FL, 33952",26.979091,-82.106739,0.0,0.0
IAN-00648,"3348 Port Charlotte Boulevard, Port Charlotte, FL, 33952",26.979326,-82.10674,0.0,0.0
IAN-00649,"3340 Port Charlotte Boulevard, Port Charlotte, FL, 33952",26.979562,-82.106742,0.0,0.0
IAN-00650,"3332 Port Charlotte Boulevard, Port Charlotte, FL, 33952",26.979793,-82.106704,0.0,0.0
IAN-00651,"3324 Port Charlotte Boulevard, Port Charlotte, FL, 33952",26.980027,-82.106767,0.0,0.0
IAN-00652,"3316 Port Charlotte Boulevard, Port Charlotte, FL, 33952",26.980251,-82.106755,0.0,0.0
IAN-00653,"3292 Port Charlotte Boulevard, Port Charlotte, FL, 33952",26.980952,-82.106722,0.0,0.0
IAN-00654,"3284 Port Charlotte Boulevard, Port Charlotte, FL, 33952",26.981197,-82.106746,0.0,0.0
IAN-00655,"3276 Port Charlotte Boulevard, Port Charlotte, FL, 33952",26.981424,-82.106721,0.0,0.0
IAN-00656,"3268 Port Charlotte Boulevard, Port Charlotte, FL, 33952",26.981656,-82.106732,0.0,0.0
IAN-00657,"3260 Port Charlotte Boulevard, Port Charlotte, FL, 33952",26.981879,-82.106737,0.0,0.0
IAN-00658,"3252 Port Charlotte Boulevard, Port Charlotte, FL, 33952",26.982101,-82.106737,0.0,0.0
IAN-00659,"3244 Port Charlotte Boulevard, Port Charlotte, FL, 33952",26.982319,-82.106717,0.0,0.0
IAN-00660,"3236 Port Charlotte Boulevard, Port Charlotte, FL, 33952",26.982528,-82.106739,0.0,0.0
IAN-00661,"483 Ferris Drive Northwest, Port Charlotte, FL, 33952",26.982774,-82.106688,0.0,0.0
IAN-00662,"3212 Port Charlotte Boulevard, Port Charlotte, FL, 33952",26.983178,-82.106704,0.0,0.0
IAN-00663,"3180 Port Charlotte Boulevard, Port Charlotte, FL, 33952",26.984204,-82.106733,0.0,0.0
IAN-00664,"3172 Port Charlotte Boulevard, Port Charlotte, FL, 33952",26.984455,-82.10674,0.0,0.0
IAN-00665,"3164 Port Charlotte Boulevard, Port Charlotte, FL, 33952",26.984685,-82.106722,0.0,0.0
IAN-00666,"3156 Port Charlotte Boulevard, Port Charlotte, FL, 33952",26.984927,-82.106749,0.0,0.0
IAN-00667,"3148 Port Charlotte Boulevard, Port Charlotte, FL, 33952",26.98519,-82.106703,0.0,0.0
IAN-00668,"3089 Sunrise Trail, Port Charlotte, FL, 33952",26.985532,-82.106734,0.0,0.0
IAN-00669,"3100 Port Charlotte Boulevard, Port Charlotte, FL, 33952",26.986093,-82.10671,0.0,0.0
IAN-00670,"3530 Sunrise Trail, Port Charlotte, FL, 33952",26.976128,-82.106424,0.0,0.0
IAN-00671,"3522 Sunrise Trail, Port Charlotte, FL, 33952",26.976236,-82.106192,0.0,0.0
IAN-00672,"3514 Sunrise Trail, Port Charlotte, FL, 33952",26.976315,-82.105974,0.0,0.0
IAN-00673,"3506 Sunrise Trail, Port Charlotte, FL, 33952",26.976398,-82.105763,0.0,0.0
IAN-00674,"3498 Sunrise Trail, Port Charlotte, FL, 33952",26.976526,-82.105537,0.0,0.0
IAN-00675,"3490 Sunrise Trail, Port Charlotte, FL, 33952",26.976633,-82.105315,0.0,0.0
IAN-00676,"3482 Sunrise Trail, Port Charlotte, FL, 33952",26.976709,-82.105097,0.0,0.0
IAN-00677,"3474 Sunrise Trail, Port Charlotte, FL, 33952",26.976794,-82.10486,0.0,0.0
IAN-00678,"3466 Sunrise Trail, Port Charlotte, FL, 33952",26.976882,-82.104641,0.0,0.0
IAN-00679,"3458 Sunrise Trail, Port Charlotte, FL, 33952",26.976985,-82.1044,0.0073,13.12
IAN-00680,"3450 Sunrise Trail, Port Charlotte, FL, 33952",26.97709,-82.104214,0.0441,13.12
IAN-00681,"3442 Sunrise Trail, Port Charlotte, FL, 33952",26.977272,-82.10395,0.0376,13.12
IAN-00682,"3434 Sunrise Trail, Port Charlotte, FL, 33952",26.977542,-82.10386,0.0,0.0
IAN-00683,"3418 Sunrise Trail, Port Charlotte, FL, 33952",26.977978,-82.1038,0.0,0.0
IAN-00684,"3410 Sunrise Trail, Port Charlotte, FL, 33952",26.978216,-82.103855,0.0,0.0
IAN-00685,"3402 Sunrise Trail, Port Charlotte, FL, 33952",26.978433,-82.103859,0.0,0.0
IAN-00686,"3394 Sunrise Trail, Port Charlotte, FL, 33952",26.978655,-82.103807,0.0,0.0
IAN-00687,"3386 Sunrise Trail, Port Charlotte, FL, 33952",26.978876,-82.103807,0.0,0.0
IAN-00688,"3378 Sunrise Trail, Port Charlotte, FL, 33952",26.979095,-82.103808,0.0,0.0
IAN-00689,"3370 Sunrise Trail, Port Charlotte, FL, 33952",26.97931,-82.103813,0.0,0.0
IAN-00690,"3362 Sunrise Trail, Port Charlotte, FL, 33952",26.979534,-82.103786,0.0,0.0
IAN-00691,"3354 Sunrise Trail, Port Charlotte, FL, 33952",26.979747,-82.103757,0.0,0.0
IAN-00692,"3346 Sunrise Trail, Port Charlotte, FL, 33952",26.979974,-82.103764,0.0,0.0
IAN-00693,"3338 Sunrise Trail, Port Charlotte, FL, 33952",26.980193,-82.103785,0.0,0.0
IAN-00694,"3330 Sunrise Trail, Port Charlotte, FL, 33952",26.980415,-82.10378,0.0,0.0
IAN-00695,"3322 Sunrise Trail, Port Charlotte, FL, 33952",26.98064,-82.103781,0.0,0.0
IAN-00696,"3314 Sunrise Trail, Port Charlotte, FL, 33952",26.980865,-82.103769,0.0,0.0
IAN-00697,"3306 Sunrise Trail, Port Charlotte, FL, 33952",26.981092,-82.103767,0.0,0.0
IAN-00698,"3298 Sunrise Trail, Port Charlotte, FL, 33952",26.981296,-82.103755,0.0,0.0
IAN-00699,"3290 Sunrise Trail, Port Charlotte, FL, 33952",26.981524,-82.103706,0.0,0.0
IAN-00700,"3282 Sunrise Trail, Port Charlotte, FL, 33952",26.981731,-82.103686,0.0,0.0
IAN-00701,"3274 Sunrise Trail, Port Charlotte, FL, 33952",26.981965,-82.103695,0.0,0.0
IAN-00702,"3266 Sunrise Trail, Port Charlotte, FL, 33952",26.982187,-82.103739,0.0,0.0
IAN-00703,"3258 Sunrise Trail, Port Charlotte, FL, 33952",26.982401,-82.103708,0.0,0.0
IAN-00704,"3250 Sunrise Trail, Port Charlotte, FL, 33952",26.98263,-82.103703,0.0,0.0
IAN-00705,"3242 Sunrise Trail, Port Charlotte, FL, 33952",26.982866,-82.103703,0.0,0.0
IAN-00706,"3234 Sunrise Trail, Port Charlotte, FL, 33952",26.983099,-82.103684,0.0,0.0
IAN-00707,"3226 Sunrise Trail, Port Charlotte, FL, 33952",26.983335,-82.1037,0.0,0.0
IAN-00708,"3218 Sunrise Trail, Port Charlotte, FL, 33952",26.983567,-82.103681,0.0,0.0
IAN-00709,"3210 Sunrise Trail, Port Charlotte, FL, 33952",26.983808,-82.103678,0.0,0.0
IAN-00710,"3202 Sunrise Trail, Port Charlotte, FL, 33952",26.984054,-82.103807,0.0,0.0
IAN-00711,"3194 Sunrise Trail, Port Charlotte, FL, 33952",26.984222,-82.104008,0.0,0.0
IAN-00712,"3186 Sunrise Trail, Port Charlotte, FL, 33952",26.984367,-82.104209,0.0,0.0
IAN-00713,"3178 Sunrise Trail, Port Charlotte, FL, 33952",26.984492,-82.104407,0.0,0.0
IAN-00714,"3170 Sunrise Trail, Port Charlotte, FL, 33952",26.984638,-82.104589,0.0,0.0
IAN-00715,"3154 Sunrise Trail, Port Charlotte, FL, 33952",26.984917,-82.105007,0.0,0.0
IAN-00716,"3137 Sunrise Trail, Port Charlotte, FL, 33952",26.984866,-82.105666,0.0,0.0
IAN-00717,"3153 Sunrise Trail, Port Charlotte, FL, 33952",26.984694,-82.10536,0.0,0.0
IAN-00718,"3161 Sunrise Trail, Port Charlotte, FL, 33952",26.98453,-82.105102,0.0,0.0
IAN-00719,"3169 Sunrise Trail, Port Charlotte, FL, 33952",26.984372,-82.104895,0.0,0.0
IAN-00720,"3177 Sunrise Trail, Port Charlotte, FL, 33952",26.98424,-82.104701,0.0,0.0
IAN-00721,"3185 Sunrise Trail, Port Charlotte, FL, 33952",26.984092,-82.104508,0.0,0.0
IAN-00722,"3209 Sunrise Trail, Port Charlotte, FL, 33952",26.983769,-82.10414,0.0,0.0
IAN-00723,"138 Tradewinds Drive Northwest, Port Charlotte, FL, 33952",26.98339,-82.10417,0.0,0.0
IAN-00724,"151 Tradewinds Drive Northwest, Port Charlotte, FL, 33952",26.982937,-82.104236,0.0,0.0
IAN-00725,"3249 Sunrise Trail, Port Charlotte, FL, 33952",26.982709,-82.104172,0.0,0.0
IAN-00726,"3257 Sunrise Trail, Port Charlotte, FL, 33952",26.982494,-82.104185,0.0,0.0
IAN-00727,"3265 Sunrise Trail, Port Charlotte, FL, 33952",26.982271,-82.104183,0.0,0.0
IAN-00728,"3281 Sunrise Trail, Port Charlotte, FL, 33952",26.981841,-82.104173,0.0,0.0
IAN-00729,"3289 Sunrise Trail, Port Charlotte, FL, 33952",26.981614,-82.104181,0.0,0.0
IAN-00730,"3297 Sunrise Trail, Port Charlotte, FL, 33952",26.981403,-82.104216,0.0,0.0
IAN-00731,"3305 Sunrise Trail, Port Charlotte, FL, 33952",26.981173,-82.104255,0.0,0.0
IAN-00732,"150 Bradley Street Northwest, Port Charlotte, FL, 33952",26.980934,-82.104273,0.0,0.0
IAN-00733,"3329 Sunrise Trail, Port Charlotte, FL, 33952",26.9805,-82.104241,0.0,0.0
IAN-00734,"3345 Sunrise Trail, Port Charlotte, FL, 33952",26.980131,-82.104264,0.0,0.0
IAN-00735,"3361 Sunrise Trail, Port Charlotte, FL, 33952",26.979683,-82.104264,0.0,0.0
IAN-00736,"3369 Sunrise Trail, Port Charlotte, FL, 33952",26.979434,-82.104269,0.0,0.0
IAN-00737,"3377 Sunrise Trail, Port Charlotte, FL, 33952",26.979202,-82.104276,0.0,0.0
IAN-00738,"3385 Sunrise Trail, Port Charlotte, FL, 33952",26.978976,-82.104302,0.0,0.0
IAN-00739,"3393 Sunrise Trail, Port Charlotte, FL, 33952",26.978753,-82.1043,0.0,0.0
IAN-00740,"3401 Sunrise Trail, Port Charlotte, FL, 33952",26.978513,-82.104328,0.0,0.0
IAN-00741,"3409 Sunrise Trail, Port Charlotte, FL, 33952",26.978276,-82.104304,0.0,0.0
IAN-00742,"3417 Sunrise Trail, Port Charlotte, FL, 33952",26.978043,-82.104315,0.0,0.0
IAN-00743,"3425 Sunrise Trail, Port Charlotte, FL, 33952",26.977801,-82.104309,0.0,0.0
IAN-00744,"3441 Sunrise Trail, Port Charlotte, FL, 33952",26.977497,-82.104338,0.0,0.0
IAN-00745,"3457 Sunrise Trail, Port Charlotte, FL, 33952",26.97737,-82.104587,0.0,0.0
IAN-00746,"3465 Sunrise Trail, Port Charlotte, FL, 33952",26.977282,-82.104814,0.0,0.0
IAN-00747,"3473 Sunrise Trail, Port Charlotte, FL, 33952",26.9772,-82.105029,0.0,0.0
IAN-00748,"3489 Sunrise Trail, Port Charlotte, FL, 33952",26.977022,-82.105479,0.0,0.0
IAN-00749,"3444 Elkcam Boulevard, Port Charlotte, FL, 33952",26.976948,-82.105757,0.0,0.0
IAN-00750,"3443 Elkcam Boulevard, Port Charlotte, FL, 33952",26.976702,-82.106239,0.0,0.0
IAN-00751,"3525 Sunrise Trail, Port Charlotte, FL, 33952",26.976555,-82.106504,0.0,0.0
IAN-00752,"3435 Elkcam Boulevard, Port Charlotte, FL, 33952",26.976962,-82.106217,0.0,0.0
IAN-00753,"3427 Elkcam Boulevard, Port Charlotte, FL, 33952",26.977189,-82.106234,0.0,0.0
IAN-00754,"3424 Elkcam Boulevard, Port Charlotte, FL, 33952",26.977292,-82.105752,0.0,0.0
IAN-00755,"227 Timbruce Lane Northwest, Port Charlotte, FL, 33952",26.977425,-82.105492,0.0,0.0
IAN-00756,"241 Timbruce Lane Northwest, Port Charlotte, FL, 33952",26.977702,-82.105019,0.0,0.0
IAN-00757,"253 Timbruce Lane Northwest, Port Charlotte, FL, 33952",26.978115,-82.104764,0.0,0.0
IAN-00758,"297 Timbruce Lane Northwest, Port Charlotte, FL, 33952",26.978613,-82.104781,0.0,0.0
IAN-00759,"301 Timbruce Lane Northwest, Port Charlotte, FL, 33952",26.978835,-82.10479,0.0,0.0
IAN-00760,"309 Timbruce Lane Northwest, Port Charlotte, FL, 33952",26.979059,-82.104781,0.0,0.0
IAN-00761,"325 Timbruce Lane Northwest, Port Charlotte, FL, 33952",26.97948,-82.104787,0.0,0.0
IAN-00762,"333 Timbruce Lane Northwest, Port Charlotte, FL, 33952",26.979695,-82.104749,0.0,0.0
IAN-00763,"340 Timbruce Lane Northwest, Port Charlotte, FL, 33952",26.980123,-82.104779,0.0,0.0
IAN-00764,"336 Timbruce Lane Northwest, Port Charlotte, FL, 33952",26.980131,-82.105289,0.0,0.0
IAN-00765,"324 Timbruce Lane Northwest, Port Charlotte, FL, 33952",26.979491,-82.105237,0.0,0.0
IAN-00766,"318 Timbruce Lane Northwest, Port Charlotte, FL, 33952",26.979249,-82.105236,0.0,0.0
IAN-00767,"308 Timbruce Lane Northwest, Port Charlotte, FL, 33952",26.979023,-82.105244,0.0,0.0
IAN-00768,"302 Timbruce Lane Northwest, Port Charlotte, FL, 33952",26.97878,-82.105235,0.0,0.0
IAN-00769,"254 Timbruce Lane Northwest, Port Charlotte, FL, 33952",26.978294,-82.105265,0.0,0.0
IAN-00770,"242 Timbruce Lane Northwest, Port Charlotte, FL, 33952",26.978043,-82.10526,0.0,0.0
IAN-00771,"3404 Elkcam Boulevard, Port Charlotte, FL, 33952",26.977843,-82.105764,0.0,0.0
IAN-00772,"3411 Elkcam Boulevard, Port Charlotte, FL, 33952",26.977625,-82.106214,0.0,0.0
IAN-00773,"3403 Elkcam Boulevard, Port Charlotte, FL, 33952",26.97785,-82.106236,0.0,0.0
IAN-00774,"3379 Elkcam Boulevard, Port Charlotte, FL, 33952",26.978244,-82.106377,0.0,0.0
IAN-00775,"3371 Elkcam Boulevard, Port Charlotte, FL, 33952",26.97875,-82.10624,0.0,0.0
IAN-00776,"3363 Elkcam Boulevard, Port Charlotte, FL, 33952",26.97895,-82.106233,0.0,0.0
IAN-00777,"3355 Elkcam Boulevard, Port Charlotte, FL, 33952",26.979178,-82.106231,0.0,0.0
IAN-00778,"3347 Elkcam Boulevard, Port Charlotte, FL, 33952",26.979392,-82.10623,0.0,0.0
IAN-00779,"3315 Elkcam Boulevard, Port Charlotte, FL, 33952",26.980269,-82.106223,0.0,0.0
IAN-00780,"175 Bradley Street Northwest, Port Charlotte, FL, 33952",26.980497,-82.106245,0.0,0.0
IAN-00781,"3308 Elkcam Boulevard, Port Charlotte, FL, 33952",26.980544,-82.105755,0.0,0.0
IAN-00782,"167 Bradley Street Northwest, Port Charlotte, FL, 33952",26.980512,-82.105369,0.0,0.0
IAN-00783,"163 Bradley Street Northwest, Port Charlotte, FL, 33952",26.980529,-82.105085,0.0,0.0
IAN-00784,"3324 Elkcam Boulevard, Port Charlotte, FL, 33952",26.980068,-82.105781,0.0,0.0
IAN-00785,"3340 Elkcam Boulevard, Port Charlotte, FL, 33952",26.979605,-82.105778,0.0,0.0
IAN-00786,"3356 Elkcam Boulevard, Port Charlotte, FL, 33952",26.979161,-82.105729,0.0,0.0
IAN-00787,"3364 Elkcam Boulevard, Port Charlotte, FL, 33952",26.978946,-82.105791,0.0,0.0
IAN-00788,"3372 Elkcam Boulevard, Port Charlotte, FL, 33952",26.978723,-82.105755,0.0,0.0
IAN-00789,"3388 Elkcam Boulevard, Port Charlotte, FL, 33952",26.978286,-82.105771,0.0,0.0
IAN-00790,"3396 Elkcam Boulevard, Port Charlotte, FL, 33952",26.97807,-82.105765,0.0,0.0
IAN-00791,"3098 Sunrise Trail, Port Charlotte, FL, 33952",26.985986,-82.106389,0.0,0.0
IAN-00792,"3106 Sunrise Trail, Port Charlotte, FL, 33952",26.98582,-82.106219,0.0,0.0
IAN-00793,"3105 Sunrise Trail, Port Charlotte, FL, 33952",26.985426,-82.10645,0.0,0.0
IAN-00794,"3113 Sunrise Trail, Port Charlotte, FL, 33952",26.985322,-82.106228,0.0,0.0
IAN-00795,"3121 Sunrise Trail, Port Charlotte, FL, 33952",26.985172,-82.106099,0.0,0.0
IAN-00796,"3155 Elkcam Boulevard, Port Charlotte, FL, 33952",26.984848,-82.106173,0.0,0.0
IAN-00797,"3163 Elkcam Boulevard, Port Charlotte, FL, 33952",26.98461,-82.106191,0.0,0.0
IAN-00798,"3172 Elkcam Boulevard, Port Charlotte, FL, 33952",26.984274,-82.105751,0.0,0.0
IAN-00799,"164 Tradewinds Drive Northwest, Port Charlotte, FL, 33952",26.984067,-82.105238,0.0,0.0
IAN-00800,"156 Tradewinds Drive Northwest, Port Charlotte, FL, 33952",26.983898,-82.105052,0.0,0.0
IAN-00801,"150 Tradewinds Drive Northwest, Port Charlotte, FL, 33952",26.983741,-82.104844,0.0,0.0
IAN-00802,"146 Tradewinds Drive Northwest, Port Charlotte, FL, 33952",26.983607,-82.104646,0.0,0.0
IAN-00803,"142 Tradewinds Drive Northwest, Port Charlotte, FL, 33952",26.983462,-82.104436,0.0,0.0
IAN-00804,"155 Tradewinds Drive Northwest, Port Charlotte, FL, 33952",26.983041,-82.104567,0.0,0.0
IAN-00805,"159 Tradewinds Drive Northwest, Port Charlotte, FL, 33952",26.983183,-82.104761,0.0,0.0
IAN-00806,"171 Tradewinds Drive Northwest, Port Charlotte, FL, 33952",26.983624,-82.105344,0.0,0.0
IAN-00807,"3196 Elkcam Boulevard, Port Charlotte, FL, 33952",26.983598,-82.105761,0.0,0.0
IAN-00808,"3204 Elkcam Boulevard, Port Charlotte, FL, 33952",26.983397,-82.105746,0.0,0.0
IAN-00809,"3212 Elkcam Boulevard, Port Charlotte, FL, 33952",26.98319,-82.105741,0.0,0.0
IAN-00810,450 Ferris Drive Northwest,26.982934,-82.105145,0.0,0.0
IAN-00811,"442 Ferris Drive Northwest, Port Charlotte, FL, 33952",26.982771,-82.104933,0.0,0.0
IAN-00812,"433 Ferris Drive Northwest, Port Charlotte, FL, 33952",26.982509,-82.104783,0.0,0.0
IAN-00813,"425 Ferris Drive Northwest, Port Charlotte, FL, 33952",26.982274,-82.104756,0.0,0.0
IAN-00814,"417 Ferris Drive Northwest, Port Charlotte, FL, 33952",26.982066,-82.104779,0.0,0.0
IAN-00815,"409 Ferris Drive Northwest, Port Charlotte, FL, 33952",26.981831,-82.104759,0.0,0.0
IAN-00816,"381 Ferris Drive Northwest, Port Charlotte, FL, 33952",26.981172,-82.104779,0.0,0.0
IAN-00817,"158 Bradley Street Northwest, Port Charlotte, FL, 33952",26.980915,-82.104784,0.0,0.0
IAN-00818,"382 Ferris Drive Northwest, Port Charlotte, FL, 33952",26.98114,-82.105232,0.0,0.0
IAN-00819,"394 Ferris Drive Northwest, Port Charlotte, FL, 33952",26.981362,-82.105202,0.0,0.0
IAN-00820,"402 Ferris Drive Northwest, Port Charlotte, FL, 33952",26.981584,-82.105234,0.0,0.0
IAN-00821,"410 Ferris Drive Northwest, Port Charlotte, FL, 33952",26.981808,-82.105221,0.0,0.0
IAN-00822,"418 Ferris Drive Northwest, Port Charlotte, FL, 33952",26.982021,-82.105245,0.0,0.0
IAN-00823,"426 Ferris Drive Northwest, Port Charlotte, FL, 33952",26.982247,-82.105206,0.0,0.0
IAN-00824,"434 Ferris Drive Northwest, Port Charlotte, FL, 33952",26.982543,-82.105304,0.0,0.0
IAN-00825,"3236 Elkcam Boulevard, Port Charlotte, FL, 33952",26.982511,-82.105763,0.0,0.0
IAN-00826,"3244 Elkcam Boulevard, Port Charlotte, FL, 33952",26.982314,-82.105731,0.0,0.0
IAN-00827,"3252 Elkcam Boulevard, Port Charlotte, FL, 33952",26.982083,-82.10574,0.0,0.0
IAN-00828,"3260 Elkcam Boulevard, Port Charlotte, FL, 33952",26.981863,-82.105754,0.0,0.0
IAN-00829,"3268 Elkcam Boulevard, Port Charlotte, FL, 33952",26.981643,-82.105768,0.0,0.0
IAN-00830,"3284 Elkcam Boulevard, Port Charlotte, FL, 33952",26.981192,-82.105748,0.0,0.0
IAN-00831,"3292 Elkcam Boulevard, Port Charlotte, FL, 33952",26.980939,-82.105764,0.0,0.0
IAN-00832,"3291 Elkcam Boulevard, Port Charlotte, FL, 33952",26.980953,-82.106257,0.0,0.0
IAN-00833,"3283 Elkcam Boulevard, Port Charlotte, FL, 33952",26.981182,-82.106217,0.0,0.0
IAN-00834,"3275 Elkcam Boulevard, Port Charlotte, FL, 33952",26.981409,-82.106223,0.0,0.0
IAN-00835,"3267 Elkcam Boulevard, Port Charlotte, FL, 33952",26.981651,-82.1062,0.0,0.0
IAN-00836,"3259 Elkcam Boulevard, Port Charlotte, FL, 33952",26.981879,-82.106217,0.0,0.0
IAN-00837,"3251 Elkcam Boulevard, Port Charlotte, FL, 33952",26.982098,-82.10621,0.0,0.0
IAN-00838,"3243 Elkcam Boulevard, Port Charlotte, FL, 33952",26.982325,-82.106221,0.0,0.0
IAN-00839,"3235 Elkcam Boulevard, Port Charlotte, FL, 33952",26.982532,-82.106219,0.0,0.0
IAN-00840,"3227 Elkcam Boulevard, Port Charlotte, FL, 33952",26.982768,-82.106261,0.0,0.0
IAN-00841,"474 Ferris Drive Northwest, Port Charlotte, FL, 33952",26.983198,-82.106257,0.0,0.0
IAN-00842,"3195 Elkcam Boulevard, Port Charlotte, FL, 33952",26.983709,-82.106184,0.0,0.0
IAN-00843,"3187 Elkcam Boulevard, Port Charlotte, FL, 33952",26.983941,-82.106206,0.0,0.0
IAN-00844,"3179 Elkcam Boulevard, Port Charlotte, FL, 33952",26.984175,-82.10621,0.0,0.0
IAN-00845,"171 North Waterway Drive Northwest, Port Charlotte, FL, 33952",26.975549,-82.107785,0.0,0.0
IAN-00846,"173 North Waterway Drive Northwest, Port Charlotte, FL, 33952",26.975416,-82.108002,0.0,0.0
IAN-00847,"175 North Waterway Drive Northwest, Port Charlotte, FL, 33952",26.975295,-82.108232,0.0,0.0
IAN-00848,"177 North Waterway Drive Northwest, Port Charlotte, FL, 33952",26.975185,-82.108415,0.0,0.0
IAN-00849,"179 North Waterway Drive Northwest, Port Charlotte, FL, 33952",26.975071,-82.108638,0.0,0.0
IAN-00850,"181 North Waterway Drive Northwest, Port Charlotte, FL, 33952",26.974925,-82.108846,0.0,0.0
IAN-00851,"183 North Waterway Drive Northwest, Port Charlotte, FL, 33952",26.974863,-82.109111,0.0,0.0
IAN-00852,"185 North Waterway Drive Northwest, Port Charlotte, FL, 33952",26.974907,-82.10936,0.0,0.0
IAN-00853,"187 North Waterway Drive Northwest, Port Charlotte, FL, 33952",26.974971,-82.109651,0.0,0.0
IAN-00854,"189 North Waterway Drive Northwest, Port Charlotte, FL, 33952",26.975043,-82.109869,0.0,0.0
IAN-00855,"191 North Waterway Drive Northwest, Port Charlotte, FL, 33952",26.975127,-82.110117,0.0,0.0
IAN-00856,"193 North Waterway Drive Northwest, Port Charlotte, FL, 33952",26.97523,-82.110396,0.0,0.0
IAN-00857,"195 North Waterway Drive Northwest, Port Charlotte, FL, 33952",26.975427,-82.110559,0.0,0.0
IAN-00858,"197 North Waterway Drive Northwest, Port Charlotte, FL, 33952",26.975693,-82.110534,0.0,0.0
IAN-00859,"198 North Waterway Drive Northwest, Port Charlotte, FL, 33952",26.97591,-82.11054,0.0,0.0
IAN-00860,"200 North Waterway Drive Northwest, Port Charlotte, FL, 33952",26.976118,-82.110535,0.0,0.0
IAN-00861,"3463 Pinetree Street, Port Charlotte, FL, 33952",26.975977,-82.110028,0.0,0.0
IAN-00862,"192 North Waterway Drive Northwest, Port Charlotte, FL, 33952",26.975645,-82.110046,0.0,0.0
IAN-00863,"188 North Waterway Drive Northwest, Port Charlotte, FL, 33952",26.97542,-82.109626,0.0,0.0
IAN-00864,"186 North Waterway Drive Northwest, Port Charlotte, FL, 33952",26.975343,-82.109377,0.0,0.0
IAN-00865,"184 North Waterway Drive Northwest, Port Charlotte, FL, 33952",26.975305,-82.109094,0.0,0.0
IAN-00866,"180 North Waterway Drive Northwest, Port Charlotte, FL, 33952",26.975527,-82.108728,0.0,0.0
IAN-00867,"176 North Waterway Drive Northwest, Port Charlotte, FL, 33952",26.975711,-82.10846,0.0,0.0
IAN-00868,"3521 Pinetree Street, Port Charlotte, FL, 33952",26.976045,-82.108217,0.0,0.0
IAN-00869,"3511 Pinetree Street, Port Charlotte, FL, 33952",26.976022,-82.108568,0.0,0.0
IAN-00870,"3503 Pinetree Street, Port Charlotte, FL, 33952",26.975919,-82.108791,0.0,0.0
IAN-00871,"3495 Pinetree Street, Port Charlotte, FL, 33952",26.97586,-82.109026,0.0,0.0
IAN-00872,"3487 Pinetree Street, Port Charlotte, FL, 33952",26.975857,-82.109281,0.0,0.0
IAN-00873,"3479 Pinetree Street, Port Charlotte, FL, 33952",26.975844,-82.109522,0.0,0.0
IAN-00874,"3538 Pinetree Street, Port Charlotte, FL, 33952",26.976456,-82.107681,0.0,0.0
IAN-00875,"202 Seminole Boulevard Northwest, Port Charlotte, FL, 33952",26.976485,-82.108212,0.0,0.0
IAN-00876,"201 Shadow Street Northwest, Port Charlotte, FL, 33952",26.976485,-82.108636,0.0,0.0
IAN-00877,"3480 Pinetree Street, Port Charlotte, FL, 33952",26.976258,-82.109384,0.0,0.0
IAN-00878,"3464 Pinetree Street, Port Charlotte, FL, 33952",26.97631,-82.109663,0.0,0.0
IAN-00879,"209 Seminole Boulevard Northwest, Port Charlotte, FL, 33952",26.976694,-82.107757,0.0,0.0
IAN-00880,"217 Seminole Boulevard Northwest, Port Charlotte, FL, 33952",26.976908,-82.107738,0.0,0.0
IAN-00881,"233 Seminole Boulevard Northwest, Port Charlotte, FL, 33952",26.977351,-82.107722,0.0,0.0
IAN-00882,"241 Seminole Boulevard Northwest, Port Charlotte, FL, 33952",26.977576,-82.107745,0.0,0.0
IAN-00883,"249 Seminole Boulevard Northwest, Port Charlotte, FL, 33952",26.977791,-82.107724,0.0,0.0
IAN-00884,"265 Seminole Boulevard Northwest, Port Charlotte, FL, 33952",26.978222,-82.107731,0.0,0.0
IAN-00885,"281 Seminole Boulevard Northwest, Port Charlotte, FL, 33952",26.978667,-82.107754,0.0,0.0
IAN-00886,"285 Seminole Boulevard Northwest, Port Charlotte, FL, 33952",26.9789,-82.107724,0.0,0.0
IAN-00887,"289 Seminole Boulevard Northwest, Port Charlotte, FL, 33952",26.979109,-82.107706,0.0,0.0
IAN-00888,"290 Seminole Boulevard Northwest, Port Charlotte, FL, 33952",26.979087,-82.108197,0.0,0.0
IAN-00889,"282 Seminole Boulevard Northwest, Port Charlotte, FL, 33952",26.978725,-82.108154,0.0,0.0
IAN-00890,"266 Seminole Boulevard Northwest, Port Charlotte, FL, 33952",26.97826,-82.108203,0.0,0.0
IAN-00891,"258 Seminole Boulevard Northwest, Port Charlotte, FL, 33952",26.978047,-82.108165,0.0,0.0
IAN-00892,"242 Seminole Boulevard Northwest, Port Charlotte, FL, 33952",26.977614,-82.108182,0.0,0.0
IAN-00893,"234 Seminole Boulevard Northwest, Port Charlotte, FL, 33952",26.977389,-82.108193,0.0,0.0
IAN-00894,"226 Seminole Boulevard Northwest, Port Charlotte, FL, 33952",26.977168,-82.108158,0.0,0.0
IAN-00895,"210 Seminole Boulevard Northwest, Port Charlotte, FL, 33952",26.976729,-82.108182,0.0,0.0
IAN-00896,"209 Shadow Street Northwest, Port Charlotte, FL, 33952",26.976729,-82.10866,0.0,0.0
IAN-00897,"233 Shadow Street Northwest, Port Charlotte, FL, 33952",26.977384,-82.108661,0.0,0.0
IAN-00898,"241 Shadow Street Northwest, Port Charlotte, FL, 33952",26.977611,-82.108655,0.0,0.0
IAN-00899,"249 Shadow Street Northwest, Port Charlotte, FL, 33952",26.977825,-82.108649,0.0,0.0
IAN-00900,"257 Shadow Street Northwest, Port Charlotte, FL, 33952",26.978046,-82.10863,0.0,0.0
IAN-00901,"187 Walnut Avenue Northwest, Port Charlotte, FL, 33952",26.978306,-82.108638,0.0,0.0
IAN-00902,"274 Shadow Street Northwest, Port Charlotte, FL, 33952",26.978283,-82.109127,0.0,0.0
IAN-00903,"258 Shadow Street Northwest, Port Charlotte, FL, 33952",26.977884,-82.109105,0.0,0.0
IAN-00904,"250 Shadow Street Northwest, Port Charlotte, FL, 33952",26.977622,-82.109085,0.0,0.0
IAN-00905,"242 Shadow Street Northwest, Port Charlotte, FL, 33952",26.977435,-82.109108,0.0,0.0
IAN-00906,"234 Shadow Street Northwest, Port Charlotte, FL, 33952",26.977226,-82.109129,0.0,0.0
IAN-00907,"209 Rockwood Street Northwest, Port Charlotte, FL, 33952",26.976571,-82.109584,0.0,0.0
IAN-00908,"217 Rockwood Street Northwest, Port Charlotte, FL, 33952",26.976801,-82.109598,0.0,0.0
IAN-00909,"225 Rockwood Street Northwest, Port Charlotte, FL, 33952",26.976997,-82.109566,0.0,0.0
IAN-00910,"233 Rockwood Street Northwest, Port Charlotte, FL, 33952",26.977224,-82.10956,0.0,0.0
IAN-00911,"241 Rockwood Street Northwest, Port Charlotte, FL, 33952",26.977449,-82.109605,0.0,0.0
IAN-00912,"249 Rockwood Street Northwest, Port Charlotte, FL, 33952",26.977667,-82.109607,0.0,0.0
IAN-00913,"257 Rockwood Street Northwest, Port Charlotte, FL, 33952",26.977885,-82.109568,0.0,0.0
IAN-00914,"265 Rockwood Street Northwest, Port Charlotte, FL, 33952",26.978084,-82.109596,0.0,0.0
IAN-00915,"273 Rockwood Street Northwest, Port Charlotte, FL, 33952",26.978317,-82.109599,0.0,0.0
IAN-00916,"274 Rockwood Street Northwest, Port Charlotte, FL, 33952",26.978324,-82.110049,0.0,0.0
IAN-00917,"266 Rockwood Street Northwest, Port Charlotte, FL, 33952",26.978093,-82.110048,0.0,0.0
IAN-00918,"258 Rockwood Street Northwest, Port Charlotte, FL, 33952",26.977885,-82.110029,0.0,0.0
IAN-00919,"250 Rockwood Street Northwest, Port Charlotte, FL, 33952",26.977669,-82.110045,0.0,0.0
IAN-00920,"242 Rockwood Street Northwest, Port Charlotte, FL, 33952",26.977446,-82.110041,0.0,0.0
IAN-00921,"3447 Pinetree Street, Port Charlotte, FL, 33952",26.976426,-82.11046,0.0,0.0
IAN-00922,"3436 Pinetree Street, Port Charlotte, FL, 33952",26.976989,-82.110296,0.0,0.0
IAN-00923,"3428 Pinetree Street, Port Charlotte, FL, 33952",26.977198,-82.110576,0.0,0.0
IAN-00924,"3427 Pinetree Street, Port Charlotte, FL, 33952",26.97687,-82.110828,0.0,0.0
IAN-00925,"3419 Pinetree Street, Port Charlotte, FL, 33952",26.976955,-82.111052,0.0,0.0
IAN-00926,"3411 Pinetree Street, Port Charlotte, FL, 33952",26.977118,-82.111226,0.0,0.0
IAN-00927,"3403 Pinetree Street, Port Charlotte, FL, 33952",26.977227,-82.111436,0.0,0.0
IAN-00928,"3395 Pinetree Street, Port Charlotte, FL, 33952",26.977411,-82.111622,0.0122,22.97
IAN-00929,"3408 Pinetree Street, Port Charlotte, FL, 33952",26.977515,-82.111031,0.0,0.0
IAN-00930,"3387 Pinetree Street, Port Charlotte, FL, 33952",26.977585,-82.11179,0.0945,22.97
IAN-00931,"3379 Pinetree Street, Port Charlotte, FL, 33952",26.977784,-82.111908,0.1267,22.97
IAN-00932,"3388 Pinetree Street, Port Charlotte, FL, 33952",26.977761,-82.111309,0.0,0.0
IAN-00933,"3371 Pinetree Street, Port Charlotte, FL, 33952",26.977996,-82.111923,0.0552,22.97
IAN-00934,"3372 Pinetree Street, Port Charlotte, FL, 33952",26.978024,-82.111419,0.0,0.0
IAN-00935,"241 Reading Street Northwest, Port Charlotte, FL, 33952",26.977432,-82.110526,0.0,0.0
IAN-00936,"249 Reading Street Northwest, Port Charlotte, FL, 33952",26.977681,-82.110478,0.0,0.0
IAN-00937,"257 Reading Street Northwest, Port Charlotte, FL, 33952",26.977861,-82.110506,0.0,0.0
IAN-00938,"265 Reading Street Northwest, Port Charlotte, FL, 33952",26.978108,-82.110491,0.0,0.0
IAN-00939,"258 Reading Street Northwest, Port Charlotte, FL, 33952",26.97804,-82.11093,0.0,0.0
IAN-00940,"274 Reading Street Northwest, Port Charlotte, FL, 33952",26.978494,-82.110956,0.0,0.0
IAN-00941,"282 Reading Street Northwest, Port Charlotte, FL, 33952",26.978708,-82.110971,0.0,0.0
IAN-00942,"226 Walnut Avenue Northwest, Port Charlotte, FL, 33952",26.978724,-82.110469,0.0,0.0
IAN-00943,"19150 Quesada Avenue, Port Charlotte, FL, 33948",27.011865,-82.136225,0.0,0.0
IAN-00944,"188 Walnut Avenue Northwest, Port Charlotte, FL, 33952",26.978707,-82.10897,0.0,0.0
IAN-00945,"190 Walnut Avenue Northwest, Port Charlotte, FL, 33952",26.978714,-82.109218,0.0,0.0
IAN-00946,"194 Walnut Avenue Northwest, Port Charlotte, FL, 33952",26.978727,-82.109701,0.0,0.0
IAN-00947,"210 Walnut Avenue Northwest, Port Charlotte, FL, 33952",26.978705,-82.109963,0.0,0.0
IAN-00948,"218 Walnut Avenue Northwest, Port Charlotte, FL, 33952",26.978697,-82.110201,0.0,0.0
IAN-00949,"301 Seminole Boulevard Northwest, Port Charlotte, FL, 33952",26.979529,-82.107724,0.0,0.0
IAN-00950,"309 Seminole Boulevard Northwest, Port Charlotte, FL, 33952",26.979727,-82.107711,0.0,0.0
IAN-00951,"317 Seminole Boulevard Northwest, Port Charlotte, FL, 33952",26.979948,-82.107736,0.0,0.0
IAN-00952,"325 Seminole Boulevard Northwest, Port Charlotte, FL, 33952",26.980165,-82.107735,0.0,0.0
IAN-00953,"181 Garden Avenue Northwest, Port Charlotte, FL, 33952",26.979924,-82.108196,0.0,0.0
IAN-00954,"332 Seminole Boulevard Northwest, Port Charlotte, FL, 33952",26.980473,-82.108179,0.0,0.0
IAN-00955,"333 Seminole Boulevard Northwest, Port Charlotte, FL, 33952",26.980386,-82.107734,0.0,0.0
IAN-00956,"341 Seminole Boulevard Northwest, Port Charlotte, FL, 33952",26.980607,-82.107704,0.0,0.0
IAN-00957,"349 Seminole Boulevard Northwest, Port Charlotte, FL, 33952",26.980829,-82.107728,0.0,0.0
IAN-00958,"357 Seminole Boulevard Northwest, Port Charlotte, FL, 33952",26.981048,-82.107722,0.0,0.0
IAN-00959,"181 Forrest Avenue Northwest, Port Charlotte, FL, 33952",26.980801,-82.108216,0.0,0.0
IAN-00960,"182 Forrest Avenue Northwest, Port Charlotte, FL, 33952",26.981261,-82.108211,0.0,0.0
IAN-00961,"365 Seminole Boulevard Northwest, Port Charlotte, FL, 33952",26.98129,-82.107737,0.0,0.0
IAN-00962,"373 Seminole Boulevard Northwest, Port Charlotte, FL, 33952",26.981492,-82.107725,0.0,0.0
IAN-00963,"181 Cypress Avenue Northwest, Port Charlotte, FL, 33952",26.981591,-82.108191,0.0,0.0
IAN-00964,"188 Cypress Avenue Northwest, Port Charlotte, FL, 33952",26.982133,-82.10829,0.0,0.0
IAN-00965,"186 Cypress Avenue Northwest, Port Charlotte, FL, 33952",26.982111,-82.108046,0.0,0.0
IAN-00966,"184 Cypress Avenue Northwest, Port Charlotte, FL, 33952",26.982153,-82.107796,0.0,0.0
IAN-00967,"182 Cypress Avenue Northwest, Port Charlotte, FL, 33952",26.982104,-82.107552,0.0,0.0
IAN-00968,"3380 Port Charlotte Boulevard, Port Charlotte, FL, 33952",26.978368,-82.106715,0.0,0.0
IAN-00969,"202 Rockwood Street Northwest, Port Charlotte, FL, 33952",26.976761,-82.110074,0.0,0.0
IAN-00970,"3435 Pinetree Street, Port Charlotte, FL, 33952",26.976684,-82.110621,0.0,0.0
IAN-00971,"19625 Abhenry Circle, Port Charlotte, FL",26.971952,-82.133097,0.0,0.0
IAN-00972,"19217 Abhenry Circle, Port Charlotte, FL",26.973153,-82.133379,0.0,0.0
IAN-00973,"19225 Abhenry Circle, Port Charlotte, FL",26.972929,-82.133335,0.0,0.0
IAN-00974,"4027 McIntire Street, Port Charlotte, FL",26.972914,-82.132317,0.0,0.0
IAN-00975,"4035 McIntire Street, Port Charlotte, FL",26.972688,-82.132308,0.0,0.0
IAN-00976,"19234 Abhenry Circle, Port Charlotte, FL",26.972739,-82.132827,0.0,0.0
IAN-00977,"19242 Abhenry Circle, Port Charlotte, FL",26.972519,-82.132855,0.0,0.0
IAN-00978,"4043 McIntire Street, Port Charlotte, FL",26.972469,-82.13232,0.0,0.0
IAN-00979,"4034 McIntire Street, Port Charlotte, FL",26.972738,-82.131874,0.0,0.0
IAN-00980,"4018 McIntire Street, Port Charlotte, FL",26.973177,-82.131849,0.0,0.0
IAN-00981,"4010 McIntire Street, Port Charlotte, FL",26.97338,-82.131863,0.0,0.0
IAN-00982,"19478 Midway Boulevard, Port Charlotte, FL",26.973353,-82.131357,0.0,0.0
IAN-00983,"19472 Midway Boulevard, Port Charlotte, FL",26.973123,-82.131367,0.0,0.0
IAN-00984,"19466 Midway Boulevard, Port Charlotte, FL",26.972901,-82.131344,0.0,0.0
IAN-00985,"19317 Abhenry Circle, Port Charlotte, FL",26.971546,-82.131619,0.0,0.0
IAN-00986,"19309 Abhenry Circle, Port Charlotte, FL",26.971617,-82.131867,0.0,0.0
IAN-00987,"19301 Abhenry Circle, Port Charlotte, FL",26.971658,-82.132097,0.0,0.0
IAN-00988,"19293 Abhenry Circle, Port Charlotte, FL",26.971724,-82.132344,0.0,0.0
IAN-00989,"19285 Abhenry Circle, Port Charlotte, FL",26.971774,-82.132564,0.0,0.0
IAN-00990,"4009 McIntire Street, Port Charlotte, FL",26.97334,-82.132356,0.0,0.0
IAN-00991,"19231 Abhenry Circle, Port Charlotte, FL",26.973412,-82.132817,0.0,0.0
IAN-00992,"19218 Abhenry Circle, Port Charlotte, FL",26.973175,-82.132852,0.0,0.0
IAN-00993,"19441 Edgewater Drive, Port Charlotte, FL",26.973216,-82.12628,0.0,0.0
IAN-00994,"19423 Edgewater Drive, Port Charlotte, FL",26.973238,-82.126785,0.0,0.0
IAN-00995,"19399 Edgewater Drive, Port Charlotte, FL",26.973284,-82.127503,0.0,0.0
IAN-00996,"19415 Edgewater Drive, Port Charlotte, FL",26.973269,-82.127062,0.0,0.0
IAN-00997,"19375 Edgewater Drive, Port Charlotte, FL",26.973303,-82.128255,0.0,0.0
IAN-00998,"19383 Abhenry Circle, Port Charlotte, FL",26.971054,-82.1295,0.0,0.0
IAN-00999,"19391 Abhenry Circle, Port Charlotte, FL",26.971096,-82.129142,0.0,0.0
IAN-01000,"19468 Edgewater Drive, Port Charlotte, FL",26.9738,-82.125302,0.0,0.0
