property_id,zip,zip_truth_rate,fema_zip_flood_rate,flooded_truth,raw_flood_score,impact_class
IAN-00001,33983,0.4090909090909091,0.4090909090909091,0,0.0,Remote-Deny
IAN-00002,33948,0.17,0.17,0,0.0,Remote-Deny
IAN-00003,34288,0.33333333333333326,0.33333333333333326,0,0.0,Remote-Deny
IAN-00004,33950,0.14285714285714285,0.14285714285714285,0,0.0,Remote-Deny
IAN-00005,33950,0.14285714285714285,0.14285714285714285,0,0.0,Remote-Deny
IAN-00006,34269,0.7105263157894737,0.7105263157894737,1,0.0,Remote-Deny
IAN-00007,33950,0.14285714285714285,0.14285714285714285,0,0.0,Remote-Deny
IAN-00008,33950,0.14285714285714285,0.14285714285714285,0,0.0,Remote-Deny
IAN-00009,33950,0.14285714285714285,0.14285714285714285,0,0.0,Remote-Deny
IAN-00010,33950,0.14285714285714285,0.14285714285714285,0,0.0,Remote-Deny
IAN-00011,33954,0.16666666666666663,0.16666666666666663,0,0.0,Review
IAN-00012,33983,0.4090909090909091,0.4090909090909091,0,0.0,Review
IAN-00013,33983,0.4090909090909091,0.4090909090909091,0,0.0,Remote-Deny
IAN-00014,33980,0.34883720930232553,0.34883720930232553,0,0.0,Remote-Deny
IAN-00015,33950,0.14285714285714285,0.14285714285714285,0,0.0,Review
IAN-00016,33952,0.2608695652173913,0.2608695652173913,0,0.0,Remote-Deny
IAN-00017,33950,0.14285714285714285,0.14285714285714285,0,0.0,Review
IAN-00018,33950,0.14285714285714285,0.14285714285714285,0,0.0,Review
IAN-00019,33950,0.14285714285714285,0.14285714285714285,0,0.0,Remote-Deny
IAN-00020,33950,0.14285714285714285,0.14285714285714285,0,0.0,Remote-Deny
IAN-00021,33950,0.14285714285714285,0.14285714285714285,0,0.0,Remote-Deny
IAN-00022,33950,0.14285714285714285,0.14285714285714285,0,0.0,Review
IAN-00023,33950,0.14285714285714285,0.14285714285714285,0,0.0,Remote-Deny
IAN-00024,33950,0.14285714285714285,0.14285714285714285,0,0.0,Remote-Deny
IAN-00025,33950,0.14285714285714285,0.14285714285714285,0,0.0,Remote-Deny
IAN-00026,33950,0.14285714285714285,0.14285714285714285,0,0.0,Remote-Deny
IAN-00027,33950,0.14285714285714285,0.14285714285714285,0,0.0,Remote-Deny
IAN-00028,33950,0.14285714285714285,0.14285714285714285,0,0.0,Remote-Deny
IAN-00029,33948,0.17,0.17,0,0.0,Review
IAN-00030,33950,0.14285714285714285,0.14285714285714285,0,0.0,Remote-Deny
IAN-00031,33980,0.34883720930232553,0.34883720930232553,0,0.0045,Remote-Deny
IAN-00032,33980,0.34883720930232553,0.34883720930232553,0,0.0,Remote-Deny
IAN-00033,33948,0.17,0.17,0,0.0,Review
IAN-00034,33950,0.14285714285714285,0.14285714285714285,0,0.0,Remote-Deny
IAN-00035,33983,0.4090909090909091,0.4090909090909091,0,0.0,Remote-Deny
IAN-00036,33950,0.14285714285714285,0.14285714285714285,0,0.0,Remote-Deny
IAN-00037,33950,0.14285714285714285,0.14285714285714285,0,0.0,Remote-Deny
IAN-00038,33980,0.34883720930232553,0.34883720930232553,0,0.0,Review
IAN-00039,33980,0.34883720930232553,0.34883720930232553,0,0.0,Remote-Deny
IAN-00040,33954,0.16666666666666663,0.16666666666666663,0,0.0,Remote-Deny
IAN-00041,33980,0.34883720930232553,0.34883720930232553,0,0.0,Review
IAN-00042,33950,0.14285714285714285,0.14285714285714285,0,0.0,Remote-Deny
IAN-00043,33950,0.14285714285714285,0.14285714285714285,0,0.0,Remote-Deny
IAN-00044,33950,0.14285714285714285,0.14285714285714285,0,0.0,Review
IAN-00045,33950,0.14285714285714285,0.14285714285714285,0,0.0,Review
IAN-00046,33950,0.14285714285714285,0.14285714285714285,0,0.0,Remote-Deny
IAN-00047,33950,0.14285714285714285,0.14285714285714285,0,0.0,Remote-Deny
IAN-00048,33950,0.14285714285714285,0.14285714285714285,0,0.0,Remote-Deny
IAN-00049,33950,0.14285714285714285,0.14285714285714285,0,0.0,Remote-Deny
IAN-00050,33950,0.14285714285714285,0.14285714285714285,0,0.0,Review
IAN-00051,33950,0.14285714285714285,0.14285714285714285,0,0.0,Remote-Deny
IAN-00052,33950,0.14285714285714285,0.14285714285714285,0,0.0,Review
IAN-00053,33950,0.14285714285714285,0.14285714285714285,0,0.0,Review
IAN-00054,33950,0.14285714285714285,0.14285714285714285,0,0.0,Review
IAN-00055,33950,0.14285714285714285,0.14285714285714285,0,0.0,Remote-Deny
IAN-00056,33950,0.14285714285714285,0.14285714285714285,0,0.0,Remote-Deny
IAN-00057,33950,0.14285714285714285,0.14285714285714285,0,0.0,Remote-Deny
IAN-00058,33950,0.14285714285714285,0.14285714285714285,0,0.0,Remote-Deny
IAN-00059,33948,0.17,0.17,0,0.0,Remote-Deny
IAN-00060,33950,0.14285714285714285,0.14285714285714285,0,0.0,Remote-Deny
IAN-00061,33950,0.14285714285714285,0.14285714285714285,0,0.0,Remote-Deny
IAN-00062,33952,0.2608695652173913,0.2608695652173913,0,0.0,Remote-Deny
IAN-00063,33952,0.2608695652173913,0.2608695652173913,0,0.0,Review
IAN-00064,33983,0.4090909090909091,0.4090909090909091,0,0.0,Remote-Deny
IAN-00065,33983,0.4090909090909091,0.4090909090909091,0,0.0,Remote-Deny
IAN-00066,33950,0.14285714285714285,0.14285714285714285,0,0.0,Remote-Deny
IAN-00067,33954,0.16666666666666663,0.16666666666666663,0,0.0,Review
IAN-00068,33948,0.17,0.17,0,0.0,Remote-Deny
IAN-00069,33954,0.16666666666666663,0.16666666666666663,0,0.0,Remote-Deny
IAN-00070,33954,0.16666666666666663,0.16666666666666663,0,0.0,Remote-Deny
IAN-00071,33954,0.16666666666666663,0.16666666666666663,0,0.0,Review
IAN-00072,33954,0.16666666666666663,0.16666666666666663,0,0.0,Review
IAN-00073,33980,0.34883720930232553,0.34883720930232553,0,0.0,Review
IAN-00074,33980,0.34883720930232553,0.34883720930232553,0,0.0,Remote-Deny
IAN-00075,33980,0.34883720930232553,0.34883720930232553,0,0.0,Remote-Deny
IAN-00076,33980,0.34883720930232553,0.34883720930232553,0,0.0,Remote-Deny
IAN-00077,33980,0.34883720930232553,0.34883720930232553,0,0.0,Review
IAN-00078,33954,0.16666666666666663,0.16666666666666663,0,0.0,Review
IAN-00079,33954,0.16666666666666663,0.16666666666666663,0,0.0,Review
IAN-00080,33983,0.4090909090909091,0.4090909090909091,0,0.0,Remote-Deny
IAN-00081,33952,0.2608695652173913,0.2608695652173913,0,0.0,Remote-Deny
IAN-00082,33954,0.16666666666666663,0.16666666666666663,0,0.0,Review
IAN-00083,33950,0.14285714285714285,0.14285714285714285,0,0.0,Review
IAN-00084,33950,0.14285714285714285,0.14285714285714285,0,0.0,Remote-Deny
IAN-00085,33950,0.14285714285714285,0.14285714285714285,0,0.0,Remote-Deny
IAN-00086,33950,0.14285714285714285,0.14285714285714285,0,0.0,Remote-Deny
IAN-00087,33950,0.14285714285714285,0.14285714285714285,0,0.0,Review
IAN-00088,33982,0.5,0.5,1,0.0,Remote-Deny
IAN-00089,33948,0.17,0.17,0,0.0,Review
IAN-00090,33948,0.17,0.17,0,0.0,Review
IAN-00091,33948,0.17,0.17,0,0.0,Review
IAN-00092,33948,0.17,0.17,0,0.0,Remote-Deny
IAN-00093,33948,0.17,0.17,0,0.0,Review
IAN-00094,33950,0.14285714285714285,0.14285714285714285,0,0.0,Remote-Deny
IAN-00095,33982,0.5,0.5,1,0.0,Remote-Deny
IAN-00096,33983,0.4090909090909091,0.4090909090909091,0,0.0,Remote-Deny
IAN-00097,33948,0.17,0.17,0,0.0,Review
IAN-00098,33948,0.17,0.17,0,0.0,Review
IAN-00099,33948,0.17,0.17,0,0.0,Remote-Deny
IAN-00100,33948,0.17,0.17,0,0.0,Remote-Deny
IAN-00101,33948,0.17,0.17,0,0.0,Review
IAN-00102,33948,0.17,0.17,0,0.0,Remote-Deny
IAN-00103,33948,0.17,0.17,0,0.0,Review
IAN-00104,33980,0.34883720930232553,0.34883720930232553,0,0.0,Remote-Deny
IAN-00105,33983,0.4090909090909091,0.4090909090909091,0,0.0,Remote-Deny
IAN-00106,33948,0.17,0.17,0,0.0,Remote-Deny
IAN-00107,33948,0.17,0.17,0,0.0,Review
IAN-00108,33948,0.17,0.17,0,0.0,Review
IAN-00109,33948,0.17,0.17,0,0.0,Remote-Deny
IAN-00110,33948,0.17,0.17,0,0.0,Review
IAN-00111,33980,0.34883720930232553,0.34883720930232553,0,0.0,Remote-Deny
IAN-00112,33982,0.5,0.5,1,0.0,Remote-Deny
IAN-00113,33950,0.14285714285714285,0.14285714285714285,0,0.0,Review
IAN-00114,33950,0.14285714285714285,0.14285714285714285,0,0.0,Review
IAN-00115,34288,0.33333333333333326,0.33333333333333326,0,0.0,Remote-Deny
IAN-00116,33954,0.16666666666666663,0.16666666666666663,0,0.0,Remote-Deny
IAN-00117,33983,0.4090909090909091,0.4090909090909091,0,0.0,Review
IAN-00118,33983,0.4090909090909091,0.4090909090909091,0,0.0,Review
IAN-00119,33954,0.16666666666666663,0.16666666666666663,0,0.0,Review
IAN-00120,33948,0.17,0.17,0,0.0,Remote-Deny
IAN-00121,33950,0.14285714285714285,0.14285714285714285,0,0.0,Remote-Deny
IAN-00122,33952,0.2608695652173913,0.2608695652173913,0,0.0,Remote-Deny
IAN-00123,33948,0.17,0.17,0,0.0,Remote-Deny
IAN-00124,33952,0.2608695652173913,0.2608695652173913,0,0.0,Remote-Deny
IAN-00125,33950,0.14285714285714285,0.14285714285714285,0,0.0,Remote-Deny
IAN-00126,33950,0.14285714285714285,0.14285714285714285,0,0.0,Remote-Deny
IAN-00127,33950,0.14285714285714285,0.14285714285714285,0,0.0,Remote-Deny
IAN-00128,33955,0.1724137931034483,0.1724137931034483,0,0.0,Remote-Deny
IAN-00129,33952,0.2608695652173913,0.2608695652173913,0,0.0,Remote-Deny
IAN-00130,33948,0.17,0.17,0,0.0175,Remote-Deny
IAN-00131,33980,0.34883720930232553,0.34883720930232553,0,0.0,Remote-Deny
IAN-00132,33982,0.5,0.5,1,0.0,Review
IAN-00133,33950,0.14285714285714285,0.14285714285714285,0,0.0,Remote-Deny
IAN-00134,33948,0.17,0.17,0,0.0,Review
IAN-00135,33948,0.17,0.17,0,0.0,Remote-Deny
IAN-00136,33952,0.2608695652173913,0.2608695652173913,0,0.0,Review
IAN-00137,33980,0.34883720930232553,0.34883720930232553,0,0.0,Review
IAN-00138,33952,0.2608695652173913,0.2608695652173913,0,0.0,Remote-Deny
IAN-00139,33948,0.17,0.17,0,0.0,Review
IAN-00140,33954,0.16666666666666663,0.16666666666666663,0,0.0,Remote-Deny
IAN-00141,33950,0.14285714285714285,0.14285714285714285,0,0.0,Remote-Deny
IAN-00142,33980,0.34883720930232553,0.34883720930232553,0,0.0,Remote-Deny
IAN-00143,33980,0.34883720930232553,0.34883720930232553,0,0.0,Review
IAN-00144,33980,0.34883720930232553,0.34883720930232553,0,0.0,Remote-Deny
IAN-00145,33952,0.2608695652173913,0.2608695652173913,0,0.0,Remote-Deny
IAN-00146,33948,0.17,0.17,0,0.0,Remote-Deny
IAN-00147,33948,0.17,0.17,0,0.0,Remote-Deny
IAN-00148,33948,0.17,0.17,0,0.0,Review
IAN-00149,33948,0.17,0.17,0,0.0,Review
IAN-00150,33948,0.17,0.17,0,0.0,Review
IAN-00151,33948,0.17,0.17,0,0.0,Remote-Deny
IAN-00152,33952,0.2608695652173913,0.2608695652173913,0,0.0,Review
IAN-00153,33952,0.2608695652173913,0.2608695652173913,0,0.0,Review
IAN-00154,33952,0.2608695652173913,0.2608695652173913,0,0.0,Remote-Deny
IAN-00155,33952,0.2608695652173913,0.2608695652173913,0,0.0,Remote-Deny
IAN-00156,33952,0.2608695652173913,0.2608695652173913,0,0.0,Remote-Deny
IAN-00157,33952,0.2608695652173913,0.2608695652173913,0,0.0,Remote-Deny
IAN-00158,33952,0.2608695652173913,0.2608695652173913,0,0.0,Remote-Deny
IAN-00159,33952,0.2608695652173913,0.2608695652173913,0,0.0,Remote-Deny
IAN-00160,33952,0.2608695652173913,0.2608695652173913,0,0.0,Remote-Deny
IAN-00161,33952,0.2608695652173913,0.2608695652173913,0,0.0,Remote-Deny
IAN-00162,33980,0.34883720930232553,0.34883720930232553,0,0.0,Remote-Deny
IAN-00163,33952,0.2608695652173913,0.2608695652173913,0,0.0,Remote-Deny
IAN-00164,33952,0.2608695652173913,0.2608695652173913,0,0.0,Review
IAN-00165,33952,0.2608695652173913,0.2608695652173913,0,0.0,Remote-Deny
IAN-00166,33952,0.2608695652173913,0.2608695652173913,0,0.0,Remote-Deny
IAN-00167,33948,0.17,0.17,0,0.0,Review
IAN-00168,33948,0.17,0.17,0,0.0,Remote-Deny
IAN-00169,33948,0.17,0.17,0,0.0,Remote-Deny
IAN-00170,33950,0.14285714285714285,0.14285714285714285,0,0.0,Review
IAN-00171,33980,0.34883720930232553,0.34883720930232553,0,0.0,Remote-Deny
IAN-00172,33952,0.2608695652173913,0.2608695652173913,0,0.0,Review
IAN-00173,33950,0.14285714285714285,0.14285714285714285,0,0.0,Review
IAN-00174,33948,0.17,0.17,0,0.0,Remote-Deny
IAN-00175,33948,0.17,0.17,0,0.0,Remote-Deny
IAN-00176,33982,0.5,0.5,1,0.0,Review
IAN-00177,33950,0.14285714285714285,0.14285714285714285,0,0.0,Remote-Deny
IAN-00178,33980,0.34883720930232553,0.34883720930232553,0,0.0,Remote-Deny
IAN-00179,33980,0.34883720930232553,0.34883720930232553,0,0.0,Remote-Deny
IAN-00180,33980,0.34883720930232553,0.34883720930232553,0,0.0,Remote-Deny
IAN-00181,33953,0.2857142857142857,0.2857142857142857,0,0.0,Remote-Deny
IAN-00182,33980,0.34883720930232553,0.34883720930232553,0,0.0,Remote-Deny
IAN-00183,33950,0.14285714285714285,0.14285714285714285,0,0.0,Remote-Deny
IAN-00184,33950,0.14285714285714285,0.14285714285714285,0,0.0,Review
IAN-00185,33980,0.34883720930232553,0.34883720930232553,0,0.0,Remote-Deny
IAN-00186,33983,0.4090909090909091,0.4090909090909091,0,0.0,Review
IAN-00187,33950,0.14285714285714285,0.14285714285714285,0,0.0,Remote-Deny
IAN-00188,33950,0.14285714285714285,0.14285714285714285,0,0.0,Remote-Deny
IAN-00189,33982,0.5,0.5,1,0.0,Remote-Deny
IAN-00190,33982,0.5,0.5,1,0.0,Remote-Deny
IAN-00191,33982,0.5,0.5,1,0.0,Remote-Deny
IAN-00192,33982,0.5,0.5,1,0.2467,Review
IAN-00193,33983,0.4090909090909091,0.4090909090909091,0,0.0,Review
IAN-00194,33983,0.4090909090909091,0.4090909090909091,0,0.0,Remote-Deny
IAN-00195,33952,0.2608695652173913,0.2608695652173913,0,0.0,Remote-Deny
IAN-00196,33980,0.34883720930232553,0.34883720930232553,0,0.0,Remote-Deny
IAN-00197,33983,0.4090909090909091,0.4090909090909091,0,0.0,Remote-Deny
IAN-00198,33948,0.17,0.17,0,0.0,Remote-Deny
IAN-00199,33948,0.17,0.17,0,0.0,Review
IAN-00200,33948,0.17,0.17,0,0.0,Remote-Deny
IAN-00201,33950,0.14285714285714285,0.14285714285714285,0,0.0,Remote-Deny
IAN-00202,33954,0.16666666666666663,0.16666666666666663,0,0.0,Remote-Deny
IAN-00203,33980,0.34883720930232553,0.34883720930232553,0,0.0,Remote-Deny
IAN-00204,33954,0.16666666666666663,0.16666666666666663,0,0.0,Remote-Deny
IAN-00205,33950,0.14285714285714285,0.14285714285714285,0,0.0,Review
IAN-00206,33950,0.14285714285714285,0.14285714285714285,0,0.0,Remote-Deny
IAN-00207,33950,0.14285714285714285,0.14285714285714285,0,0.0,Remote-Deny
IAN-00208,33950,0.14285714285714285,0.14285714285714285,0,0.0,Review
IAN-00209,33950,0.14285714285714285,0.14285714285714285,0,0.0,Remote-Deny
IAN-00210,33950,0.14285714285714285,0.14285714285714285,0,0.0,Review
IAN-00211,33950,0.14285714285714285,0.14285714285714285,0,0.0,Remote-Deny
IAN-00212,33950,0.14285714285714285,0.14285714285714285,0,0.0,Review
IAN-00213,33955,0.1724137931034483,0.1724137931034483,0,0.0,Remote-Deny
IAN-00214,33950,0.14285714285714285,0.14285714285714285,0,0.0,Remote-Deny
IAN-00215,33982,0.5,0.5,1,0.0,Review
IAN-00216,33980,0.34883720930232553,0.34883720930232553,0,0.0,Remote-Deny
IAN-00217,33980,0.34883720930232553,0.34883720930232553,0,0.0,Remote-Deny
IAN-00218,33983,0.4090909090909091,0.4090909090909091,0,0.0,Remote-Deny
IAN-00219,33954,0.16666666666666663,0.16666666666666663,0,0.0,Review
IAN-00220,33948,0.17,0.17,0,0.0,Review
IAN-00221,33948,0.17,0.17,0,0.0,Review
IAN-00222,33950,0.14285714285714285,0.14285714285714285,0,0.0,Remote-Deny
IAN-00223,33950,0.14285714285714285,0.14285714285714285,0,0.0,Review
IAN-00224,33952,0.2608695652173913,0.2608695652173913,0,0.0,Review
IAN-00225,33948,0.17,0.17,0,0.0,Review
IAN-00226,33948,0.17,0.17,0,0.0,Review
IAN-00227,33948,0.17,0.17,0,0.0,Review
IAN-00228,33952,0.2608695652173913,0.2608695652173913,0,0.0,Review
IAN-00229,33952,0.2608695652173913,0.2608695652173913,0,0.0,Review
IAN-00230,33952,0.2608695652173913,0.2608695652173913,0,0.0,Review
IAN-00231,33952,0.2608695652173913,0.2608695652173913,0,0.0,Remote-Deny
IAN-00232,33952,0.2608695652173913,0.2608695652173913,0,0.0,Review
IAN-00233,33952,0.2608695652173913,0.2608695652173913,0,0.0,Remote-Deny
IAN-00234,33952,0.2608695652173913,0.2608695652173913,0,0.0,Remote-Deny
IAN-00235,33952,0.2608695652173913,0.2608695652173913,0,0.0,Remote-Deny
IAN-00236,33952,0.2608695652173913,0.2608695652173913,0,0.0,Review
IAN-00237,33952,0.2608695652173913,0.2608695652173913,0,0.0,Review
IAN-00238,33952,0.2608695652173913,0.2608695652173913,0,0.0,Review
IAN-00239,33952,0.2608695652173913,0.2608695652173913,0,0.0,Review
IAN-00240,33952,0.2608695652173913,0.2608695652173913,0,0.0,Remote-Deny
IAN-00241,33952,0.2608695652173913,0.2608695652173913,0,0.0,Remote-Deny
IAN-00242,33952,0.2608695652173913,0.2608695652173913,0,0.0,Review
IAN-00243,33952,0.2608695652173913,0.2608695652173913,0,0.0,Remote-Deny
IAN-00244,33952,0.2608695652173913,0.2608695652173913,0,0.0,Remote-Deny
IAN-00245,33952,0.2608695652173913,0.2608695652173913,0,0.0,Review
IAN-00246,33952,0.2608695652173913,0.2608695652173913,0,0.0,Remote-Deny
IAN-00247,33952,0.2608695652173913,0.2608695652173913,0,0.0,Remote-Deny
IAN-00248,33952,0.2608695652173913,0.2608695652173913,0,0.0,Remote-Deny
IAN-00249,33952,0.2608695652173913,0.2608695652173913,0,0.0,Remote-Deny
IAN-00250,33952,0.2608695652173913,0.2608695652173913,0,0.0,Review
IAN-00251,33952,0.2608695652173913,0.2608695652173913,0,0.0,Review
IAN-00252,33952,0.2608695652173913,0.2608695652173913,0,0.0,Review
IAN-00253,33952,0.2608695652173913,0.2608695652173913,0,0.0,Review
IAN-00254,33980,0.34883720930232553,0.34883720930232553,0,0.0,Review
IAN-00255,33980,0.34883720930232553,0.34883720930232553,0,0.0,Remote-Deny
IAN-00256,33952,0.2608695652173913,0.2608695652173913,0,0.0,Remote-Deny
IAN-00257,33950,0.14285714285714285,0.14285714285714285,0,0.0,Remote-Deny
IAN-00258,33952,0.2608695652173913,0.2608695652173913,0,0.0,Remote-Deny
IAN-00259,33952,0.2608695652173913,0.2608695652173913,0,0.0,Remote-Deny
IAN-00260,33952,0.2608695652173913,0.2608695652173913,0,0.0,Remote-Deny
IAN-00261,33948,0.17,0.17,0,0.0,Remote-Deny
IAN-00262,33983,0.4090909090909091,0.4090909090909091,0,0.0,Remote-Deny
IAN-00263,33983,0.4090909090909091,0.4090909090909091,0,0.0,Remote-Deny
IAN-00264,33983,0.4090909090909091,0.4090909090909091,0,0.0,Remote-Deny
IAN-00265,33983,0.4090909090909091,0.4090909090909091,0,0.0,Remote-Deny
IAN-00266,33983,0.4090909090909091,0.4090909090909091,0,0.0,Remote-Deny
IAN-00267,33983,0.4090909090909091,0.4090909090909091,0,0.0,Remote-Deny
IAN-00268,34288,0.33333333333333326,0.33333333333333326,0,0.0,Remote-Deny
IAN-00269,33980,0.34883720930232553,0.34883720930232553,0,0.0,Remote-Deny
IAN-00270,33948,0.17,0.17,0,0.0,Review
IAN-00271,33952,0.2608695652173913,0.2608695652173913,0,0.0,Remote-Deny
IAN-00272,33952,0.2608695652173913,0.2608695652173913,0,0.0,Remote-Deny
IAN-00273,33952,0.2608695652173913,0.2608695652173913,0,0.0,Remote-Deny
IAN-00274,33952,0.2608695652173913,0.2608695652173913,0,0.0,Remote-Deny
IAN-00275,33952,0.2608695652173913,0.2608695652173913,0,0.0,Remote-Deny
IAN-00276,33952,0.2608695652173913,0.2608695652173913,0,0.0,Remote-Deny
IAN-00277,33952,0.2608695652173913,0.2608695652173913,0,0.0,Remote-Deny
IAN-00278,33952,0.2608695652173913,0.2608695652173913,0,0.0,Remote-Deny
IAN-00279,33952,0.2608695652173913,0.2608695652173913,0,0.0,Remote-Deny
IAN-00280,33952,0.2608695652173913,0.2608695652173913,0,0.0,Remote-Deny
IAN-00281,33952,0.2608695652173913,0.2608695652173913,0,0.0,Remote-Deny
IAN-00282,33952,0.2608695652173913,0.2608695652173913,0,0.0,Remote-Deny
IAN-00283,33952,0.2608695652173913,0.2608695652173913,0,0.0,Remote-Deny
IAN-00284,33952,0.2608695652173913,0.2608695652173913,0,0.0,Remote-Deny
IAN-00285,33952,0.2608695652173913,0.2608695652173913,0,0.0,Remote-Deny
IAN-00286,33952,0.2608695652173913,0.2608695652173913,0,0.0,Remote-Deny
IAN-00287,33952,0.2608695652173913,0.2608695652173913,0,0.0,Remote-Deny
IAN-00288,33952,0.2608695652173913,0.2608695652173913,0,0.0,Remote-Deny
IAN-00289,33952,0.2608695652173913,0.2608695652173913,0,0.0,Remote-Deny
IAN-00290,33952,0.2608695652173913,0.2608695652173913,0,0.0,Remote-Deny
IAN-00291,33952,0.2608695652173913,0.2608695652173913,0,0.0,Remote-Deny
IAN-00292,33952,0.2608695652173913,0.2608695652173913,0,0.0,Remote-Deny
IAN-00293,33952,0.2608695652173913,0.2608695652173913,0,0.0,Remote-Deny
IAN-00294,33952,0.2608695652173913,0.2608695652173913,0,0.0,Remote-Deny
IAN-00295,33952,0.2608695652173913,0.2608695652173913,0,0.0,Remote-Deny
IAN-00296,33952,0.2608695652173913,0.2608695652173913,0,0.0,Remote-Deny
IAN-00297,33952,0.2608695652173913,0.2608695652173913,0,0.0,Remote-Deny
IAN-00298,33952,0.2608695652173913,0.2608695652173913,0,0.0,Remote-Deny
IAN-00299,33952,0.2608695652173913,0.2608695652173913,0,0.0,Remote-Deny
IAN-00300,33952,0.2608695652173913,0.2608695652173913,0,0.0,Remote-Deny
IAN-00301,33952,0.2608695652173913,0.2608695652173913,0,0.0,Remote-Deny
IAN-00302,33952,0.2608695652173913,0.2608695652173913,0,0.0,Remote-Deny
IAN-00303,33952,0.2608695652173913,0.2608695652173913,0,0.0,Remote-Deny
IAN-00304,33952,0.2608695652173913,0.2608695652173913,0,0.0,Remote-Deny
IAN-00305,33952,0.2608695652173913,0.2608695652173913,0,0.0,Remote-Deny
IAN-00306,33952,0.2608695652173913,0.2608695652173913,0,0.0,Remote-Deny
IAN-00307,33952,0.2608695652173913,0.2608695652173913,0,0.0,Remote-Deny
IAN-00308,33952,0.2608695652173913,0.2608695652173913,0,0.0,Remote-Deny
IAN-00309,33952,0.2608695652173913,0.2608695652173913,0,0.0,Remote-Deny
IAN-00310,33952,0.2608695652173913,0.2608695652173913,0,0.0,Remote-Deny
IAN-00311,33952,0.2608695652173913,0.2608695652173913,0,0.0,Remote-Deny
IAN-00312,33952,0.2608695652173913,0.2608695652173913,0,0.0,Remote-Deny
IAN-00313,33952,0.2608695652173913,0.2608695652173913,0,0.0,Remote-Deny
IAN-00314,33952,0.2608695652173913,0.2608695652173913,0,0.0,Remote-Deny
IAN-00315,33952,0.2608695652173913,0.2608695652173913,0,0.0,Remote-Deny
IAN-00316,33952,0.2608695652173913,0.2608695652173913,0,0.0,Remote-Deny
IAN-00317,33952,0.2608695652173913,0.2608695652173913,0,0.0,Remote-Deny
IAN-00318,33952,0.2608695652173913,0.2608695652173913,0,0.0,Remote-Deny
IAN-00319,33952,0.2608695652173913,0.2608695652173913,0,0.0,Remote-Deny
IAN-00320,33952,0.2608695652173913,0.2608695652173913,0,0.0,Remote-Deny
IAN-00321,33952,0.2608695652173913,0.2608695652173913,0,0.0,Remote-Deny
IAN-00322,33952,0.2608695652173913,0.2608695652173913,0,0.0,Remote-Deny
IAN-00323,33952,0.2608695652173913,0.2608695652173913,0,0.0,Remote-Deny
IAN-00324,33952,0.2608695652173913,0.2608695652173913,0,0.0,Remote-Deny
IAN-00325,33952,0.2608695652173913,0.2608695652173913,0,0.0,Remote-Deny
IAN-00326,33952,0.2608695652173913,0.2608695652173913,0,0.0,Remote-Deny
IAN-00327,33952,0.2608695652173913,0.2608695652173913,0,0.0,Remote-Deny
IAN-00328,33952,0.2608695652173913,0.2608695652173913,0,0.0,Remote-Deny
IAN-00329,33952,0.2608695652173913,0.2608695652173913,0,0.0,Remote-Deny
IAN-00330,33952,0.2608695652173913,0.2608695652173913,0,0.0,Remote-Deny
IAN-00331,33952,0.2608695652173913,0.2608695652173913,0,0.0,Remote-Deny
IAN-00332,33952,0.2608695652173913,0.2608695652173913,0,0.0,Remote-Deny
IAN-00333,33952,0.2608695652173913,0.2608695652173913,0,0.0,Remote-Deny
IAN-00334,33952,0.2608695652173913,0.2608695652173913,0,0.0,Remote-Deny
IAN-00335,33952,0.2608695652173913,0.2608695652173913,0,0.0,Remote-Deny
IAN-00336,33952,0.2608695652173913,0.2608695652173913,0,0.0,Remote-Deny
IAN-00337,33952,0.2608695652173913,0.2608695652173913,0,0.0,Remote-Deny
IAN-00338,33952,0.2608695652173913,0.2608695652173913,0,0.0,Remote-Deny
IAN-00339,33952,0.2608695652173913,0.2608695652173913,0,0.0,Remote-Deny
IAN-00340,33952,0.2608695652173913,0.2608695652173913,0,0.0,Remote-Deny
IAN-00341,33952,0.2608695652173913,0.2608695652173913,0,0.0,Remote-Deny
IAN-00342,33952,0.2608695652173913,0.2608695652173913,0,0.0,Remote-Deny
IAN-00343,33952,0.2608695652173913,0.2608695652173913,0,0.0,Remote-Deny
IAN-00344,33952,0.2608695652173913,0.2608695652173913,0,0.0,Remote-Deny
IAN-00345,33952,0.2608695652173913,0.2608695652173913,0,0.0,Remote-Deny
IAN-00346,33952,0.2608695652173913,0.2608695652173913,0,0.0,Remote-Deny
IAN-00347,33952,0.2608695652173913,0.2608695652173913,0,0.0,Remote-Deny
IAN-00348,33952,0.2608695652173913,0.2608695652173913,0,0.0,Remote-Deny
IAN-00349,33952,0.2608695652173913,0.2608695652173913,0,0.0,Remote-Deny
IAN-00350,33952,0.2608695652173913,0.2608695652173913,0,0.0,Remote-Deny
IAN-00351,33952,0.2608695652173913,0.2608695652173913,0,0.0,Remote-Deny
IAN-00352,33952,0.2608695652173913,0.2608695652173913,0,0.0,Remote-Deny
IAN-00353,33952,0.2608695652173913,0.2608695652173913,0,0.0,Remote-Deny
IAN-00354,33952,0.2608695652173913,0.2608695652173913,0,0.0,Remote-Deny
IAN-00355,33952,0.2608695652173913,0.2608695652173913,0,0.0,Remote-Deny
IAN-00356,33952,0.2608695652173913,0.2608695652173913,0,0.0,Remote-Deny
IAN-00357,33952,0.2608695652173913,0.2608695652173913,0,0.0,Remote-Deny
IAN-00358,33952,0.2608695652173913,0.2608695652173913,0,0.0,Remote-Deny
IAN-00359,33952,0.2608695652173913,0.2608695652173913,0,0.0,Remote-Deny
IAN-00360,33952,0.2608695652173913,0.2608695652173913,0,0.0,Remote-Deny
IAN-00361,33952,0.2608695652173913,0.2608695652173913,0,0.0,Remote-Deny
IAN-00362,33952,0.2608695652173913,0.2608695652173913,0,0.0,Remote-Deny
IAN-00363,33952,0.2608695652173913,0.2608695652173913,0,0.0,Remote-Deny
IAN-00364,33952,0.2608695652173913,0.2608695652173913,0,0.0,Remote-Deny
IAN-00365,33952,0.2608695652173913,0.2608695652173913,0,0.0,Remote-Deny
IAN-00366,33952,0.2608695652173913,0.2608695652173913,0,0.0,Remote-Deny
IAN-00367,33952,0.2608695652173913,0.2608695652173913,0,0.0,Remote-Deny
IAN-00368,33952,0.2608695652173913,0.2608695652173913,0,0.0,Remote-Deny
IAN-00369,33952,0.2608695652173913,0.2608695652173913,0,0.0,Remote-Deny
IAN-00370,33952,0.2608695652173913,0.2608695652173913,0,0.0,Remote-Deny
IAN-00371,33952,0.2608695652173913,0.2608695652173913,0,0.0,Remote-Deny
IAN-00372,33952,0.2608695652173913,0.2608695652173913,0,0.0,Remote-Deny
IAN-00373,33952,0.2608695652173913,0.2608695652173913,0,0.0,Remote-Deny
IAN-00374,33952,0.2608695652173913,0.2608695652173913,0,0.0,Remote-Deny
IAN-00375,33952,0.2608695652173913,0.2608695652173913,0,0.0,Remote-Deny
IAN-00376,33952,0.2608695652173913,0.2608695652173913,0,0.0,Remote-Deny
IAN-00377,33952,0.2608695652173913,0.2608695652173913,0,0.0,Remote-Deny
IAN-00378,33952,0.2608695652173913,0.2608695652173913,0,0.0,Remote-Deny
IAN-00379,33952,0.2608695652173913,0.2608695652173913,0,0.0,Remote-Deny
IAN-00380,33952,0.2608695652173913,0.2608695652173913,0,0.0,Remote-Deny
IAN-00381,33952,0.2608695652173913,0.2608695652173913,0,0.0,Remote-Deny
IAN-00382,33952,0.2608695652173913,0.2608695652173913,0,0.0,Remote-Deny
IAN-00383,33952,0.2608695652173913,0.2608695652173913,0,0.0,Remote-Deny
IAN-00384,33952,0.2608695652173913,0.2608695652173913,0,0.0,Remote-Deny
IAN-00385,33952,0.2608695652173913,0.2608695652173913,0,0.0,Remote-Deny
IAN-00386,33952,0.2608695652173913,0.2608695652173913,0,0.0,Remote-Deny
IAN-00387,33952,0.2608695652173913,0.2608695652173913,0,0.0,Remote-Deny
IAN-00388,33952,0.2608695652173913,0.2608695652173913,0,0.0,Remote-Deny
IAN-00389,33952,0.2608695652173913,0.2608695652173913,0,0.0,Remote-Deny
IAN-00390,33952,0.2608695652173913,0.2608695652173913,0,0.0,Remote-Deny
IAN-00391,33952,0.2608695652173913,0.2608695652173913,0,0.0,Remote-Deny
IAN-00392,33952,0.2608695652173913,0.2608695652173913,0,0.0,Remote-Deny
IAN-00393,33952,0.2608695652173913,0.2608695652173913,0,0.0,Remote-Deny
IAN-00394,33952,0.2608695652173913,0.2608695652173913,0,0.0,Remote-Deny
IAN-00395,33952,0.2608695652173913,0.2608695652173913,0,0.0,Remote-Deny
IAN-00396,33952,0.2608695652173913,0.2608695652173913,0,0.0,Remote-Deny
IAN-00397,33952,0.2608695652173913,0.2608695652173913,0,0.0,Remote-Deny
IAN-00398,33952,0.2608695652173913,0.2608695652173913,0,0.0,Remote-Deny
IAN-00399,33952,0.2608695652173913,0.2608695652173913,0,0.0,Remote-Deny
IAN-00400,33952,0.2608695652173913,0.2608695652173913,0,0.0,Remote-Deny
IAN-00401,33952,0.2608695652173913,0.2608695652173913,0,0.0,Remote-Deny
IAN-00402,33952,0.2608695652173913,0.2608695652173913,0,0.0,Remote-Deny
IAN-00403,33952,0.2608695652173913,0.2608695652173913,0,0.0,Remote-Deny
IAN-00404,33952,0.2608695652173913,0.2608695652173913,0,0.0,Remote-Deny
IAN-00405,33952,0.2608695652173913,0.2608695652173913,0,0.0,Remote-Deny
IAN-00406,33952,0.2608695652173913,0.2608695652173913,0,0.0,Remote-Deny
IAN-00407,33952,0.2608695652173913,0.2608695652173913,0,0.0,Remote-Deny
IAN-00408,33952,0.2608695652173913,0.2608695652173913,0,0.0,Remote-Deny
IAN-00409,33952,0.2608695652173913,0.2608695652173913,0,0.0,Remote-Deny
IAN-00410,33952,0.2608695652173913,0.2608695652173913,0,0.0,Remote-Deny
IAN-00411,33952,0.2608695652173913,0.2608695652173913,0,0.0,Remote-Deny
IAN-00412,33952,0.2608695652173913,0.2608695652173913,0,0.0,Remote-Deny
IAN-00413,33952,0.2608695652173913,0.2608695652173913,0,0.0,Remote-Deny
IAN-00414,33952,0.2608695652173913,0.2608695652173913,0,0.0,Remote-Deny
IAN-00415,33952,0.2608695652173913,0.2608695652173913,0,0.0,Remote-Deny
IAN-00416,33952,0.2608695652173913,0.2608695652173913,0,0.0,Remote-Deny
IAN-00417,33952,0.2608695652173913,0.2608695652173913,0,0.0,Remote-Deny
IAN-00418,33952,0.2608695652173913,0.2608695652173913,0,0.0,Remote-Deny
IAN-00419,33952,0.2608695652173913,0.2608695652173913,0,0.0,Remote-Deny
IAN-00420,33952,0.2608695652173913,0.2608695652173913,0,0.0,Remote-Deny
IAN-00421,33952,0.2608695652173913,0.2608695652173913,0,0.0,Remote-Deny
IAN-00422,33952,0.2608695652173913,0.2608695652173913,0,0.0,Remote-Deny
IAN-00423,33952,0.2608695652173913,0.2608695652173913,0,0.0,Remote-Deny
IAN-00424,33952,0.2608695652173913,0.2608695652173913,0,0.0,Remote-Deny
IAN-00425,33952,0.2608695652173913,0.2608695652173913,0,0.0,Remote-Deny
IAN-00426,33952,0.2608695652173913,0.2608695652173913,0,0.0,Remote-Deny
IAN-00427,33952,0.2608695652173913,0.2608695652173913,0,0.0,Remote-Deny
IAN-00428,33952,0.2608695652173913,0.2608695652173913,0,0.0,Remote-Deny
IAN-00429,33952,0.2608695652173913,0.2608695652173913,0,0.0,Remote-Deny
IAN-00430,33952,0.2608695652173913,0.2608695652173913,0,0.0,Remote-Deny
IAN-00431,33952,0.2608695652173913,0.2608695652173913,0,0.0,Remote-Deny
IAN-00432,33952,0.2608695652173913,0.2608695652173913,0,0.0,Remote-Deny
IAN-00433,33952,0.2608695652173913,0.2608695652173913,0,0.0,Remote-Deny
IAN-00434,33952,0.2608695652173913,0.2608695652173913,0,0.0,Remote-Deny
IAN-00435,33952,0.2608695652173913,0.2608695652173913,0,0.0,Remote-Deny
IAN-00436,33952,0.2608695652173913,0.2608695652173913,0,0.0,Remote-Deny
IAN-00437,33952,0.2608695652173913,0.2608695652173913,0,0.0,Remote-Deny
IAN-00438,33952,0.2608695652173913,0.2608695652173913,0,0.0,Remote-Deny
IAN-00439,33952,0.2608695652173913,0.2608695652173913,0,0.0,Remote-Deny
IAN-00440,33952,0.2608695652173913,0.2608695652173913,0,0.0,Remote-Deny
IAN-00441,33952,0.2608695652173913,0.2608695652173913,0,0.0,Remote-Deny
IAN-00442,33952,0.2608695652173913,0.2608695652173913,0,0.0,Remote-Deny
IAN-00443,33952,0.2608695652173913,0.2608695652173913,0,0.0,Remote-Deny
IAN-00444,33952,0.2608695652173913,0.2608695652173913,0,0.0,Remote-Deny
IAN-00445,33948,0.17,0.17,0,0.0,Remote-Deny
IAN-00446,33948,0.17,0.17,0,0.0,Remote-Deny
IAN-00447,33948,0.17,0.17,0,0.0,Remote-Deny
IAN-00448,33948,0.17,0.17,0,0.0,Remote-Deny
IAN-00449,33952,0.2608695652173913,0.2608695652173913,0,0.0,Remote-Deny
IAN-00450,33952,0.2608695652173913,0.2608695652173913,0,0.0,Remote-Deny
IAN-00451,33952,0.2608695652173913,0.2608695652173913,0,0.0,Remote-Deny
IAN-00452,33952,0.2608695652173913,0.2608695652173913,0,0.0,Remote-Deny
IAN-00453,33952,0.2608695652173913,0.2608695652173913,0,0.0,Remote-Deny
IAN-00454,33952,0.2608695652173913,0.2608695652173913,0,0.0,Remote-Deny
IAN-00455,33952,0.2608695652173913,0.2608695652173913,0,0.0,Remote-Deny
IAN-00456,33952,0.2608695652173913,0.2608695652173913,0,0.0,Remote-Deny
IAN-00457,33952,0.2608695652173913,0.2608695652173913,0,0.0,Remote-Deny
IAN-00458,33952,0.2608695652173913,0.2608695652173913,0,0.0,Remote-Deny
IAN-00459,33952,0.2608695652173913,0.2608695652173913,0,0.0,Remote-Deny
IAN-00460,33952,0.2608695652173913,0.2608695652173913,0,0.0,Review
IAN-00461,33980,0.34883720930232553,0.34883720930232553,0,0.0,Remote-Deny
IAN-00462,33980,0.34883720930232553,0.34883720930232553,0,0.0,Review
IAN-00463,33980,0.34883720930232553,0.34883720930232553,0,0.0,Remote-Deny
IAN-00464,33952,0.2608695652173913,0.2608695652173913,0,0.0,Remote-Deny
IAN-00465,33952,0.2608695652173913,0.2608695652173913,0,0.0,Review
IAN-00466,33948,0.17,0.17,0,0.0,Review
IAN-00467,33948,0.17,0.17,0,0.0,Remote-Deny
IAN-00468,33948,0.17,0.17,0,0.0,Remote-Deny
IAN-00469,33948,0.17,0.17,0,0.0,Remote-Deny
IAN-00470,33948,0.17,0.17,0,0.0,Remote-Deny
IAN-00471,33948,0.17,0.17,0,0.0,Remote-Deny
IAN-00472,33948,0.17,0.17,0,0.0,Remote-Deny
IAN-00473,33948,0.17,0.17,0,0.0,Remote-Deny
IAN-00474,33948,0.17,0.17,0,0.0,Remote-Deny
IAN-00475,33948,0.17,0.17,0,0.0,Remote-Deny
IAN-00476,33948,0.17,0.17,0,0.0,Remote-Deny
IAN-00477,33948,0.17,0.17,0,0.0,Remote-Deny
IAN-00478,33952,0.2608695652173913,0.2608695652173913,0,0.0,Remote-Deny
IAN-00479,33952,0.2608695652173913,0.2608695652173913,0,0.0,Remote-Deny
IAN-00480,33952,0.2608695652173913,0.2608695652173913,0,0.0,Remote-Deny
IAN-00481,33952,0.2608695652173913,0.2608695652173913,0,0.0,Remote-Deny
IAN-00482,33952,0.2608695652173913,0.2608695652173913,0,0.0,Remote-Deny
IAN-00483,33952,0.2608695652173913,0.2608695652173913,0,0.0,Remote-Deny
IAN-00484,33980,0.34883720930232553,0.34883720930232553,0,0.0,Remote-Deny
IAN-00485,33950,0.14285714285714285,0.14285714285714285,0,0.0,Remote-Deny
IAN-00486,33952,0.2608695652173913,0.2608695652173913,0,0.0,Remote-Deny
IAN-00487,33952,0.2608695652173913,0.2608695652173913,0,0.0,Remote-Deny
IAN-00488,33952,0.2608695652173913,0.2608695652173913,0,0.0,Remote-Deny
IAN-00489,33952,0.2608695652173913,0.2608695652173913,0,0.0,Remote-Deny
IAN-00490,33952,0.2608695652173913,0.2608695652173913,0,0.0,Remote-Deny
IAN-00491,33952,0.2608695652173913,0.2608695652173913,0,0.0,Remote-Deny
IAN-00492,33952,0.2608695652173913,0.2608695652173913,0,0.0,Remote-Deny
IAN-00493,33952,0.2608695652173913,0.2608695652173913,0,0.0,Remote-Deny
IAN-00494,33952,0.2608695652173913,0.2608695652173913,0,0.0,Remote-Deny
IAN-00495,33952,0.2608695652173913,0.2608695652173913,0,0.0,Remote-Deny
IAN-00496,33952,0.2608695652173913,0.2608695652173913,0,0.0,Remote-Deny
IAN-00497,33952,0.2608695652173913,0.2608695652173913,0,0.0,Remote-Deny
IAN-00498,33952,0.2608695652173913,0.2608695652173913,0,0.0,Remote-Deny
IAN-00499,33952,0.2608695652173913,0.2608695652173913,0,0.0,Remote-Deny
IAN-00500,33952,0.2608695652173913,0.2608695652173913,0,0.0,Remote-Deny
IAN-00501,33952,0.2608695652173913,0.2608695652173913,0,0.0,Remote-Deny
IAN-00502,33952,0.2608695652173913,0.2608695652173913,0,0.0,Remote-Deny
IAN-00503,33952,0.2608695652173913,0.2608695652173913,0,0.0,Remote-Deny
IAN-00504,33952,0.2608695652173913,0.2608695652173913,0,0.0,Remote-Deny
IAN-00505,33952,0.2608695652173913,0.2608695652173913,0,0.0,Remote-Deny
IAN-00506,33952,0.2608695652173913,0.2608695652173913,0,0.0,Remote-Deny
IAN-00507,33952,0.2608695652173913,0.2608695652173913,0,0.0,Remote-Deny
IAN-00508,33952,0.2608695652173913,0.2608695652173913,0,0.0,Remote-Deny
IAN-00509,33952,0.2608695652173913,0.2608695652173913,0,0.0,Remote-Deny
IAN-00510,33952,0.2608695652173913,0.2608695652173913,0,0.0,Remote-Deny
IAN-00511,33952,0.2608695652173913,0.2608695652173913,0,0.0,Remote-Deny
IAN-00512,33952,0.2608695652173913,0.2608695652173913,0,0.0,Remote-Deny
IAN-00513,33952,0.2608695652173913,0.2608695652173913,0,0.0,Remote-Deny
IAN-00514,33952,0.2608695652173913,0.2608695652173913,0,0.0,Remote-Deny
IAN-00515,33952,0.2608695652173913,0.2608695652173913,0,0.0,Remote-Deny
IAN-00516,33952,0.2608695652173913,0.2608695652173913,0,0.0,Remote-Deny
IAN-00517,33952,0.2608695652173913,0.2608695652173913,0,0.0,Remote-Deny
IAN-00518,33952,0.2608695652173913,0.2608695652173913,0,0.0,Remote-Deny
IAN-00519,33952,0.2608695652173913,0.2608695652173913,0,0.0,Remote-Deny
IAN-00520,33952,0.2608695652173913,0.2608695652173913,0,0.0,Remote-Deny
IAN-00521,33952,0.2608695652173913,0.2608695652173913,0,0.0,Remote-Deny
IAN-00522,33952,0.2608695652173913,0.2608695652173913,0,0.0,Remote-Deny
IAN-00523,33952,0.2608695652173913,0.2608695652173913,0,0.0,Remote-Deny
IAN-00524,33952,0.2608695652173913,0.2608695652173913,0,0.0,Remote-Deny
IAN-00525,33952,0.2608695652173913,0.2608695652173913,0,0.0,Remote-Deny
IAN-00526,33952,0.2608695652173913,0.2608695652173913,0,0.0,Remote-Deny
IAN-00527,33952,0.2608695652173913,0.2608695652173913,0,0.0,Remote-Deny
IAN-00528,33952,0.2608695652173913,0.2608695652173913,0,0.0,Remote-Deny
IAN-00529,33952,0.2608695652173913,0.2608695652173913,0,0.0,Remote-Deny
IAN-00530,33952,0.2608695652173913,0.2608695652173913,0,0.0,Remote-Deny
IAN-00531,33952,0.2608695652173913,0.2608695652173913,0,0.0,Remote-Deny
IAN-00532,33952,0.2608695652173913,0.2608695652173913,0,0.0,Remote-Deny
IAN-00533,33952,0.2608695652173913,0.2608695652173913,0,0.0,Remote-Deny
IAN-00534,33952,0.2608695652173913,0.2608695652173913,0,0.0,Remote-Deny
IAN-00535,33952,0.2608695652173913,0.2608695652173913,0,0.0,Remote-Deny
IAN-00536,33952,0.2608695652173913,0.2608695652173913,0,0.0,Remote-Deny
IAN-00537,33952,0.2608695652173913,0.2608695652173913,0,0.0,Remote-Deny
IAN-00538,33952,0.2608695652173913,0.2608695652173913,0,0.0,Remote-Deny
IAN-00539,33952,0.2608695652173913,0.2608695652173913,0,0.0,Remote-Deny
IAN-00540,33952,0.2608695652173913,0.2608695652173913,0,0.0,Remote-Deny
IAN-00541,33952,0.2608695652173913,0.2608695652173913,0,0.0,Remote-Deny
IAN-00542,33952,0.2608695652173913,0.2608695652173913,0,0.0,Remote-Deny
IAN-00543,33952,0.2608695652173913,0.2608695652173913,0,0.0,Remote-Deny
IAN-00544,33952,0.2608695652173913,0.2608695652173913,0,0.0,Remote-Deny
IAN-00545,33952,0.2608695652173913,0.2608695652173913,0,0.0,Remote-Deny
IAN-00546,33952,0.2608695652173913,0.2608695652173913,0,0.0,Remote-Deny
IAN-00547,33952,0.2608695652173913,0.2608695652173913,0,0.0,Remote-Deny
IAN-00548,33952,0.2608695652173913,0.2608695652173913,0,0.0,Remote-Deny
IAN-00549,33952,0.2608695652173913,0.2608695652173913,0,0.0,Remote-Deny
IAN-00550,33952,0.2608695652173913,0.2608695652173913,0,0.0,Remote-Deny
IAN-00551,33952,0.2608695652173913,0.2608695652173913,0,0.0,Remote-Deny
IAN-00552,33952,0.2608695652173913,0.2608695652173913,0,0.0,Remote-Deny
IAN-00553,33952,0.2608695652173913,0.2608695652173913,0,0.0,Remote-Deny
IAN-00554,33952,0.2608695652173913,0.2608695652173913,0,0.0,Remote-Deny
IAN-00555,33952,0.2608695652173913,0.2608695652173913,0,0.0,Remote-Deny
IAN-00556,33952,0.2608695652173913,0.2608695652173913,0,0.0,Remote-Deny
IAN-00557,33952,0.2608695652173913,0.2608695652173913,0,0.0,Remote-Deny
IAN-00558,33952,0.2608695652173913,0.2608695652173913,0,0.0,Remote-Deny
IAN-00559,33952,0.2608695652173913,0.2608695652173913,0,0.0,Remote-Deny
IAN-00560,33952,0.2608695652173913,0.2608695652173913,0,0.0,Remote-Deny
IAN-00561,33952,0.2608695652173913,0.2608695652173913,0,0.0,Remote-Deny
IAN-00562,33952,0.2608695652173913,0.2608695652173913,0,0.0,Remote-Deny
IAN-00563,33952,0.2608695652173913,0.2608695652173913,0,0.0,Remote-Deny
IAN-00564,33952,0.2608695652173913,0.2608695652173913,0,0.0,Remote-Deny
IAN-00565,33952,0.2608695652173913,0.2608695652173913,0,0.0,Remote-Deny
IAN-00566,33952,0.2608695652173913,0.2608695652173913,0,0.0,Remote-Deny
IAN-00567,33952,0.2608695652173913,0.2608695652173913,0,0.0,Remote-Deny
IAN-00568,33952,0.2608695652173913,0.2608695652173913,0,0.0,Remote-Deny
IAN-00569,33952,0.2608695652173913,0.2608695652173913,0,0.0,Remote-Deny
IAN-00570,33952,0.2608695652173913,0.2608695652173913,0,0.0,Remote-Deny
IAN-00571,33952,0.2608695652173913,0.2608695652173913,0,0.0,Remote-Deny
IAN-00572,33952,0.2608695652173913,0.2608695652173913,0,0.0,Remote-Deny
IAN-00573,33952,0.2608695652173913,0.2608695652173913,0,0.0,Remote-Deny
IAN-00574,33952,0.2608695652173913,0.2608695652173913,0,0.0,Remote-Deny
IAN-00575,33952,0.2608695652173913,0.2608695652173913,0,0.0,Remote-Deny
IAN-00576,33952,0.2608695652173913,0.2608695652173913,0,0.0,Remote-Deny
IAN-00577,33952,0.2608695652173913,0.2608695652173913,0,0.0,Remote-Deny
IAN-00578,33952,0.2608695652173913,0.2608695652173913,0,0.0,Remote-Deny
IAN-00579,33952,0.2608695652173913,0.2608695652173913,0,0.0,Remote-Deny
IAN-00580,33952,0.2608695652173913,0.2608695652173913,0,0.0,Remote-Deny
IAN-00581,33952,0.2608695652173913,0.2608695652173913,0,0.0,Remote-Deny
IAN-00582,33952,0.2608695652173913,0.2608695652173913,0,0.0,Remote-Deny
IAN-00583,33952,0.2608695652173913,0.2608695652173913,0,0.0,Remote-Deny
IAN-00584,33952,0.2608695652173913,0.2608695652173913,0,0.0,Review
IAN-00585,33952,0.2608695652173913,0.2608695652173913,0,0.0,Review
IAN-00586,33952,0.2608695652173913,0.2608695652173913,0,0.0,Review
IAN-00587,33952,0.2608695652173913,0.2608695652173913,0,0.0,Remote-Deny
IAN-00588,33952,0.2608695652173913,0.2608695652173913,0,0.0,Remote-Deny
IAN-00589,33952,0.2608695652173913,0.2608695652173913,0,0.0,Remote-Deny
IAN-00590,33952,0.2608695652173913,0.2608695652173913,0,0.0,Remote-Deny
IAN-00591,33952,0.2608695652173913,0.2608695652173913,0,0.0,Remote-Deny
IAN-00592,33952,0.2608695652173913,0.2608695652173913,0,0.0,Remote-Deny
IAN-00593,33952,0.2608695652173913,0.2608695652173913,0,0.0,Remote-Deny
IAN-00594,33952,0.2608695652173913,0.2608695652173913,0,0.0,Remote-Deny
IAN-00595,33952,0.2608695652173913,0.2608695652173913,0,0.0,Remote-Deny
IAN-00596,33952,0.2608695652173913,0.2608695652173913,0,0.0,Remote-Deny
IAN-00597,33952,0.2608695652173913,0.2608695652173913,0,0.0,Remote-Deny
IAN-00598,33952,0.2608695652173913,0.2608695652173913,0,0.0,Remote-Deny
IAN-00599,33952,0.2608695652173913,0.2608695652173913,0,0.0,Review
IAN-00600,33952,0.2608695652173913,0.2608695652173913,0,0.0,Remote-Deny
IAN-00601,33952,0.2608695652173913,0.2608695652173913,0,0.0,Remote-Deny
IAN-00602,33952,0.2608695652173913,0.2608695652173913,0,0.0,Remote-Deny
IAN-00603,33952,0.2608695652173913,0.2608695652173913,0,0.0,Remote-Deny
IAN-00604,33952,0.2608695652173913,0.2608695652173913,0,0.0,Remote-Deny
IAN-00605,33952,0.2608695652173913,0.2608695652173913,0,0.0,Remote-Deny
IAN-00606,33952,0.2608695652173913,0.2608695652173913,0,0.0,Remote-Deny
IAN-00607,33952,0.2608695652173913,0.2608695652173913,0,0.0,Remote-Deny
IAN-00608,33952,0.2608695652173913,0.2608695652173913,0,0.0,Remote-Deny
IAN-00609,33952,0.2608695652173913,0.2608695652173913,0,0.0,Remote-Deny
IAN-00610,33952,0.2608695652173913,0.2608695652173913,0,0.0,Remote-Deny
IAN-00611,33952,0.2608695652173913,0.2608695652173913,0,0.0,Remote-Deny
IAN-00612,33952,0.2608695652173913,0.2608695652173913,0,0.0,Remote-Deny
IAN-00613,33952,0.2608695652173913,0.2608695652173913,0,0.0,Review
IAN-00614,33952,0.2608695652173913,0.2608695652173913,0,0.0,Remote-Deny
IAN-00615,33952,0.2608695652173913,0.2608695652173913,0,0.0,Remote-Deny
IAN-00616,33952,0.2608695652173913,0.2608695652173913,0,0.0,Remote-Deny
IAN-00617,33952,0.2608695652173913,0.2608695652173913,0,0.0,Remote-Deny
IAN-00618,33952,0.2608695652173913,0.2608695652173913,0,0.0,Remote-Deny
IAN-00619,33952,0.2608695652173913,0.2608695652173913,0,0.0,Remote-Deny
IAN-00620,33952,0.2608695652173913,0.2608695652173913,0,0.0,Remote-Deny
IAN-00621,33952,0.2608695652173913,0.2608695652173913,0,0.0,Remote-Deny
IAN-00622,33952,0.2608695652173913,0.2608695652173913,0,0.0,Remote-Deny
IAN-00623,33952,0.2608695652173913,0.2608695652173913,0,0.0,Remote-Deny
IAN-00624,33952,0.2608695652173913,0.2608695652173913,0,0.0,Remote-Deny
IAN-00625,33952,0.2608695652173913,0.2608695652173913,0,0.0,Remote-Deny
IAN-00626,33952,0.2608695652173913,0.2608695652173913,0,0.0,Remote-Deny
IAN-00627,33952,0.2608695652173913,0.2608695652173913,0,0.0,Remote-Deny
IAN-00628,33952,0.2608695652173913,0.2608695652173913,0,0.0,Remote-Deny
IAN-00629,33952,0.2608695652173913,0.2608695652173913,0,0.0,Remote-Deny
IAN-00630,33952,0.2608695652173913,0.2608695652173913,0,0.0,Remote-Deny
IAN-00631,33952,0.2608695652173913,0.2608695652173913,0,0.0,Remote-Deny
IAN-00632,33952,0.2608695652173913,0.2608695652173913,0,0.0,Remote-Deny
IAN-00633,33952,0.2608695652173913,0.2608695652173913,0,0.0,Remote-Deny
IAN-00634,33952,0.2608695652173913,0.2608695652173913,0,0.0,Remote-Deny
IAN-00635,33952,0.2608695652173913,0.2608695652173913,0,0.0,Remote-Deny
IAN-00636,33952,0.2608695652173913,0.2608695652173913,0,0.0,Remote-Deny
IAN-00637,33952,0.2608695652173913,0.2608695652173913,0,0.0,Remote-Deny
IAN-00638,33952,0.2608695652173913,0.2608695652173913,0,0.0,Remote-Deny
IAN-00639,33952,0.2608695652173913,0.2608695652173913,0,0.0,Remote-Deny
IAN-00640,33952,0.2608695652173913,0.2608695652173913,0,0.0,Remote-Deny
IAN-00641,33952,0.2608695652173913,0.2608695652173913,0,0.0,Remote-Deny
IAN-00642,33952,0.2608695652173913,0.2608695652173913,0,0.0,Remote-Deny
IAN-00643,33952,0.2608695652173913,0.2608695652173913,0,0.0,Remote-Deny
IAN-00644,33952,0.2608695652173913,0.2608695652173913,0,0.0,Remote-Deny
IAN-00645,33952,0.2608695652173913,0.2608695652173913,0,0.0,Remote-Deny
IAN-00646,33952,0.2608695652173913,0.2608695652173913,0,0.0,Remote-Deny
IAN-00647,33952,0.2608695652173913,0.2608695652173913,0,0.0,Remote-Deny
IAN-00648,33952,0.2608695652173913,0.2608695652173913,0,0.0,Remote-Deny
IAN-00649,33952,0.2608695652173913,0.2608695652173913,0,0.0,Remote-Deny
IAN-00650,33952,0.2608695652173913,0.2608695652173913,0,0.0,Remote-Deny
IAN-00651,33952,0.2608695652173913,0.2608695652173913,0,0.0,Remote-Deny
IAN-00652,33952,0.2608695652173913,0.2608695652173913,0,0.0,Remote-Deny
IAN-00653,33952,0.2608695652173913,0.2608695652173913,0,0.0,Remote-Deny
IAN-00654,33952,0.2608695652173913,0.2608695652173913,0,0.0,Remote-Deny
IAN-00655,33952,0.2608695652173913,0.2608695652173913,0,0.0,Remote-Deny
IAN-00656,33952,0.2608695652173913,0.2608695652173913,0,0.0,Remote-Deny
IAN-00657,33952,0.2608695652173913,0.2608695652173913,0,0.0,Remote-Deny
IAN-00658,33952,0.2608695652173913,0.2608695652173913,0,0.0,Remote-Deny
IAN-00659,33952,0.2608695652173913,0.2608695652173913,0,0.0,Remote-Deny
IAN-00660,33952,0.2608695652173913,0.2608695652173913,0,0.0,Remote-Deny
IAN-00661,33952,0.2608695652173913,0.2608695652173913,0,0.0,Remote-Deny
IAN-00662,33952,0.2608695652173913,0.2608695652173913,0,0.0,Remote-Deny
IAN-00663,33952,0.2608695652173913,0.2608695652173913,0,0.0,Remote-Deny
IAN-00664,33952,0.2608695652173913,0.2608695652173913,0,0.0,Remote-Deny
IAN-00665,33952,0.2608695652173913,0.2608695652173913,0,0.0,Remote-Deny
IAN-00666,33952,0.2608695652173913,0.2608695652173913,0,0.0,Remote-Deny
IAN-00667,33952,0.2608695652173913,0.2608695652173913,0,0.0,Remote-Deny
IAN-00668,33952,0.2608695652173913,0.2608695652173913,0,0.0,Remote-Deny
IAN-00669,33952,0.2608695652173913,0.2608695652173913,0,0.0,Remote-Deny
IAN-00670,33952,0.2608695652173913,0.2608695652173913,0,0.0,Remote-Deny
IAN-00671,33952,0.2608695652173913,0.2608695652173913,0,0.0,Remote-Deny
IAN-00672,33952,0.2608695652173913,0.2608695652173913,0,0.0,Remote-Deny
IAN-00673,33952,0.2608695652173913,0.2608695652173913,0,0.0,Remote-Deny
IAN-00674,33952,0.2608695652173913,0.2608695652173913,0,0.0,Remote-Deny
IAN-00675,33952,0.2608695652173913,0.2608695652173913,0,0.0,Remote-Deny
IAN-00676,33952,0.2608695652173913,0.2608695652173913,0,0.0,Remote-Deny
IAN-00677,33952,0.2608695652173913,0.2608695652173913,0,0.0,Remote-Deny
IAN-00678,33952,0.2608695652173913,0.2608695652173913,0,0.0,Remote-Deny
IAN-00679,33952,0.2608695652173913,0.2608695652173913,0,0.0,Remote-Deny
IAN-00680,33952,0.2608695652173913,0.2608695652173913,0,0.0,Remote-Deny
IAN-00681,33952,0.2608695652173913,0.2608695652173913,0,0.0,Remote-Deny
IAN-00682,33952,0.2608695652173913,0.2608695652173913,0,0.0,Remote-Deny
IAN-00683,33952,0.2608695652173913,0.2608695652173913,0,0.0,Remote-Deny
IAN-00684,33952,0.2608695652173913,0.2608695652173913,0,0.0,Remote-Deny
IAN-00685,33952,0.2608695652173913,0.2608695652173913,0,0.0,Remote-Deny
IAN-00686,33952,0.2608695652173913,0.2608695652173913,0,0.0,Remote-Deny
IAN-00687,33952,0.2608695652173913,0.2608695652173913,0,0.0,Remote-Deny
IAN-00688,33952,0.2608695652173913,0.2608695652173913,0,0.0,Remote-Deny
IAN-00689,33952,0.2608695652173913,0.2608695652173913,0,0.0,Remote-Deny
IAN-00690,33952,0.2608695652173913,0.2608695652173913,0,0.0,Remote-Deny
IAN-00691,33952,0.2608695652173913,0.2608695652173913,0,0.0,Remote-Deny
IAN-00692,33952,0.2608695652173913,0.2608695652173913,0,0.0,Remote-Deny
IAN-00693,33952,0.2608695652173913,0.2608695652173913,0,0.0,Remote-Deny
IAN-00694,33952,0.2608695652173913,0.2608695652173913,0,0.0,Remote-Deny
IAN-00695,33952,0.2608695652173913,0.2608695652173913,0,0.0,Remote-Deny
IAN-00696,33952,0.2608695652173913,0.2608695652173913,0,0.0,Remote-Deny
IAN-00697,33952,0.2608695652173913,0.2608695652173913,0,0.0,Remote-Deny
IAN-00698,33952,0.2608695652173913,0.2608695652173913,0,0.0,Remote-Deny
IAN-00699,33952,0.2608695652173913,0.2608695652173913,0,0.0,Remote-Deny
IAN-00700,33952,0.2608695652173913,0.2608695652173913,0,0.0,Remote-Deny
IAN-00701,33952,0.2608695652173913,0.2608695652173913,0,0.0,Remote-Deny
IAN-00702,33952,0.2608695652173913,0.2608695652173913,0,0.0,Remote-Deny
IAN-00703,33952,0.2608695652173913,0.2608695652173913,0,0.0,Remote-Deny
IAN-00704,33952,0.2608695652173913,0.2608695652173913,0,0.0,Remote-Deny
IAN-00705,33952,0.2608695652173913,0.2608695652173913,0,0.0,Remote-Deny
IAN-00706,33952,0.2608695652173913,0.2608695652173913,0,0.0,Remote-Deny
IAN-00707,33952,0.2608695652173913,0.2608695652173913,0,0.0,Remote-Deny
IAN-00708,33952,0.2608695652173913,0.2608695652173913,0,0.0,Remote-Deny
IAN-00709,33952,0.2608695652173913,0.2608695652173913,0,0.0,Remote-Deny
IAN-00710,33952,0.2608695652173913,0.2608695652173913,0,0.0,Remote-Deny
IAN-00711,33952,0.2608695652173913,0.2608695652173913,0,0.0,Remote-Deny
IAN-00712,33952,0.2608695652173913,0.2608695652173913,0,0.0,Remote-Deny
IAN-00713,33952,0.2608695652173913,0.2608695652173913,0,0.0,Remote-Deny
IAN-00714,33952,0.2608695652173913,0.2608695652173913,0,0.0,Remote-Deny
IAN-00715,33952,0.2608695652173913,0.2608695652173913,0,0.0,Remote-Deny
IAN-00716,33952,0.2608695652173913,0.2608695652173913,0,0.0,Review
IAN-00717,33952,0.2608695652173913,0.2608695652173913,0,0.0,Remote-Deny
IAN-00718,33952,0.2608695652173913,0.2608695652173913,0,0.0,Remote-Deny
IAN-00719,33952,0.2608695652173913,0.2608695652173913,0,0.0,Remote-Deny
IAN-00720,33952,0.2608695652173913,0.2608695652173913,0,0.0,Remote-Deny
IAN-00721,33952,0.2608695652173913,0.2608695652173913,0,0.0,Remote-Deny
IAN-00722,33952,0.2608695652173913,0.2608695652173913,0,0.0,Remote-Deny
IAN-00723,33952,0.2608695652173913,0.2608695652173913,0,0.0,Remote-Deny
IAN-00724,33952,0.2608695652173913,0.2608695652173913,0,0.0,Remote-Deny
IAN-00725,33952,0.2608695652173913,0.2608695652173913,0,0.0,Remote-Deny
IAN-00726,33952,0.2608695652173913,0.2608695652173913,0,0.0,Remote-Deny
IAN-00727,33952,0.2608695652173913,0.2608695652173913,0,0.0,Remote-Deny
IAN-00728,33952,0.2608695652173913,0.2608695652173913,0,0.0,Remote-Deny
IAN-00729,33952,0.2608695652173913,0.2608695652173913,0,0.0,Remote-Deny
IAN-00730,33952,0.2608695652173913,0.2608695652173913,0,0.0,Remote-Deny
IAN-00731,33952,0.2608695652173913,0.2608695652173913,0,0.0,Remote-Deny
IAN-00732,33952,0.2608695652173913,0.2608695652173913,0,0.0,Remote-Deny
IAN-00733,33952,0.2608695652173913,0.2608695652173913,0,0.0,Remote-Deny
IAN-00734,33952,0.2608695652173913,0.2608695652173913,0,0.0,Remote-Deny
IAN-00735,33952,0.2608695652173913,0.2608695652173913,0,0.0,Remote-Deny
IAN-00736,33952,0.2608695652173913,0.2608695652173913,0,0.0,Remote-Deny
IAN-00737,33952,0.2608695652173913,0.2608695652173913,0,0.0,Remote-Deny
IAN-00738,33952,0.2608695652173913,0.2608695652173913,0,0.0,Remote-Deny
IAN-00739,33952,0.2608695652173913,0.2608695652173913,0,0.0,Remote-Deny
IAN-00740,33952,0.2608695652173913,0.2608695652173913,0,0.0,Remote-Deny
IAN-00741,33952,0.2608695652173913,0.2608695652173913,0,0.0,Remote-Deny
IAN-00742,33952,0.2608695652173913,0.2608695652173913,0,0.0,Remote-Deny
IAN-00743,33952,0.2608695652173913,0.2608695652173913,0,0.0,Remote-Deny
IAN-00744,33952,0.2608695652173913,0.2608695652173913,0,0.0,Remote-Deny
IAN-00745,33952,0.2608695652173913,0.2608695652173913,0,0.0,Remote-Deny
IAN-00746,33952,0.2608695652173913,0.2608695652173913,0,0.0,Remote-Deny
IAN-00747,33952,0.2608695652173913,0.2608695652173913,0,0.0,Remote-Deny
IAN-00748,33952,0.2608695652173913,0.2608695652173913,0,0.0,Remote-Deny
IAN-00749,33952,0.2608695652173913,0.2608695652173913,0,0.0,Remote-Deny
IAN-00750,33952,0.2608695652173913,0.2608695652173913,0,0.0,Remote-Deny
IAN-00751,33952,0.2608695652173913,0.2608695652173913,0,0.0,Remote-Deny
IAN-00752,33952,0.2608695652173913,0.2608695652173913,0,0.0,Remote-Deny
IAN-00753,33952,0.2608695652173913,0.2608695652173913,0,0.0,Remote-Deny
IAN-00754,33952,0.2608695652173913,0.2608695652173913,0,0.0,Remote-Deny
IAN-00755,33952,0.2608695652173913,0.2608695652173913,0,0.0,Remote-Deny
IAN-00756,33952,0.2608695652173913,0.2608695652173913,0,0.0,Remote-Deny
IAN-00757,33952,0.2608695652173913,0.2608695652173913,0,0.0,Remote-Deny
IAN-00758,33952,0.2608695652173913,0.2608695652173913,0,0.0,Remote-Deny
IAN-00759,33952,0.2608695652173913,0.2608695652173913,0,0.0,Remote-Deny
IAN-00760,33952,0.2608695652173913,0.2608695652173913,0,0.0,Remote-Deny
IAN-00761,33952,0.2608695652173913,0.2608695652173913,0,0.0,Remote-Deny
IAN-00762,33952,0.2608695652173913,0.2608695652173913,0,0.0,Remote-Deny
IAN-00763,33952,0.2608695652173913,0.2608695652173913,0,0.0,Remote-Deny
IAN-00764,33952,0.2608695652173913,0.2608695652173913,0,0.0,Remote-Deny
IAN-00765,33952,0.2608695652173913,0.2608695652173913,0,0.0,Remote-Deny
IAN-00766,33952,0.2608695652173913,0.2608695652173913,0,0.0,Remote-Deny
IAN-00767,33952,0.2608695652173913,0.2608695652173913,0,0.0,Remote-Deny
IAN-00768,33952,0.2608695652173913,0.2608695652173913,0,0.0,Remote-Deny
IAN-00769,33952,0.2608695652173913,0.2608695652173913,0,0.0,Remote-Deny
IAN-00770,33952,0.2608695652173913,0.2608695652173913,0,0.0,Remote-Deny
IAN-00771,33952,0.2608695652173913,0.2608695652173913,0,0.0,Remote-Deny
IAN-00772,33952,0.2608695652173913,0.2608695652173913,0,0.0,Remote-Deny
IAN-00773,33952,0.2608695652173913,0.2608695652173913,0,0.0,Remote-Deny
IAN-00774,33952,0.2608695652173913,0.2608695652173913,0,0.0,Remote-Deny
IAN-00775,33952,0.2608695652173913,0.2608695652173913,0,0.0,Remote-Deny
IAN-00776,33952,0.2608695652173913,0.2608695652173913,0,0.0,Remote-Deny
IAN-00777,33952,0.2608695652173913,0.2608695652173913,0,0.0,Remote-Deny
IAN-00778,33952,0.2608695652173913,0.2608695652173913,0,0.0,Remote-Deny
IAN-00779,33952,0.2608695652173913,0.2608695652173913,0,0.0,Remote-Deny
IAN-00780,33952,0.2608695652173913,0.2608695652173913,0,0.0,Remote-Deny
IAN-00781,33952,0.2608695652173913,0.2608695652173913,0,0.0,Remote-Deny
IAN-00782,33952,0.2608695652173913,0.2608695652173913,0,0.0,Remote-Deny
IAN-00783,33952,0.2608695652173913,0.2608695652173913,0,0.0,Remote-Deny
IAN-00784,33952,0.2608695652173913,0.2608695652173913,0,0.0,Remote-Deny
IAN-00785,33952,0.2608695652173913,0.2608695652173913,0,0.0,Remote-Deny
IAN-00786,33952,0.2608695652173913,0.2608695652173913,0,0.0,Remote-Deny
IAN-00787,33952,0.2608695652173913,0.2608695652173913,0,0.0,Remote-Deny
IAN-00788,33952,0.2608695652173913,0.2608695652173913,0,0.0,Remote-Deny
IAN-00789,33952,0.2608695652173913,0.2608695652173913,0,0.0,Remote-Deny
IAN-00790,33952,0.2608695652173913,0.2608695652173913,0,0.0,Remote-Deny
IAN-00791,33952,0.2608695652173913,0.2608695652173913,0,0.0,Remote-Deny
IAN-00792,33952,0.2608695652173913,0.2608695652173913,0,0.0,Remote-Deny
IAN-00793,33952,0.2608695652173913,0.2608695652173913,0,0.0,Remote-Deny
IAN-00794,33952,0.2608695652173913,0.2608695652173913,0,0.0,Remote-Deny
IAN-00795,33952,0.2608695652173913,0.2608695652173913,0,0.0,Remote-Deny
IAN-00796,33952,0.2608695652173913,0.2608695652173913,0,0.0,Remote-Deny
IAN-00797,33952,0.2608695652173913,0.2608695652173913,0,0.0,Remote-Deny
IAN-00798,33952,0.2608695652173913,0.2608695652173913,0,0.0,Review
IAN-00799,33952,0.2608695652173913,0.2608695652173913,0,0.0,Remote-Deny
IAN-00800,33952,0.2608695652173913,0.2608695652173913,0,0.0,Remote-Deny
IAN-00801,33952,0.2608695652173913,0.2608695652173913,0,0.0,Remote-Deny
IAN-00802,33952,0.2608695652173913,0.2608695652173913,0,0.0,Remote-Deny
IAN-00803,33952,0.2608695652173913,0.2608695652173913,0,0.0,Remote-Deny
IAN-00804,33952,0.2608695652173913,0.2608695652173913,0,0.0,Remote-Deny
IAN-00805,33952,0.2608695652173913,0.2608695652173913,0,0.0,Remote-Deny
IAN-00806,33952,0.2608695652173913,0.2608695652173913,0,0.0,Remote-Deny
IAN-00807,33952,0.2608695652173913,0.2608695652173913,0,0.0,Remote-Deny
IAN-00808,33952,0.2608695652173913,0.2608695652173913,0,0.0,Remote-Deny
IAN-00809,33952,0.2608695652173913,0.2608695652173913,0,0.0,Remote-Deny
IAN-00810,33952,0.2608695652173913,0.2608695652173913,0,0.0,Remote-Deny
IAN-00811,33952,0.2608695652173913,0.2608695652173913,0,0.0,Remote-Deny
IAN-00812,33952,0.2608695652173913,0.2608695652173913,0,0.0,Remote-Deny
IAN-00813,33952,0.2608695652173913,0.2608695652173913,0,0.0,Remote-Deny
IAN-00814,33952,0.2608695652173913,0.2608695652173913,0,0.0,Remote-Deny
IAN-00815,33952,0.2608695652173913,0.2608695652173913,0,0.0,Remote-Deny
IAN-00816,33952,0.2608695652173913,0.2608695652173913,0,0.0,Remote-Deny
IAN-00817,33952,0.2608695652173913,0.2608695652173913,0,0.0,Remote-Deny
IAN-00818,33952,0.2608695652173913,0.2608695652173913,0,0.0,Remote-Deny
IAN-00819,33952,0.2608695652173913,0.2608695652173913,0,0.0,Remote-Deny
IAN-00820,33952,0.2608695652173913,0.2608695652173913,0,0.0,Remote-Deny
IAN-00821,33952,0.2608695652173913,0.2608695652173913,0,0.0,Remote-Deny
IAN-00822,33952,0.2608695652173913,0.2608695652173913,0,0.0,Remote-Deny
IAN-00823,33952,0.2608695652173913,0.2608695652173913,0,0.0,Remote-Deny
IAN-00824,33952,0.2608695652173913,0.2608695652173913,0,0.0,Remote-Deny
IAN-00825,33952,0.2608695652173913,0.2608695652173913,0,0.0,Remote-Deny
IAN-00826,33952,0.2608695652173913,0.2608695652173913,0,0.0,Remote-Deny
IAN-00827,33952,0.2608695652173913,0.2608695652173913,0,0.0,Remote-Deny
IAN-00828,33952,0.2608695652173913,0.2608695652173913,0,0.0,Remote-Deny
IAN-00829,33952,0.2608695652173913,0.2608695652173913,0,0.0,Remote-Deny
IAN-00830,33952,0.2608695652173913,0.2608695652173913,0,0.0,Remote-Deny
IAN-00831,33952,0.2608695652173913,0.2608695652173913,0,0.0,Remote-Deny
IAN-00832,33952,0.2608695652173913,0.2608695652173913,0,0.0,Remote-Deny
IAN-00833,33952,0.2608695652173913,0.2608695652173913,0,0.0,Remote-Deny
IAN-00834,33952,0.2608695652173913,0.2608695652173913,0,0.0,Remote-Deny
IAN-00835,33952,0.2608695652173913,0.2608695652173913,0,0.0,Remote-Deny
IAN-00836,33952,0.2608695652173913,0.2608695652173913,0,0.0,Remote-Deny
IAN-00837,33952,0.2608695652173913,0.2608695652173913,0,0.0,Remote-Deny
IAN-00838,33952,0.2608695652173913,0.2608695652173913,0,0.0,Remote-Deny
IAN-00839,33952,0.2608695652173913,0.2608695652173913,0,0.0,Remote-Deny
IAN-00840,33952,0.2608695652173913,0.2608695652173913,0,0.0,Remote-Deny
IAN-00841,33952,0.2608695652173913,0.2608695652173913,0,0.0,Remote-Deny
IAN-00842,33952,0.2608695652173913,0.2608695652173913,0,0.0,Remote-Deny
IAN-00843,33952,0.2608695652173913,0.2608695652173913,0,0.0,Remote-Deny
IAN-00844,33952,0.2608695652173913,0.2608695652173913,0,0.0,Remote-Deny
IAN-00845,33952,0.2608695652173913,0.2608695652173913,0,0.0,Remote-Deny
IAN-00846,33952,0.2608695652173913,0.2608695652173913,0,0.0,Remote-Deny
IAN-00847,33952,0.2608695652173913,0.2608695652173913,0,0.0,Remote-Deny
IAN-00848,33952,0.2608695652173913,0.2608695652173913,0,0.0,Remote-Deny
IAN-00849,33952,0.2608695652173913,0.2608695652173913,0,0.0,Remote-Deny
IAN-00850,33952,0.2608695652173913,0.2608695652173913,0,0.0,Remote-Deny
IAN-00851,33952,0.2608695652173913,0.2608695652173913,0,0.0,Remote-Deny
IAN-00852,33952,0.2608695652173913,0.2608695652173913,0,0.0,Remote-Deny
IAN-00853,33952,0.2608695652173913,0.2608695652173913,0,0.0,Remote-Deny
IAN-00854,33952,0.2608695652173913,0.2608695652173913,0,0.0,Review
IAN-00855,33952,0.2608695652173913,0.2608695652173913,0,0.0,Review
IAN-00856,33952,0.2608695652173913,0.2608695652173913,0,0.0,Review
IAN-00857,33952,0.2608695652173913,0.2608695652173913,0,0.0,Remote-Deny
IAN-00858,33952,0.2608695652173913,0.2608695652173913,0,0.0,Remote-Deny
IAN-00859,33952,0.2608695652173913,0.2608695652173913,0,0.0,Remote-Deny
IAN-00860,33952,0.2608695652173913,0.2608695652173913,0,0.0,Remote-Deny
IAN-00861,33952,0.2608695652173913,0.2608695652173913,0,0.0,Remote-Deny
IAN-00862,33952,0.2608695652173913,0.2608695652173913,0,0.0,Remote-Deny
IAN-00863,33952,0.2608695652173913,0.2608695652173913,0,0.0,Remote-Deny
IAN-00864,33952,0.2608695652173913,0.2608695652173913,0,0.0,Remote-Deny
IAN-00865,33952,0.2608695652173913,0.2608695652173913,0,0.0,Remote-Deny
IAN-00866,33952,0.2608695652173913,0.2608695652173913,0,0.0,Remote-Deny
IAN-00867,33952,0.2608695652173913,0.2608695652173913,0,0.0,Remote-Deny
IAN-00868,33952,0.2608695652173913,0.2608695652173913,0,0.0,Remote-Deny
IAN-00869,33952,0.2608695652173913,0.2608695652173913,0,0.0,Remote-Deny
IAN-00870,33952,0.2608695652173913,0.2608695652173913,0,0.0,Remote-Deny
IAN-00871,33952,0.2608695652173913,0.2608695652173913,0,0.0,Remote-Deny
IAN-00872,33952,0.2608695652173913,0.2608695652173913,0,0.0,Remote-Deny
IAN-00873,33952,0.2608695652173913,0.2608695652173913,0,0.0,Remote-Deny
IAN-00874,33952,0.2608695652173913,0.2608695652173913,0,0.0,Remote-Deny
IAN-00875,33952,0.2608695652173913,0.2608695652173913,0,0.0,Remote-Deny
IAN-00876,33952,0.2608695652173913,0.2608695652173913,0,0.0,Remote-Deny
IAN-00877,33952,0.2608695652173913,0.2608695652173913,0,0.0,Remote-Deny
IAN-00878,33952,0.2608695652173913,0.2608695652173913,0,0.0,Remote-Deny
IAN-00879,33952,0.2608695652173913,0.2608695652173913,0,0.0,Remote-Deny
IAN-00880,33952,0.2608695652173913,0.2608695652173913,0,0.0,Remote-Deny
IAN-00881,33952,0.2608695652173913,0.2608695652173913,0,0.0,Remote-Deny
IAN-00882,33952,0.2608695652173913,0.2608695652173913,0,0.0,Remote-Deny
IAN-00883,33952,0.2608695652173913,0.2608695652173913,0,0.0,Remote-Deny
IAN-00884,33952,0.2608695652173913,0.2608695652173913,0,0.0,Remote-Deny
IAN-00885,33952,0.2608695652173913,0.2608695652173913,0,0.0,Remote-Deny
IAN-00886,33952,0.2608695652173913,0.2608695652173913,0,0.0,Remote-Deny
IAN-00887,33952,0.2608695652173913,0.2608695652173913,0,0.0,Remote-Deny
IAN-00888,33952,0.2608695652173913,0.2608695652173913,0,0.0,Remote-Deny
IAN-00889,33952,0.2608695652173913,0.2608695652173913,0,0.0,Remote-Deny
IAN-00890,33952,0.2608695652173913,0.2608695652173913,0,0.0,Remote-Deny
IAN-00891,33952,0.2608695652173913,0.2608695652173913,0,0.0,Remote-Deny
IAN-00892,33952,0.2608695652173913,0.2608695652173913,0,0.0,Remote-Deny
IAN-00893,33952,0.2608695652173913,0.2608695652173913,0,0.0,Remote-Deny
IAN-00894,33952,0.2608695652173913,0.2608695652173913,0,0.0,Remote-Deny
IAN-00895,33952,0.2608695652173913,0.2608695652173913,0,0.0,Remote-Deny
IAN-00896,33952,0.2608695652173913,0.2608695652173913,0,0.0,Remote-Deny
IAN-00897,33952,0.2608695652173913,0.2608695652173913,0,0.0,Remote-Deny
IAN-00898,33952,0.2608695652173913,0.2608695652173913,0,0.0,Remote-Deny
IAN-00899,33952,0.2608695652173913,0.2608695652173913,0,0.0,Remote-Deny
IAN-00900,33952,0.2608695652173913,0.2608695652173913,0,0.0,Remote-Deny
IAN-00901,33952,0.2608695652173913,0.2608695652173913,0,0.0,Remote-Deny
IAN-00902,33952,0.2608695652173913,0.2608695652173913,0,0.0,Remote-Deny
IAN-00903,33952,0.2608695652173913,0.2608695652173913,0,0.0,Remote-Deny
IAN-00904,33952,0.2608695652173913,0.2608695652173913,0,0.0,Remote-Deny
IAN-00905,33952,0.2608695652173913,0.2608695652173913,0,0.0,Remote-Deny
IAN-00906,33952,0.2608695652173913,0.2608695652173913,0,0.0,Remote-Deny
IAN-00907,33952,0.2608695652173913,0.2608695652173913,0,0.0,Remote-Deny
IAN-00908,33952,0.2608695652173913,0.2608695652173913,0,0.0,Remote-Deny
IAN-00909,33952,0.2608695652173913,0.2608695652173913,0,0.0,Remote-Deny
IAN-00910,33952,0.2608695652173913,0.2608695652173913,0,0.0,Remote-Deny
IAN-00911,33952,0.2608695652173913,0.2608695652173913,0,0.0,Remote-Deny
IAN-00912,33952,0.2608695652173913,0.2608695652173913,0,0.0,Remote-Deny
IAN-00913,33952,0.2608695652173913,0.2608695652173913,0,0.0,Remote-Deny
IAN-00914,33952,0.2608695652173913,0.2608695652173913,0,0.0,Remote-Deny
IAN-00915,33952,0.2608695652173913,0.2608695652173913,0,0.0,Remote-Deny
IAN-00916,33952,0.2608695652173913,0.2608695652173913,0,0.0,Remote-Deny
IAN-00917,33952,0.2608695652173913,0.2608695652173913,0,0.0,Remote-Deny
IAN-00918,33952,0.2608695652173913,0.2608695652173913,0,0.0,Remote-Deny
IAN-00919,33952,0.2608695652173913,0.2608695652173913,0,0.0,Remote-Deny
IAN-00920,33952,0.2608695652173913,0.2608695652173913,0,0.0,Remote-Deny
IAN-00921,33952,0.2608695652173913,0.2608695652173913,0,0.0,Remote-Deny
IAN-00922,33952,0.2608695652173913,0.2608695652173913,0,0.0,Remote-Deny
IAN-00923,33952,0.2608695652173913,0.2608695652173913,0,0.0,Remote-Deny
IAN-00924,33952,0.2608695652173913,0.2608695652173913,0,0.0,Remote-Deny
IAN-00925,33952,0.2608695652173913,0.2608695652173913,0,0.0,Remote-Deny
IAN-00926,33952,0.2608695652173913,0.2608695652173913,0,0.0,Remote-Deny
IAN-00927,33952,0.2608695652173913,0.2608695652173913,0,0.0,Remote-Deny
IAN-00928,33952,0.2608695652173913,0.2608695652173913,0,0.0,Remote-Deny
IAN-00929,33952,0.2608695652173913,0.2608695652173913,0,0.0,Remote-Deny
IAN-00930,33952,0.2608695652173913,0.2608695652173913,0,0.0,Remote-Deny
IAN-00931,33952,0.2608695652173913,0.2608695652173913,0,0.0,Remote-Deny
IAN-00932,33952,0.2608695652173913,0.2608695652173913,0,0.0,Remote-Deny
IAN-00933,33952,0.2608695652173913,0.2608695652173913,0,0.0,Remote-Deny
IAN-00934,33952,0.2608695652173913,0.2608695652173913,0,0.0,Remote-Deny
IAN-00935,33952,0.2608695652173913,0.2608695652173913,0,0.0,Remote-Deny
IAN-00936,33952,0.2608695652173913,0.2608695652173913,0,0.0,Remote-Deny
IAN-00937,33952,0.2608695652173913,0.2608695652173913,0,0.0,Remote-Deny
IAN-00938,33952,0.2608695652173913,0.2608695652173913,0,0.0,Remote-Deny
IAN-00939,33952,0.2608695652173913,0.2608695652173913,0,0.0,Remote-Deny
IAN-00940,33952,0.2608695652173913,0.2608695652173913,0,0.0,Remote-Deny
IAN-00941,33952,0.2608695652173913,0.2608695652173913,0,0.0,Remote-Deny
IAN-00942,33952,0.2608695652173913,0.2608695652173913,0,0.0,Remote-Deny
IAN-00943,33948,0.17,0.17,0,0.0,Review
IAN-00944,33952,0.2608695652173913,0.2608695652173913,0,0.0,Remote-Deny
IAN-00945,33952,0.2608695652173913,0.2608695652173913,0,0.0,Remote-Deny
IAN-00946,33952,0.2608695652173913,0.2608695652173913,0,0.0,Remote-Deny
IAN-00947,33952,0.2608695652173913,0.2608695652173913,0,0.0,Remote-Deny
IAN-00948,33952,0.2608695652173913,0.2608695652173913,0,0.0,Remote-Deny
IAN-00949,33952,0.2608695652173913,0.2608695652173913,0,0.0,Remote-Deny
IAN-00950,33952,0.2608695652173913,0.2608695652173913,0,0.0,Remote-Deny
IAN-00951,33952,0.2608695652173913,0.2608695652173913,0,0.0,Remote-Deny
IAN-00952,33952,0.2608695652173913,0.2608695652173913,0,0.0,Remote-Deny
IAN-00953,33952,0.2608695652173913,0.2608695652173913,0,0.0,Remote-Deny
IAN-00954,33952,0.2608695652173913,0.2608695652173913,0,0.0,Remote-Deny
IAN-00955,33952,0.2608695652173913,0.2608695652173913,0,0.0,Remote-Deny
IAN-00956,33952,0.2608695652173913,0.2608695652173913,0,0.0,Remote-Deny
IAN-00957,33952,0.2608695652173913,0.2608695652173913,0,0.0,Remote-Deny
IAN-00958,33952,0.2608695652173913,0.2608695652173913,0,0.0,Remote-Deny
IAN-00959,33952,0.2608695652173913,0.2608695652173913,0,0.0,Remote-Deny
IAN-00960,33952,0.2608695652173913,0.2608695652173913,0,0.0,Remote-Deny
IAN-00961,33952,0.2608695652173913,0.2608695652173913,0,0.0,Remote-Deny
IAN-00962,33952,0.2608695652173913,0.2608695652173913,0,0.0,Remote-Deny
IAN-00963,33952,0.2608695652173913,0.2608695652173913,0,0.0,Remote-Deny
IAN-00964,33952,0.2608695652173913,0.2608695652173913,0,0.0,Remote-Deny
IAN-00965,33952,0.2608695652173913,0.2608695652173913,0,0.0,Remote-Deny
IAN-00966,33952,0.2608695652173913,0.2608695652173913,0,0.0,Remote-Deny
IAN-00967,33952,0.2608695652173913,0.2608695652173913,0,0.0,Remote-Deny
IAN-00968,33952,0.2608695652173913,0.2608695652173913,0,0.0,Remote-Deny
IAN-00969,33952,0.2608695652173913,0.2608695652173913,0,0.0,Remote-Deny
IAN-00970,33952,0.2608695652173913,0.2608695652173913,0,0.0,Remote-Deny
IAN-00971,33948,0.17,0.17,0,0.0,Remote-Deny
IAN-00972,33948,0.17,0.17,0,0.0,Remote-Deny
IAN-00973,33948,0.17,0.17,0,0.0,Remote-Deny
IAN-00974,33948,0.17,0.17,0,0.0,Remote-Deny
IAN-00975,33948,0.17,0.17,0,0.0,Remote-Deny
IAN-00976,33948,0.17,0.17,0,0.0,Remote-Deny
IAN-00977,33948,0.17,0.17,0,0.0,Remote-Deny
IAN-00978,33948,0.17,0.17,0,0.0,Remote-Deny
IAN-00979,33948,0.17,0.17,0,0.0,Remote-Deny
IAN-00980,33948,0.17,0.17,0,0.0,Remote-Deny
IAN-00981,33948,0.17,0.17,0,0.0,Remote-Deny
IAN-00982,33948,0.17,0.17,0,0.0,Remote-Deny
IAN-00983,33948,0.17,0.17,0,0.0,Remote-Deny
IAN-00984,33948,0.17,0.17,0,0.0,Remote-Deny
IAN-00985,33948,0.17,0.17,0,0.0,Remote-Deny
IAN-00986,33948,0.17,0.17,0,0.0,Remote-Deny
IAN-00987,33948,0.17,0.17,0,0.0,Remote-Deny
IAN-00988,33948,0.17,0.17,0,0.0,Remote-Deny
IAN-00989,33948,0.17,0.17,0,0.0,Remote-Deny
IAN-00990,33948,0.17,0.17,0,0.0,Remote-Deny
IAN-00991,33948,0.17,0.17,0,0.0,Remote-Deny
IAN-00992,33948,0.17,0.17,0,0.0,Remote-Deny
IAN-00993,33948,0.17,0.17,0,0.0,Remote-Deny
IAN-00994,33948,0.17,0.17,0,0.0,Remote-Deny
IAN-00995,33948,0.17,0.17,0,0.0,Remote-Deny
IAN-00996,33948,0.17,0.17,0,0.0,Remote-Deny
IAN-00997,33948,0.17,0.17,0,0.0,Remote-Deny
IAN-00998,33948,0.17,0.17,0,0.0,Remote-Deny
IAN-00999,33948,0.17,0.17,0,0.0,Remote-Deny
IAN-01000,33948,0.17,0.17,0,0.0,Remote-Deny
