property_id,address,latitude,longitude
NRIV-00001,"71 Bridge St, Coraki NSW",-29.099442,153.1981
NRIV-00002,"174 Wilson St, Coraki NSW",-29.101107,153.210113
NRIV-00003,"109 River Rd, Coraki NSW",-29.098431,153.216681
NRIV-00004,"130 Bagotville Rd, Coraki NSW",-29.101881,153.226375
NRIV-00005,"167 Wilson St, Coraki NSW",-29.101894,153.235462
NRIV-00006,"151 Mill Rd, Coraki NSW",-29.09982,153.244715
NRIV-00007,"207 Wyrallah Rd, Coraki NSW",-29.098762,153.253026
NRIV-00008,"40 Bridge St, Coraki NSW",-29.099207,153.263528
NRIV-00009,"24 Codrington Rd, Coraki NSW",-29.098171,153.27268
NRIV-00010,"155 Mill Rd, Woodburn NSW",-29.101613,153.28389
NRIV-00011,"138 Richmond Tce, Woodburn NSW",-29.098771,153.292586
NRIV-00012,"142 Mill Rd, Woodburn NSW",-29.098108,153.300347
NRIV-00013,"93 Bagotville Rd, Woodburn NSW",-29.098682,153.310474
NRIV-00014,"170 Bridge St, Woodburn NSW",-29.101231,153.317445
NRIV-00015,"219 Bridge St, Woodburn NSW",-29.098908,153.330274
NRIV-00016,"117 Tuckombil Rd, Woodburn NSW",-29.098534,153.337021
NRIV-00017,"91 Bridge St, Woodburn NSW",-29.098664,153.345317
NRIV-00018,"175 Tuckombil Rd, Woodburn NSW",-29.099319,153.356641
NRIV-00019,"137 Wilson St, Woodburn NSW",-29.101714,153.36554
NRIV-00020,"70 Tuckombil Rd, Woodburn NSW",-29.101021,153.374016
NRIV-00021,"84 River Rd, Woodburn NSW",-29.099247,153.382212
NRIV-00022,"81 Codrington Rd, Woodburn NSW",-29.101084,153.390628
NRIV-00023,"146 Wilson St, Woodburn NSW",-29.100929,153.400511
NRIV-00024,"102 Tuckombil Rd, Woodburn NSW",-29.100741,153.411455
NRIV-00025,"64 Wilson St, Woodburn NSW",-29.100165,153.41906
NRIV-00026,"150 Codrington Rd, Coraki NSW",-29.089432,153.199051
NRIV-00027,"57 Wyrallah Rd, Coraki NSW",-29.088086,153.208764
NRIV-00028,"13 Richmond Tce, Coraki NSW",-29.089639,153.216697
NRIV-00029,"175 Codrington Rd, Coraki NSW",-29.091066,153.22614
NRIV-00030,"153 Molesworth St, Coraki NSW",-29.089292,153.236206
NRIV-00031,"3 Tuckombil Rd, Coraki NSW",-29.089561,153.247718
NRIV-00032,"138 Mill Rd, Coraki NSW",-29.088795,153.255727
NRIV-00033,"76 Codrington Rd, Coraki NSW",-29.088603,153.263527
NRIV-00034,"185 Wilson St, Coraki NSW",-29.091045,153.271346
NRIV-00035,"46 Casino Rd, Woodburn NSW",-29.090624,153.282502
NRIV-00036,"77 Tuckombil Rd, Woodburn NSW",-29.088027,153.293149
NRIV-00037,"96 Wyrallah Rd, Woodburn NSW",-29.089647,153.299629
NRIV-00038,"136 River Rd, Woodburn NSW",-29.08952,153.311115
NRIV-00039,"29 Pacific Hwy, Woodburn NSW",-29.089282,153.319121
NRIV-00040,"79 Bridge St, Woodburn NSW",-29.088163,153.32966
NRIV-00041,"21 Richmond Tce, Woodburn NSW",-29.091446,153.339012
NRIV-00042,"195 Casino Rd, Woodburn NSW",-29.08875,153.347931
NRIV-00043,"122 Casino Rd, Woodburn NSW",-29.088614,153.354347
NRIV-00044,"156 Codrington Rd, Woodburn NSW",-29.091017,153.365111
NRIV-00045,"194 Wilson St, Woodburn NSW",-29.08782,153.375882
NRIV-00046,"103 Tuckombil Rd, Woodburn NSW",-29.088918,153.384185
NRIV-00047,"133 Molesworth St, Woodburn NSW",-29.089078,153.392252
NRIV-00048,"87 River Rd, Woodburn NSW",-29.091193,153.400565
NRIV-00049,"57 River Rd, Woodburn NSW",-29.089324,153.409754
NRIV-00050,"59 Richmond Tce, Woodburn NSW",-29.091393,153.420524
NRIV-00051,"19 Casino Rd, Coraki NSW",-29.077733,153.201439
NRIV-00052,"55 Casino Rd, Coraki NSW",-29.080403,153.209843
NRIV-00053,"147 Bagotville Rd, Coraki NSW",-29.080826,153.220075
NRIV-00054,"207 Codrington Rd, Coraki NSW",-29.079464,153.228638
NRIV-00055,"111 Pacific Hwy, Coraki NSW",-29.080593,153.235054
NRIV-00056,"187 River Rd, Coraki NSW",-29.079661,153.245701
NRIV-00057,"26 River Rd, Coraki NSW",-29.078661,153.256937
NRIV-00058,"28 Bridge St, Coraki NSW",-29.079744,153.263524
NRIV-00059,"36 Codrington Rd, Coraki NSW",-29.080588,153.273478
NRIV-00060,"20 Molesworth St, Coraki NSW",-29.080621,153.282351
NRIV-00061,"26 River Rd, Woodburn NSW",-29.078123,153.293091
NRIV-00062,"4 Richmond Tce, Woodburn NSW",-29.078746,153.300996
NRIV-00063,"43 Codrington Rd, Woodburn NSW",-29.077649,153.311395
NRIV-00064,"103 River Rd, Woodburn NSW",-29.079412,153.318022
NRIV-00065,"100 Mill Rd, Woodburn NSW",-29.080696,153.326342
NRIV-00066,"74 Codrington Rd, Woodburn NSW",-29.077649,153.338641
NRIV-00067,"201 Casino Rd, Woodburn NSW",-29.078568,153.347589
NRIV-00068,"49 Mill Rd, Woodburn NSW",-29.078707,153.35578
NRIV-00069,"189 Casino Rd, Woodburn NSW",-29.080484,153.363234
NRIV-00070,"13 Bagotville Rd, Woodburn NSW",-29.081111,153.373421
NRIV-00071,"136 Wyrallah Rd, Woodburn NSW",-29.079448,153.385011
NRIV-00072,"218 Wyrallah Rd, Woodburn NSW",-29.081127,153.392531
NRIV-00073,"61 Codrington Rd, Woodburn NSW",-29.081081,153.399939
NRIV-00074,"64 Bagotville Rd, Woodburn NSW",-29.080875,153.412394
NRIV-00075,"108 Tuckombil Rd, Woodburn NSW",-29.078977,153.420478
NRIV-00076,"67 Bridge St, Coraki NSW",-29.068698,153.200091
NRIV-00077,"68 Codrington Rd, Coraki NSW",-29.068353,153.208423
NRIV-00078,"118 Pacific Hwy, Coraki NSW",-29.070509,153.218915
NRIV-00079,"3 Molesworth St, Coraki NSW",-29.067316,153.229243
NRIV-00080,"26 Richmond Tce, Coraki NSW",-29.068548,153.236919
NRIV-00081,"34 Pacific Hwy, Coraki NSW",-29.068882,153.245857
NRIV-00082,"95 Mill Rd, Coraki NSW",-29.067509,153.256517
NRIV-00083,"181 Mill Rd, Coraki NSW",-29.070401,153.265502
NRIV-00084,"168 Casino Rd, Coraki NSW",-29.068586,153.275282
NRIV-00085,"77 Tuckombil Rd, Coraki NSW",-29.071001,153.283768
NRIV-00086,"68 Richmond Tce, Woodburn NSW",-29.070618,153.293179
NRIV-00087,"40 Mill Rd, Woodburn NSW",-29.067473,153.301803
NRIV-00088,"88 Bridge St, Woodburn NSW",-29.069905,153.308843
NRIV-00089,"130 Molesworth St, Woodburn NSW",-29.068282,153.320578
NRIV-00090,"14 Richmond Tce, Woodburn NSW",-29.070028,153.329966
NRIV-00091,"12 River Rd, Woodburn NSW",-29.068495,153.338817
NRIV-00092,"68 Wyrallah Rd, Woodburn NSW",-29.069698,153.34519
NRIV-00093,"110 Casino Rd, Woodburn NSW",-29.068067,153.35604
NRIV-00094,"177 Wyrallah Rd, Woodburn NSW",-29.070994,153.363301
NRIV-00095,"150 Casino Rd, Woodburn NSW",-29.06885,153.375505
NRIV-00096,"79 Pacific Hwy, Woodburn NSW",-29.07044,153.381843
NRIV-00097,"11 Pacific Hwy, Woodburn NSW",-29.067436,153.393684
NRIV-00098,"27 Pacific Hwy, Woodburn NSW",-29.070192,153.400665
NRIV-00099,"105 Bagotville Rd, Woodburn NSW",-29.067912,153.41237
NRIV-00100,"61 Wyrallah Rd, Woodburn NSW",-29.068034,153.421703
NRIV-00101,"106 River Rd, Coraki NSW",-29.056805,153.201243
NRIV-00102,"201 Codrington Rd, Coraki NSW",-29.059992,153.210865
NRIV-00103,"208 Bridge St, Coraki NSW",-29.057501,153.21979
NRIV-00104,"28 Codrington Rd, Coraki NSW",-29.059642,153.228649
NRIV-00105,"57 Bridge St, Coraki NSW",-29.057221,153.238101
NRIV-00106,"79 Bridge St, Coraki NSW",-29.057443,153.245675
NRIV-00107,"103 Pacific Hwy, Coraki NSW",-29.059818,153.25564
NRIV-00108,"198 Mill Rd, Coraki NSW",-29.059595,153.262444
NRIV-00109,"174 Casino Rd, Coraki NSW",-29.059305,153.273371
NRIV-00110,"67 Wyrallah Rd, Coraki NSW",-29.059385,153.28061
NRIV-00111,"10 Richmond Tce, Coraki NSW",-29.058387,153.293601
NRIV-00112,"202 Pacific Hwy, Woodburn NSW",-29.058323,153.300216
NRIV-00113,"30 Codrington Rd, Woodburn NSW",-29.058964,153.311937
NRIV-00114,"12 Wilson St, Woodburn NSW",-29.057112,153.317927
NRIV-00115,"207 Casino Rd, Woodburn NSW",-29.058965,153.328413
NRIV-00116,"189 Tuckombil Rd, Woodburn NSW",-29.057962,153.339261
NRIV-00117,"171 Pacific Hwy, Woodburn NSW",-29.059922,153.346392
NRIV-00118,"32 Wilson St, Woodburn NSW",-29.058217,153.356487
NRIV-00119,"171 Codrington Rd, Woodburn NSW",-29.057109,153.365028
NRIV-00120,"142 Wyrallah Rd, Woodburn NSW",-29.059405,153.374956
NRIV-00121,"98 Tuckombil Rd, Woodburn NSW",-29.059942,153.383993
NRIV-00122,"146 Mill Rd, Woodburn NSW",-29.057717,153.391196
NRIV-00123,"78 Mill Rd, Woodburn NSW",-29.059085,153.403002
NRIV-00124,"156 Tuckombil Rd, Woodburn NSW",-29.059869,153.411976
NRIV-00125,"173 Bridge St, Woodburn NSW",-29.059421,153.419767
NRIV-00126,"204 Wilson St, Coraki NSW",-29.048342,153.201175
NRIV-00127,"132 Tuckombil Rd, Coraki NSW",-29.049708,153.207506
NRIV-00128,"210 Bridge St, Coraki NSW",-29.047855,153.217674
NRIV-00129,"51 Wyrallah Rd, Coraki NSW",-29.047696,153.226399
NRIV-00130,"122 Bagotville Rd, Coraki NSW",-29.050289,153.235646
NRIV-00131,"107 Tuckombil Rd, Coraki NSW",-29.046988,153.244125
NRIV-00132,"99 Molesworth St, Coraki NSW",-29.048084,153.255873
NRIV-00133,"177 River Rd, Coraki NSW",-29.048788,153.262757
NRIV-00134,"28 Codrington Rd, Coraki NSW",-29.046816,153.274775
NRIV-00135,"179 Casino Rd, Coraki NSW",-29.049512,153.283716
NRIV-00136,"218 Richmond Tce, Coraki NSW",-29.048529,153.291896
NRIV-00137,"171 Casino Rd, Coraki NSW",-29.048561,153.302039
NRIV-00138,"194 Molesworth St, Woodburn NSW",-29.046436,153.310382
NRIV-00139,"130 Codrington Rd, Woodburn NSW",-29.047936,153.320044
NRIV-00140,"41 Wilson St, Woodburn NSW",-29.047065,153.328525
NRIV-00141,"193 Bridge St, Woodburn NSW",-29.046941,153.3373
NRIV-00142,"200 Casino Rd, Woodburn NSW",-29.047028,153.345776
NRIV-00143,"113 Richmond Tce, Woodburn NSW",-29.048449,153.35479
NRIV-00144,"86 Pacific Hwy, Woodburn NSW",-29.047533,153.363938
NRIV-00145,"39 Bridge St, Woodburn NSW",-29.046815,153.372489
NRIV-00146,"55 Richmond Tce, Woodburn NSW",-29.048855,153.381945
NRIV-00147,"120 Codrington Rd, Woodburn NSW",-29.048728,153.391824
NRIV-00148,"100 Bagotville Rd, Woodburn NSW",-29.050138,153.402998
NRIV-00149,"196 Bagotville Rd, Woodburn NSW",-29.046603,153.408911
NRIV-00150,"91 Mill Rd, Woodburn NSW",-29.048866,153.418024
NRIV-00151,"214 Codrington Rd, Coraki NSW",-29.037051,153.201414
NRIV-00152,"205 Bagotville Rd, Coraki NSW",-29.037912,153.210105
NRIV-00153,"70 Codrington Rd, Coraki NSW",-29.036473,153.218286
NRIV-00154,"172 Tuckombil Rd, Coraki NSW",-29.038122,153.227055
NRIV-00155,"216 Molesworth St, Coraki NSW",-29.036872,153.237563
NRIV-00156,"137 River Rd, Coraki NSW",-29.036386,153.247756
NRIV-00157,"170 River Rd, Coraki NSW",-29.036437,153.255368
NRIV-00158,"119 Wyrallah Rd, Coraki NSW",-29.039729,153.263881
NRIV-00159,"55 Molesworth St, Coraki NSW",-29.039863,153.27285
NRIV-00160,"98 Mill Rd, Coraki NSW",-29.038757,153.283545
NRIV-00161,"65 Richmond Tce, Coraki NSW",-29.037056,153.292994
NRIV-00162,"14 Pacific Hwy, Coraki NSW",-29.038183,153.301829
NRIV-00163,"167 River Rd, Coraki NSW",-29.039168,153.308274
NRIV-00164,"52 River Rd, Woodburn NSW",-29.037048,153.320965
NRIV-00165,"122 Tuckombil Rd, Woodburn NSW",-29.037579,153.327288
NRIV-00166,"120 Wilson St, Woodburn NSW",-29.039607,153.339291
NRIV-00167,"156 Bagotville Rd, Woodburn NSW",-29.03904,153.346142
NRIV-00168,"200 Wyrallah Rd, Woodburn NSW",-29.03621,153.356707
NRIV-00169,"7 Mill Rd, Woodburn NSW",-29.036206,153.363432
NRIV-00170,"97 Codrington Rd, Woodburn NSW",-29.037761,153.375799
NRIV-00171,"152 Wilson St, Woodburn NSW",-29.036299,153.382127
NRIV-00172,"179 Mill Rd, Woodburn NSW",-29.036742,153.391471
NRIV-00173,"31 Bagotville Rd, Woodburn NSW",-29.036663,153.402068
NRIV-00174,"110 Tuckombil Rd, Woodburn NSW",-29.036934,153.410222
NRIV-00175,"88 River Rd, Woodburn NSW",-29.038582,153.420024
NRIV-00176,"28 Codrington Rd, Coraki NSW",-29.026344,153.201289
NRIV-00177,"213 Molesworth St, Coraki NSW",-29.025899,153.209709
NRIV-00178,"188 Casino Rd, Coraki NSW",-29.026913,153.218075
NRIV-00179,"207 Casino Rd, Coraki NSW",-29.02588,153.22658
NRIV-00180,"212 Wilson St, Coraki NSW",-29.026643,153.236526
NRIV-00181,"63 Richmond Tce, Coraki NSW",-29.027372,153.245123
NRIV-00182,"193 Molesworth St, Coraki NSW",-29.028626,153.254803
NRIV-00183,"87 River Rd, Coraki NSW",-29.027463,153.264839
NRIV-00184,"125 Bridge St, Coraki NSW",-29.027765,153.272633
NRIV-00185,"72 Bagotville Rd, Coraki NSW",-29.028323,153.281533
NRIV-00186,"3 Casino Rd, Coraki NSW",-29.026937,153.290772
NRIV-00187,"185 Codrington Rd, Coraki NSW",-29.02595,153.299176
NRIV-00188,"177 Molesworth St, Coraki NSW",-29.027788,153.311033
NRIV-00189,"203 River Rd, Woodburn NSW",-29.027158,153.31913
NRIV-00190,"178 Bridge St, Woodburn NSW",-29.02937,153.32722
NRIV-00191,"122 Casino Rd, Woodburn NSW",-29.028517,153.337826
NRIV-00192,"191 Casino Rd, Woodburn NSW",-29.027618,153.346369
NRIV-00193,"70 Mill Rd, Woodburn NSW",-29.028419,153.356645
NRIV-00194,"50 Pacific Hwy, Woodburn NSW",-29.028736,153.363483
NRIV-00195,"196 Wilson St, Woodburn NSW",-29.029264,153.37431
NRIV-00196,"124 Mill Rd, Woodburn NSW",-29.029001,153.382199
NRIV-00197,"135 Bagotville Rd, Woodburn NSW",-29.026844,153.394406
NRIV-00198,"50 Mill Rd, Woodburn NSW",-29.02861,153.400069
NRIV-00199,"4 Wilson St, Woodburn NSW",-29.028832,153.409551
NRIV-00200,"14 Casino Rd, Broadwater NSW",-29.027605,153.419097
NRIV-00201,"164 Molesworth St, Coraki NSW",-29.018251,153.201776
NRIV-00202,"73 Molesworth St, Coraki NSW",-29.019009,153.207216
NRIV-00203,"14 Mill Rd, Coraki NSW",-29.017504,153.217696
NRIV-00204,"211 Richmond Tce, Coraki NSW",-29.015655,153.227411
NRIV-00205,"162 Tuckombil Rd, Coraki NSW",-29.017817,153.234963
NRIV-00206,"145 Mill Rd, Coraki NSW",-29.019205,153.24443
NRIV-00207,"143 Codrington Rd, Coraki NSW",-29.019079,153.253993
NRIV-00208,"58 Casino Rd, Coraki NSW",-29.016994,153.26533
NRIV-00209,"77 Bagotville Rd, Coraki NSW",-29.017898,153.274967
NRIV-00210,"159 River Rd, Coraki NSW",-29.015459,153.281722
NRIV-00211,"196 Bridge St, Coraki NSW",-29.016981,153.292627
NRIV-00212,"21 Wyrallah Rd, Coraki NSW",-29.016917,153.299892
NRIV-00213,"41 River Rd, Coraki NSW",-29.01846,153.310208
NRIV-00214,"121 Mill Rd, Coraki NSW",-29.017785,153.319924
NRIV-00215,"73 Wilson St, Woodburn NSW",-29.019289,153.327486
NRIV-00216,"60 Mill Rd, Woodburn NSW",-29.015981,153.335785
NRIV-00217,"170 Bridge St, Woodburn NSW",-29.016268,153.347167
NRIV-00218,"166 Wyrallah Rd, Woodburn NSW",-29.017719,153.356012
NRIV-00219,"19 River Rd, Woodburn NSW",-29.015786,153.366307
NRIV-00220,"192 Bagotville Rd, Woodburn NSW",-29.018756,153.373397
NRIV-00221,"120 Wilson St, Woodburn NSW",-29.015735,153.38309
NRIV-00222,"70 Casino Rd, Woodburn NSW",-29.018203,153.39211
NRIV-00223,"154 River Rd, Broadwater NSW",-29.017259,153.401418
NRIV-00224,"155 Mill Rd, Broadwater NSW",-29.015862,153.411771
NRIV-00225,"173 Bagotville Rd, Broadwater NSW",-29.019316,153.418916
NRIV-00226,"196 Tuckombil Rd, Coraki NSW",-29.006748,153.198083
NRIV-00227,"196 Wyrallah Rd, Coraki NSW",-29.005811,153.209472
NRIV-00228,"72 Wyrallah Rd, Coraki NSW",-29.007215,153.218939
NRIV-00229,"209 Molesworth St, Coraki NSW",-29.005109,153.227244
NRIV-00230,"105 Pacific Hwy, Coraki NSW",-29.005221,153.236547
NRIV-00231,"42 Pacific Hwy, Coraki NSW",-29.007813,153.244252
NRIV-00232,"170 Codrington Rd, Coraki NSW",-29.00745,153.254982
NRIV-00233,"117 Richmond Tce, Coraki NSW",-29.005843,153.264367
NRIV-00234,"198 Codrington Rd, Coraki NSW",-29.007839,153.272626
NRIV-00235,"1 Tuckombil Rd, Coraki NSW",-29.005637,153.2838
NRIV-00236,"14 Bridge St, Coraki NSW",-29.005619,153.291515
NRIV-00237,"128 Tuckombil Rd, Coraki NSW",-29.007023,153.301324
NRIV-00238,"69 Casino Rd, Coraki NSW",-29.007329,153.308206
NRIV-00239,"179 Molesworth St, Coraki NSW",-29.008573,153.318319
NRIV-00240,"156 Bridge St, Woodburn NSW",-29.008611,153.330226
NRIV-00241,"4 Casino Rd, Woodburn NSW",-29.006258,153.336743
NRIV-00242,"216 Richmond Tce, Woodburn NSW",-29.007465,153.345565
NRIV-00243,"214 Wyrallah Rd, Woodburn NSW",-29.007251,153.354303
NRIV-00244,"131 Wilson St, Woodburn NSW",-29.007103,153.365866
NRIV-00245,"121 Bridge St, Woodburn NSW",-29.008003,153.375506
NRIV-00246,"49 Bagotville Rd, Broadwater NSW",-29.00727,153.381912
NRIV-00247,"18 Mill Rd, Broadwater NSW",-29.007064,153.394017
NRIV-00248,"88 Casino Rd, Broadwater NSW",-29.006006,153.403084
NRIV-00249,"186 Mill Rd, Broadwater NSW",-29.008028,153.408844
NRIV-00250,"169 Molesworth St, Broadwater NSW",-29.005747,153.42032
NRIV-00251,"124 Pacific Hwy, Coraki NSW",-28.995313,153.199786
NRIV-00252,"97 Molesworth St, Coraki NSW",-28.997444,153.210218
NRIV-00253,"179 Bridge St, Coraki NSW",-28.995043,153.219812
NRIV-00254,"199 Codrington Rd, Coraki NSW",-28.996487,153.226434
NRIV-00255,"181 Codrington Rd, Coraki NSW",-28.9986,153.237645
NRIV-00256,"211 Tuckombil Rd, Coraki NSW",-28.99723,153.246488
NRIV-00257,"10 Wyrallah Rd, Coraki NSW",-28.994851,153.254981
NRIV-00258,"26 Molesworth St, Coraki NSW",-28.996765,153.264527
NRIV-00259,"4 Wilson St, Coraki NSW",-28.998375,153.274975
NRIV-00260,"40 Richmond Tce, Coraki NSW",-28.998198,153.283984
NRIV-00261,"87 Bagotville Rd, Coraki NSW",-28.996896,153.293543
NRIV-00262,"219 Pacific Hwy, Coraki NSW",-28.996003,153.301433
NRIV-00263,"98 Pacific Hwy, Coraki NSW",-28.995365,153.311437
NRIV-00264,"125 Casino Rd, Coraki NSW",-28.996267,153.320716
NRIV-00265,"162 Tuckombil Rd, Coraki NSW",-28.998631,153.326607
NRIV-00266,"192 Richmond Tce, Woodburn NSW",-28.99509,153.33949
NRIV-00267,"163 Wilson St, Woodburn NSW",-28.997038,153.34506
NRIV-00268,"178 Mill Rd, Woodburn NSW",-28.995284,153.355608
NRIV-00269,"204 River Rd, Broadwater NSW",-28.99516,153.363184
NRIV-00270,"38 Bridge St, Broadwater NSW",-28.997601,153.373666
NRIV-00271,"203 Wyrallah Rd, Broadwater NSW",-28.99665,153.383597
NRIV-00272,"98 Bagotville Rd, Broadwater NSW",-28.998094,153.390816
NRIV-00273,"150 Wyrallah Rd, Broadwater NSW",-28.996042,153.401657
NRIV-00274,"118 Mill Rd, Broadwater NSW",-28.997845,153.411385
NRIV-00275,"120 Mill Rd, Broadwater NSW",-28.996107,153.421596
NRIV-00276,"114 Pacific Hwy, Coraki NSW",-28.985741,153.198632
NRIV-00277,"109 Wilson St, Coraki NSW",-28.984501,153.208363
NRIV-00278,"51 Codrington Rd, Coraki NSW",-28.987451,153.219715
NRIV-00279,"98 Bagotville Rd, Coraki NSW",-28.985038,153.225927
NRIV-00280,"180 Mill Rd, Coraki NSW",-28.987016,153.23585
NRIV-00281,"102 Mill Rd, Coraki NSW",-28.988364,153.247153
NRIV-00282,"200 Wilson St, Coraki NSW",-28.988419,153.25646
NRIV-00283,"191 Molesworth St, Coraki NSW",-28.984557,153.265809
NRIV-00284,"199 Bridge St, Coraki NSW",-28.98512,153.274945
NRIV-00285,"163 Bridge St, Coraki NSW",-28.986023,153.281909
NRIV-00286,"185 Tuckombil Rd, Coraki NSW",-28.985968,153.292378
NRIV-00287,"25 Tuckombil Rd, Coraki NSW",-28.985728,153.29938
NRIV-00288,"113 River Rd, Coraki NSW",-28.985866,153.309236
NRIV-00289,"24 Mill Rd, Coraki NSW",-28.986133,153.320096
NRIV-00290,"52 Wyrallah Rd, Coraki NSW",-28.987145,153.327995
NRIV-00291,"94 Casino Rd, Coraki NSW",-28.985306,153.339006
NRIV-00292,"43 Mill Rd, Broadwater NSW",-28.986444,153.345757
NRIV-00293,"207 Mill Rd, Broadwater NSW",-28.984795,153.35761
NRIV-00294,"30 Molesworth St, Broadwater NSW",-28.985465,153.364355
NRIV-00295,"58 Tuckombil Rd, Broadwater NSW",-28.9846,153.37273
NRIV-00296,"217 Casino Rd, Broadwater NSW",-28.985555,153.385253
NRIV-00297,"4 Mill Rd, Broadwater NSW",-28.986989,153.393663
NRIV-00298,"173 Wilson St, Broadwater NSW",-28.986305,153.401486
NRIV-00299,"211 Tuckombil Rd, Broadwater NSW",-28.985762,153.411172
NRIV-00300,"60 Molesworth St, Broadwater NSW",-28.98469,153.418433
NRIV-00301,"144 Pacific Hwy, Coraki NSW",-28.978029,153.201537
NRIV-00302,"17 Tuckombil Rd, Coraki NSW",-28.974468,153.208052
NRIV-00303,"78 Tuckombil Rd, Coraki NSW",-28.974834,153.219971
NRIV-00304,"10 Mill Rd, Coraki NSW",-28.976496,153.226059
NRIV-00305,"61 Casino Rd, Coraki NSW",-28.974145,153.235131
NRIV-00306,"172 Wilson St, Coraki NSW",-28.977586,153.245648
NRIV-00307,"151 Wilson St, Coraki NSW",-28.975343,153.255161
NRIV-00308,"168 Richmond Tce, Coraki NSW",-28.975223,153.265708
NRIV-00309,"72 River Rd, Coraki NSW",-28.974794,153.273796
NRIV-00310,"114 Bridge St, Coraki NSW",-28.975368,153.281369
NRIV-00311,"176 Pacific Hwy, Coraki NSW",-28.974707,153.290064
NRIV-00312,"92 River Rd, Coraki NSW",-28.975951,153.302745
NRIV-00313,"32 Molesworth St, Coraki NSW",-28.976536,153.308759
NRIV-00314,"164 Bagotville Rd, Coraki NSW",-28.977762,153.318015
NRIV-00315,"86 Bridge St, Coraki NSW",-28.974245,153.326536
NRIV-00316,"53 Richmond Tce, Broadwater NSW",-28.974174,153.338648
NRIV-00317,"151 Bridge St, Broadwater NSW",-28.97481,153.346883
NRIV-00318,"199 Wyrallah Rd, Broadwater NSW",-28.974877,153.354765
NRIV-00319,"71 Wyrallah Rd, Broadwater NSW",-28.974974,153.365384
NRIV-00320,"205 Wyrallah Rd, Broadwater NSW",-28.974179,153.374328
NRIV-00321,"34 River Rd, Broadwater NSW",-28.977689,153.384799
NRIV-00322,"151 Pacific Hwy, Broadwater NSW",-28.976696,153.393654
NRIV-00323,"33 Wilson St, Broadwater NSW",-28.978066,153.400728
NRIV-00324,"17 Molesworth St, Broadwater NSW",-28.976445,153.409288
NRIV-00325,"152 Richmond Tce, Broadwater NSW",-28.976336,153.419448
NRIV-00326,"158 River Rd, Tuncester NSW",-28.965998,153.198886
NRIV-00327,"169 Casino Rd, Tuncester NSW",-28.964897,153.210802
NRIV-00328,"8 River Rd, Tuncester NSW",-28.9666,153.218907
NRIV-00329,"110 Tuckombil Rd, Bungawalbin NSW",-28.963812,153.228889
NRIV-00330,"114 Richmond Tce, Bungawalbin NSW",-28.967375,153.237516
NRIV-00331,"38 Richmond Tce, Bungawalbin NSW",-28.964209,153.245122
NRIV-00332,"150 Casino Rd, Bungawalbin NSW",-28.967302,153.255497
NRIV-00333,"153 Casino Rd, Bungawalbin NSW",-28.964958,153.26369
NRIV-00334,"111 Richmond Tce, Bungawalbin NSW",-28.966627,153.273356
NRIV-00335,"168 Tuckombil Rd, Bungawalbin NSW",-28.964634,153.280958
NRIV-00336,"56 Codrington Rd, Bungawalbin NSW",-28.964296,153.291872
NRIV-00337,"87 Molesworth St, Bungawalbin NSW",-28.966,153.299747
NRIV-00338,"81 Codrington Rd, Bungawalbin NSW",-28.966212,153.310918
NRIV-00339,"40 Tuckombil Rd, Bungawalbin NSW",-28.966556,153.318186
NRIV-00340,"213 Richmond Tce, Bungawalbin NSW",-28.964115,153.326602
NRIV-00341,"190 Pacific Hwy, Bungawalbin NSW",-28.967434,153.335886
NRIV-00342,"151 Casino Rd, Broadwater NSW",-28.964559,153.346892
NRIV-00343,"106 Pacific Hwy, Broadwater NSW",-28.96556,153.356513
NRIV-00344,"109 Wilson St, Broadwater NSW",-28.964312,153.366765
NRIV-00345,"80 Pacific Hwy, Broadwater NSW",-28.967601,153.373317
NRIV-00346,"40 Tuckombil Rd, Broadwater NSW",-28.967392,153.383363
NRIV-00347,"90 Casino Rd, Broadwater NSW",-28.965878,153.393889
NRIV-00348,"147 Bridge St, Broadwater NSW",-28.966336,153.402717
NRIV-00349,"197 Bagotville Rd, Broadwater NSW",-28.964578,153.412214
NRIV-00350,"7 Bagotville Rd, Broadwater NSW",-28.965352,153.420571
NRIV-00351,"69 River Rd, Tuncester NSW",-28.953768,153.201318
NRIV-00352,"80 Pacific Hwy, Tuncester NSW",-28.956762,153.209977
NRIV-00353,"37 Bagotville Rd, Tuncester NSW",-28.95608,153.217059
NRIV-00354,"190 Tuckombil Rd, Tuncester NSW",-28.954854,153.225778
NRIV-00355,"136 Bridge St, Bungawalbin NSW",-28.953597,153.235034
NRIV-00356,"41 Pacific Hwy, Bungawalbin NSW",-28.955979,153.245648
NRIV-00357,"146 Bagotville Rd, Bungawalbin NSW",-28.956237,153.254298
NRIV-00358,"41 Bagotville Rd, Bungawalbin NSW",-28.957144,153.262377
NRIV-00359,"114 Tuckombil Rd, Bungawalbin NSW",-28.957285,153.27166
NRIV-00360,"107 Mill Rd, Bungawalbin NSW",-28.955788,153.282928
NRIV-00361,"89 Codrington Rd, Bungawalbin NSW",-28.956622,153.291716
NRIV-00362,"152 Molesworth St, Bungawalbin NSW",-28.95704,153.301546
NRIV-00363,"57 Codrington Rd, Bungawalbin NSW",-28.955376,153.309234
NRIV-00364,"53 Mill Rd, Bungawalbin NSW",-28.953546,153.317386
NRIV-00365,"196 Mill Rd, Bungawalbin NSW",-28.953703,153.329403
NRIV-00366,"128 Wilson St, Bungawalbin NSW",-28.956326,153.33598
NRIV-00367,"137 Wilson St, Broadwater NSW",-28.955761,153.345183
NRIV-00368,"172 Pacific Hwy, Broadwater NSW",-28.956563,153.356068
NRIV-00369,"11 Codrington Rd, Broadwater NSW",-28.957196,153.366447
NRIV-00370,"81 Bagotville Rd, Broadwater NSW",-28.957409,153.375851
NRIV-00371,"164 Codrington Rd, Broadwater NSW",-28.955767,153.382951
NRIV-00372,"84 Wyrallah Rd, Broadwater NSW",-28.956326,153.39212
NRIV-00373,"213 Wilson St, Broadwater NSW",-28.954279,153.402139
NRIV-00374,"217 Richmond Tce, Broadwater NSW",-28.953805,153.409186
NRIV-00375,"135 Richmond Tce, Broadwater NSW",-28.956511,153.420355
NRIV-00376,"87 Bridge St, Tuncester NSW",-28.945578,153.199241
NRIV-00377,"131 Tuckombil Rd, Tuncester NSW",-28.945829,153.207839
NRIV-00378,"199 Pacific Hwy, Tuncester NSW",-28.946705,153.218373
NRIV-00379,"166 Wyrallah Rd, Tuncester NSW",-28.945757,153.229333
NRIV-00380,"51 Wyrallah Rd, Tuncester NSW",-28.946216,153.235252
NRIV-00381,"168 Richmond Tce, Bungawalbin NSW",-28.944752,153.246874
NRIV-00382,"127 Molesworth St, Bungawalbin NSW",-28.946453,153.256091
NRIV-00383,"115 Tuckombil Rd, Bungawalbin NSW",-28.944144,153.265206
NRIV-00384,"163 Bagotville Rd, Bungawalbin NSW",-28.943465,153.273591
NRIV-00385,"81 Wyrallah Rd, Bungawalbin NSW",-28.945868,153.284384
NRIV-00386,"162 Mill Rd, Bungawalbin NSW",-28.945402,153.291542
NRIV-00387,"91 Casino Rd, Bungawalbin NSW",-28.943976,153.301199
NRIV-00388,"10 River Rd, Bungawalbin NSW",-28.946865,153.309847
NRIV-00389,"166 Richmond Tce, Bungawalbin NSW",-28.945686,153.318315
NRIV-00390,"119 Bagotville Rd, Bungawalbin NSW",-28.944701,153.328362
NRIV-00391,"11 Molesworth St, Bungawalbin NSW",-28.944944,153.338667
NRIV-00392,"49 Pacific Hwy, Broadwater NSW",-28.943525,153.346953
NRIV-00393,"16 Molesworth St, Broadwater NSW",-28.944741,153.355839
NRIV-00394,"88 Wilson St, Broadwater NSW",-28.946747,153.366597
NRIV-00395,"11 Bridge St, Broadwater NSW",-28.946824,153.374751
NRIV-00396,"135 Casino Rd, Broadwater NSW",-28.944331,153.385297
NRIV-00397,"73 Codrington Rd, Broadwater NSW",-28.944722,153.391956
NRIV-00398,"154 River Rd, Broadwater NSW",-28.945526,153.40102
NRIV-00399,"17 Pacific Hwy, Broadwater NSW",-28.944004,153.411423
NRIV-00400,"73 Mill Rd, Broadwater NSW",-28.946783,153.420714
NRIV-00401,"155 Wyrallah Rd, Tuncester NSW",-28.933944,153.200626
NRIV-00402,"37 Pacific Hwy, Tuncester NSW",-28.935505,153.209498
NRIV-00403,"170 Codrington Rd, Tuncester NSW",-28.935598,153.218958
NRIV-00404,"22 Mill Rd, Tuncester NSW",-28.936323,153.228335
NRIV-00405,"85 Wyrallah Rd, Tuncester NSW",-28.934603,153.237241
NRIV-00406,"190 Tuckombil Rd, Tuncester NSW",-28.934158,153.247149
NRIV-00407,"172 Codrington Rd, Bungawalbin NSW",-28.933189,153.253374
NRIV-00408,"80 Wyrallah Rd, Bungawalbin NSW",-28.934805,153.26224
NRIV-00409,"197 Molesworth St, Bungawalbin NSW",-28.933034,153.2727
NRIV-00410,"40 Richmond Tce, Bungawalbin NSW",-28.936071,153.2845
NRIV-00411,"130 Casino Rd, Bungawalbin NSW",-28.935656,153.292819
NRIV-00412,"10 Tuckombil Rd, Bungawalbin NSW",-28.933498,153.302368
NRIV-00413,"34 Bagotville Rd, Bungawalbin NSW",-28.935492,153.311065
NRIV-00414,"213 Wilson St, Bungawalbin NSW",-28.935332,153.317816
NRIV-00415,"43 Wilson St, Bungawalbin NSW",-28.933754,153.32957
NRIV-00416,"174 Wilson St, Bungawalbin NSW",-28.935088,153.337143
NRIV-00417,"73 Wilson St, Broadwater NSW",-28.935889,153.346443
NRIV-00418,"62 Mill Rd, Broadwater NSW",-28.933704,153.354769
NRIV-00419,"214 Bridge St, Broadwater NSW",-28.932976,153.366137
NRIV-00420,"113 Molesworth St, Broadwater NSW",-28.935367,153.375955
NRIV-00421,"129 Casino Rd, Broadwater NSW",-28.933761,153.384446
NRIV-00422,"52 Bagotville Rd, Broadwater NSW",-28.935164,153.391148
NRIV-00423,"165 Molesworth St, Broadwater NSW",-28.936285,153.400667
NRIV-00424,"27 Wilson St, Broadwater NSW",-28.933342,153.411051
NRIV-00425,"73 Richmond Tce, Broadwater NSW",-28.933455,153.421405
NRIV-00426,"132 Wyrallah Rd, Tuncester NSW",-28.923464,153.199091
NRIV-00427,"57 Molesworth St, Tuncester NSW",-28.923192,153.207534
NRIV-00428,"107 River Rd, Tuncester NSW",-28.922978,153.220055
NRIV-00429,"99 Richmond Tce, Tuncester NSW",-28.92493,153.226996
NRIV-00430,"26 Wilson St, Tuncester NSW",-28.925016,153.234779
NRIV-00431,"36 River Rd, Tuncester NSW",-28.923916,153.246999
NRIV-00432,"179 Wyrallah Rd, Tuncester NSW",-28.925369,153.256319
NRIV-00433,"158 River Rd, Bungawalbin NSW",-28.923481,153.264043
NRIV-00434,"56 Wyrallah Rd, Bungawalbin NSW",-28.922893,153.271409
NRIV-00435,"136 Codrington Rd, Bungawalbin NSW",-28.924321,153.283409
NRIV-00436,"78 Richmond Tce, Bungawalbin NSW",-28.926071,153.290819
NRIV-00437,"204 Bagotville Rd, Bungawalbin NSW",-28.926325,153.300513
NRIV-00438,"128 Bagotville Rd, Bungawalbin NSW",-28.924688,153.308443
NRIV-00439,"148 Bridge St, Bungawalbin NSW",-28.924372,153.319694
NRIV-00440,"1 Bagotville Rd, Bungawalbin NSW",-28.923642,153.327498
NRIV-00441,"48 Tuckombil Rd, Bungawalbin NSW",-28.925105,153.337783
NRIV-00442,"93 Richmond Tce, Bungawalbin NSW",-28.923843,153.346761
NRIV-00443,"202 Casino Rd, Broadwater NSW",-28.922703,153.35601
NRIV-00444,"121 River Rd, Broadwater NSW",-28.9243,153.364562
NRIV-00445,"65 Wilson St, Broadwater NSW",-28.923973,153.376091
NRIV-00446,"89 Bridge St, Broadwater NSW",-28.926451,153.384487
NRIV-00447,"198 Bagotville Rd, Broadwater NSW",-28.923584,153.393013
NRIV-00448,"12 Pacific Hwy, Broadwater NSW",-28.923575,153.400997
NRIV-00449,"45 Tuckombil Rd, Broadwater NSW",-28.924332,153.412087
NRIV-00450,"162 Wyrallah Rd, Broadwater NSW",-28.924658,153.420782
NRIV-00451,"199 Molesworth St, Tuncester NSW",-28.912948,153.198252
NRIV-00452,"203 Bridge St, Tuncester NSW",-28.916046,153.207973
NRIV-00453,"80 Casino Rd, Tuncester NSW",-28.91265,153.217596
NRIV-00454,"122 Mill Rd, Tuncester NSW",-28.914601,153.228762
NRIV-00455,"74 Pacific Hwy, Tuncester NSW",-28.916047,153.237254
NRIV-00456,"168 Pacific Hwy, Tuncester NSW",-28.912745,153.244025
NRIV-00457,"112 Codrington Rd, Tuncester NSW",-28.915101,153.256197
NRIV-00458,"99 Pacific Hwy, Tuncester NSW",-28.91322,153.265745
NRIV-00459,"128 Pacific Hwy, Bungawalbin NSW",-28.912299,153.273318
NRIV-00460,"206 Richmond Tce, Bungawalbin NSW",-28.912496,153.282577
NRIV-00461,"155 Wyrallah Rd, Bungawalbin NSW",-28.913285,153.289982
NRIV-00462,"21 Pacific Hwy, Bungawalbin NSW",-28.914012,153.300118
NRIV-00463,"155 Wilson St, Bungawalbin NSW",-28.91355,153.309226
NRIV-00464,"90 Molesworth St, Bungawalbin NSW",-28.914489,153.319926
NRIV-00465,"91 Bagotville Rd, Bungawalbin NSW",-28.916024,153.329813
NRIV-00466,"203 River Rd, Bungawalbin NSW",-28.912201,153.336598
NRIV-00467,"94 Casino Rd, Bungawalbin NSW",-28.915893,153.347217
NRIV-00468,"8 Wyrallah Rd, Broadwater NSW",-28.912989,153.356551
NRIV-00469,"113 River Rd, Broadwater NSW",-28.912799,153.365712
NRIV-00470,"166 Pacific Hwy, Broadwater NSW",-28.915689,153.373111
NRIV-00471,"9 Bagotville Rd, Broadwater NSW",-28.914745,153.385131
NRIV-00472,"95 Pacific Hwy, Broadwater NSW",-28.91558,153.3923
NRIV-00473,"36 Casino Rd, Broadwater NSW",-28.914418,153.399974
NRIV-00474,"72 Bridge St, Broadwater NSW",-28.914726,153.410091
NRIV-00475,"48 Molesworth St, Broadwater NSW",-28.912351,153.418104
NRIV-00476,"31 Mill Rd, Tuncester NSW",-28.9038,153.201654
NRIV-00477,"55 Bagotville Rd, Tuncester NSW",-28.902771,153.209983
NRIV-00478,"126 Bridge St, Tuncester NSW",-28.904729,153.219999
NRIV-00479,"116 Wyrallah Rd, Tuncester NSW",-28.90538,153.228911
NRIV-00480,"23 Tuckombil Rd, Tuncester NSW",-28.902276,153.236447
NRIV-00481,"171 Pacific Hwy, Tuncester NSW",-28.902001,153.24778
NRIV-00482,"75 Mill Rd, Tuncester NSW",-28.903033,153.2552
NRIV-00483,"180 Tuckombil Rd, Tuncester NSW",-28.902466,153.265014
NRIV-00484,"58 Richmond Tce, Tuncester NSW",-28.905175,153.272779
NRIV-00485,"61 Molesworth St, Bungawalbin NSW",-28.90193,153.283668
NRIV-00486,"95 Molesworth St, Bungawalbin NSW",-28.905766,153.291883
NRIV-00487,"157 Richmond Tce, Bungawalbin NSW",-28.902656,153.30104
NRIV-00488,"184 Wilson St, Bungawalbin NSW",-28.905608,153.309593
NRIV-00489,"105 Bagotville Rd, Bungawalbin NSW",-28.903956,153.31881
NRIV-00490,"165 Richmond Tce, Bungawalbin NSW",-28.905576,153.330223
NRIV-00491,"89 Wyrallah Rd, Bungawalbin NSW",-28.904071,153.33822
NRIV-00492,"164 Bagotville Rd, Bungawalbin NSW",-28.902359,153.347788
NRIV-00493,"111 Casino Rd, Broadwater NSW",-28.905143,153.357698
NRIV-00494,"32 Casino Rd, Broadwater NSW",-28.902228,153.363222
NRIV-00495,"83 Wilson St, Broadwater NSW",-28.905259,153.372825
NRIV-00496,"133 Mill Rd, Broadwater NSW",-28.904969,153.385123
NRIV-00497,"163 Casino Rd, Broadwater NSW",-28.902487,153.391502
NRIV-00498,"158 Casino Rd, Broadwater NSW",-28.904773,153.402167
NRIV-00499,"152 Bagotville Rd, Broadwater NSW",-28.905497,153.411397
NRIV-00500,"185 Bagotville Rd, Broadwater NSW",-28.905254,153.420635
NRIV-00501,"11 River Rd, Tuncester NSW",-28.894198,153.201696
NRIV-00502,"198 Bagotville Rd, Tuncester NSW",-28.895223,153.210961
NRIV-00503,"147 Codrington Rd, Tuncester NSW",-28.89449,153.217177
NRIV-00504,"161 Casino Rd, Tuncester NSW",-28.893076,153.225621
NRIV-00505,"124 Bridge St, Tuncester NSW",-28.89439,153.238493
NRIV-00506,"77 Molesworth St, Tuncester NSW",-28.89233,153.246573
NRIV-00507,"113 Codrington Rd, Tuncester NSW",-28.895256,153.25324
NRIV-00508,"156 Wyrallah Rd, Tuncester NSW",-28.893611,153.262983
NRIV-00509,"188 Pacific Hwy, Tuncester NSW",-28.894298,153.274207
NRIV-00510,"95 Casino Rd, Tuncester NSW",-28.891647,153.281023
NRIV-00511,"120 Richmond Tce, Bungawalbin NSW",-28.893302,153.290943
NRIV-00512,"25 River Rd, Bungawalbin NSW",-28.894479,153.299825
NRIV-00513,"158 Codrington Rd, Bungawalbin NSW",-28.894388,153.309537
NRIV-00514,"41 Pacific Hwy, Bungawalbin NSW",-28.894555,153.320628
NRIV-00515,"49 Wyrallah Rd, Bungawalbin NSW",-28.891813,153.329218
NRIV-00516,"128 Mill Rd, Bungawalbin NSW",-28.893555,153.337559
NRIV-00517,"101 Casino Rd, Bungawalbin NSW",-28.893559,153.345027
NRIV-00518,"150 Pacific Hwy, Bungawalbin NSW",-28.893719,153.354796
NRIV-00519,"153 Tuckombil Rd, Broadwater NSW",-28.895354,153.364125
NRIV-00520,"3 Richmond Tce, Broadwater NSW",-28.892858,153.37331
NRIV-00521,"187 Pacific Hwy, Broadwater NSW",-28.893825,153.384863
NRIV-00522,"103 River Rd, Broadwater NSW",-28.892493,153.391964
NRIV-00523,"142 Mill Rd, Broadwater NSW",-28.893267,153.400445
NRIV-00524,"196 Casino Rd, Broadwater NSW",-28.895254,153.41085
NRIV-00525,"175 Bagotville Rd, Broadwater NSW",-28.89443,153.421956
NRIV-00526,"101 Pacific Hwy, Tuncester NSW",-28.884751,153.2019
NRIV-00527,"94 Wyrallah Rd, Tuncester NSW",-28.882046,153.208523
NRIV-00528,"129 River Rd, Tuncester NSW",-28.88443,153.21837
NRIV-00529,"86 Molesworth St, Tuncester NSW",-28.885045,153.226048
NRIV-00530,"132 Wyrallah Rd, Tuncester NSW",-28.883148,153.235262
NRIV-00531,"42 Codrington Rd, Tuncester NSW",-28.883914,153.246286
NRIV-00532,"77 Bagotville Rd, Tuncester NSW",-28.881263,153.255957
NRIV-00533,"137 Molesworth St, Tuncester NSW",-28.88388,153.26548
NRIV-00534,"209 River Rd, Tuncester NSW",-28.882391,153.272532
NRIV-00535,"107 Bagotville Rd, South Lismore NSW",-28.883752,153.283195
NRIV-00536,"177 Tuckombil Rd, South Lismore NSW",-28.883995,153.293262
NRIV-00537,"168 Bagotville Rd, South Lismore NSW",-28.885119,153.300732
NRIV-00538,"150 Molesworth St, South Lismore NSW",-28.882915,153.310886
NRIV-00539,"159 Codrington Rd, South Lismore NSW",-28.884544,153.319683
NRIV-00540,"9 Bagotville Rd, South Lismore NSW",-28.884635,153.329056
NRIV-00541,"5 Molesworth St, South Lismore NSW",-28.881433,153.33594
NRIV-00542,"177 Bridge St, South Lismore NSW",-28.883971,153.345272
NRIV-00543,"121 Wilson St, South Lismore NSW",-28.883584,153.356933
NRIV-00544,"133 Bridge St, Broadwater NSW",-28.882316,153.365823
NRIV-00545,"123 Casino Rd, Broadwater NSW",-28.882982,153.376159
NRIV-00546,"118 Casino Rd, Broadwater NSW",-28.883719,153.38516
NRIV-00547,"198 Wilson St, Broadwater NSW",-28.883856,153.391917
NRIV-00548,"68 Bagotville Rd, Broadwater NSW",-28.882503,153.402881
NRIV-00549,"72 Casino Rd, Broadwater NSW",-28.883289,153.412663
NRIV-00550,"77 Mill Rd, Broadwater NSW",-28.884032,153.421766
NRIV-00551,"126 Pacific Hwy, Tuncester NSW",-28.872084,153.200761
NRIV-00552,"204 Wilson St, Tuncester NSW",-28.872984,153.209409
NRIV-00553,"174 Casino Rd, Tuncester NSW",-28.873809,153.216821
NRIV-00554,"210 Pacific Hwy, Tuncester NSW",-28.873384,153.229421
NRIV-00555,"75 River Rd, Tuncester NSW",-28.871085,153.237885
NRIV-00556,"89 Molesworth St, Tuncester NSW",-28.873753,153.24669
NRIV-00557,"55 Bridge St, Tuncester NSW",-28.872279,153.255989
NRIV-00558,"144 Wilson St, South Lismore NSW",-28.871591,153.263251
NRIV-00559,"190 Bagotville Rd, South Lismore NSW",-28.873817,153.27177
NRIV-00560,"136 Bridge St, South Lismore NSW",-28.873946,153.280703
NRIV-00561,"106 Pacific Hwy, South Lismore NSW",-28.872351,153.289877
NRIV-00562,"198 Wyrallah Rd, South Lismore NSW",-28.872034,153.299236
NRIV-00563,"41 Codrington Rd, South Lismore NSW",-28.874883,153.310201
NRIV-00564,"122 Molesworth St, South Lismore NSW",-28.872292,153.320689
NRIV-00565,"74 Pacific Hwy, South Lismore NSW",-28.872301,153.329357
NRIV-00566,"197 Richmond Tce, South Lismore NSW",-28.873762,153.335737
NRIV-00567,"190 Wilson St, South Lismore NSW",-28.872294,153.345596
NRIV-00568,"45 Codrington Rd, South Lismore NSW",-28.871502,153.353983
NRIV-00569,"10 Codrington Rd, South Lismore NSW",-28.871374,153.363703
NRIV-00570,"192 Mill Rd, Broadwater NSW",-28.871751,153.372912
NRIV-00571,"146 Bagotville Rd, Broadwater NSW",-28.871396,153.38137
NRIV-00572,"73 Molesworth St, Broadwater NSW",-28.874474,153.394432
NRIV-00573,"127 Wyrallah Rd, Broadwater NSW",-28.870947,153.40184
NRIV-00574,"50 Richmond Tce, Broadwater NSW",-28.871499,153.410705
NRIV-00575,"166 Mill Rd, Broadwater NSW",-28.87358,153.420924
NRIV-00576,"87 Mill Rd, Tuncester NSW",-28.861706,153.198056
NRIV-00577,"45 Bagotville Rd, Tuncester NSW",-28.86231,153.210196
NRIV-00578,"212 Codrington Rd, Tuncester NSW",-28.861156,153.219922
NRIV-00579,"172 Richmond Tce, Tuncester NSW",-28.86252,153.225847
NRIV-00580,"83 Bridge St, Tuncester NSW",-28.863842,153.235229
NRIV-00581,"115 Mill Rd, Tuncester NSW",-28.864553,153.245368
NRIV-00582,"186 Bagotville Rd, South Lismore NSW",-28.860765,153.254208
NRIV-00583,"178 Bridge St, South Lismore NSW",-28.864535,153.264781
NRIV-00584,"79 Wyrallah Rd, South Lismore NSW",-28.864332,153.271806
NRIV-00585,"181 Mill Rd, South Lismore NSW",-28.862959,153.28251
NRIV-00586,"76 Pacific Hwy, South Lismore NSW",-28.861819,153.292222
NRIV-00587,"35 Molesworth St, South Lismore NSW",-28.862122,153.29971
NRIV-00588,"156 Pacific Hwy, South Lismore NSW",-28.863968,153.310991
NRIV-00589,"121 Casino Rd, South Lismore NSW",-28.862917,153.319364
NRIV-00590,"196 Bridge St, South Lismore NSW",-28.861373,153.329636
NRIV-00591,"202 Richmond Tce, South Lismore NSW",-28.861859,153.337883
NRIV-00592,"93 Richmond Tce, South Lismore NSW",-28.862479,153.346779
NRIV-00593,"213 Casino Rd, South Lismore NSW",-28.860912,153.354282
NRIV-00594,"138 Wyrallah Rd, South Lismore NSW",-28.860969,153.363809
NRIV-00595,"114 Richmond Tce, South Lismore NSW",-28.863922,153.375585
NRIV-00596,"126 Richmond Tce, Broadwater NSW",-28.861859,153.384201
NRIV-00597,"15 Molesworth St, Broadwater NSW",-28.860985,153.392282
NRIV-00598,"145 River Rd, Broadwater NSW",-28.864053,153.401328
NRIV-00599,"79 Wilson St, Broadwater NSW",-28.862345,153.411524
NRIV-00600,"1 Wilson St, Broadwater NSW",-28.864494,153.419018
NRIV-00601,"109 Pacific Hwy, Tuncester NSW",-28.853386,153.198292
NRIV-00602,"16 Richmond Tce, Tuncester NSW",-28.851457,153.209331
NRIV-00603,"74 Codrington Rd, Tuncester NSW",-28.850314,153.218222
NRIV-00604,"165 Wilson St, Tuncester NSW",-28.853538,153.226042
NRIV-00605,"98 Molesworth St, South Lismore NSW",-28.851675,153.236348
NRIV-00606,"97 Richmond Tce, South Lismore NSW",-28.85078,153.24746
NRIV-00607,"139 Wyrallah Rd, South Lismore NSW",-28.851527,153.255647
NRIV-00608,"46 Casino Rd, South Lismore NSW",-28.851644,153.263558
NRIV-00609,"58 River Rd, South Lismore NSW",-28.852686,153.271843
NRIV-00610,"119 Tuckombil Rd, South Lismore NSW",-28.851233,153.284414
NRIV-00611,"98 Bridge St, South Lismore NSW",-28.851382,153.291363
NRIV-00612,"71 Bridge St, South Lismore NSW",-28.853268,153.300218
NRIV-00613,"29 River Rd, South Lismore NSW",-28.850508,153.3109
NRIV-00614,"197 River Rd, South Lismore NSW",-28.85102,153.318844
NRIV-00615,"153 River Rd, South Lismore NSW",-28.853295,153.326602
NRIV-00616,"13 Bridge St, South Lismore NSW",-28.852472,153.338188
NRIV-00617,"60 Casino Rd, South Lismore NSW",-28.851296,153.346276
NRIV-00618,"15 Wyrallah Rd, South Lismore NSW",-28.853389,153.357288
NRIV-00619,"209 Wilson St, South Lismore NSW",-28.852242,153.364157
NRIV-00620,"198 Tuckombil Rd, South Lismore NSW",-28.851954,153.374477
NRIV-00621,"37 Tuckombil Rd, South Lismore NSW",-28.850985,153.382281
NRIV-00622,"71 River Rd, Broadwater NSW",-28.852173,153.392154
NRIV-00623,"189 Wyrallah Rd, Broadwater NSW",-28.852031,153.402033
NRIV-00624,"127 River Rd, Broadwater NSW",-28.851754,153.410542
NRIV-00625,"172 Codrington Rd, Broadwater NSW",-28.850369,153.421766
NRIV-00626,"107 Codrington Rd, Tuncester NSW",-28.840792,153.199275
NRIV-00627,"194 Casino Rd, Tuncester NSW",-28.843339,153.208673
NRIV-00628,"77 Wilson St, South Lismore NSW",-28.842041,153.219731
NRIV-00629,"15 Casino Rd, South Lismore NSW",-28.843358,153.227352
NRIV-00630,"136 Wyrallah Rd, South Lismore NSW",-28.842285,153.236333
NRIV-00631,"85 Tuckombil Rd, South Lismore NSW",-28.842382,153.244853
NRIV-00632,"95 Richmond Tce, South Lismore NSW",-28.843619,153.254799
NRIV-00633,"14 Mill Rd, South Lismore NSW",-28.841793,153.265484
NRIV-00634,"11 Richmond Tce, South Lismore NSW",-28.842427,153.273753
NRIV-00635,"186 Tuckombil Rd, South Lismore NSW",-28.843183,153.283547
NRIV-00636,"86 Mill Rd, South Lismore NSW",-28.8417,153.291584
NRIV-00637,"49 Wilson St, South Lismore NSW",-28.840107,153.298895
NRIV-00638,"123 Bridge St, South Lismore NSW",-28.843466,153.311998
NRIV-00639,"102 Bridge St, South Lismore NSW",-28.841153,153.319982
NRIV-00640,"98 Molesworth St, South Lismore NSW",-28.841727,153.329435
NRIV-00641,"67 Pacific Hwy, South Lismore NSW",-28.841801,153.336937
NRIV-00642,"26 Wilson St, South Lismore NSW",-28.841884,153.346656
NRIV-00643,"53 Pacific Hwy, South Lismore NSW",-28.842058,153.357192
NRIV-00644,"57 Wilson St, South Lismore NSW",-28.842684,153.363183
NRIV-00645,"150 Bagotville Rd, South Lismore NSW",-28.843352,153.37321
NRIV-00646,"51 Pacific Hwy, South Lismore NSW",-28.841055,153.382514
NRIV-00647,"63 Molesworth St, South Lismore NSW",-28.843015,153.392779
NRIV-00648,"87 Mill Rd, Broadwater NSW",-28.841733,153.403441
NRIV-00649,"186 Tuckombil Rd, Broadwater NSW",-28.840882,153.410788
NRIV-00650,"188 Pacific Hwy, Broadwater NSW",-28.840977,153.419843
NRIV-00651,"126 Wyrallah Rd, Tuncester NSW",-28.832936,153.200881
NRIV-00652,"165 River Rd, Lismore NSW",-28.829945,153.209335
NRIV-00653,"20 Tuckombil Rd, South Lismore NSW",-28.831517,153.21969
NRIV-00654,"36 Tuckombil Rd, South Lismore NSW",-28.833419,153.225526
NRIV-00655,"3 Bridge St, South Lismore NSW",-28.832687,153.237495
NRIV-00656,"159 Tuckombil Rd, South Lismore NSW",-28.83159,153.245326
NRIV-00657,"124 Tuckombil Rd, South Lismore NSW",-28.830946,153.255466
NRIV-00658,"142 Codrington Rd, South Lismore NSW",-28.831661,153.262193
NRIV-00659,"71 Casino Rd, South Lismore NSW",-28.833565,153.273451
NRIV-00660,"209 Wilson St, Lismore NSW",-28.829703,153.280569
NRIV-00661,"46 Richmond Tce, South Lismore NSW",-28.830917,153.292891
NRIV-00662,"62 Bridge St, Lismore NSW",-28.829941,153.300931
NRIV-00663,"91 Mill Rd, South Lismore NSW",-28.831134,153.30901
NRIV-00664,"104 Molesworth St, South Lismore NSW",-28.830433,153.317483
NRIV-00665,"58 Mill Rd, South Lismore NSW",-28.831353,153.330294
NRIV-00666,"168 Tuckombil Rd, South Lismore NSW",-28.830877,153.338891
NRIV-00667,"98 Codrington Rd, South Lismore NSW",-28.830575,153.345041
NRIV-00668,"3 Wilson St, South Lismore NSW",-28.831402,153.354058
NRIV-00669,"112 Tuckombil Rd, South Lismore NSW",-28.832927,153.364999
NRIV-00670,"220 Richmond Tce, South Lismore NSW",-28.830475,153.37443
NRIV-00671,"59 Bridge St, South Lismore NSW",-28.830034,153.38501
NRIV-00672,"146 Molesworth St, South Lismore NSW",-28.830008,153.393269
NRIV-00673,"176 Mill Rd, South Lismore NSW",-28.832529,153.403363
NRIV-00674,"9 Wyrallah Rd, South Lismore NSW",-28.830016,153.411087
NRIV-00675,"54 Bagotville Rd, Broadwater NSW",-28.829898,153.419258
NRIV-00676,"211 Codrington Rd, Lismore NSW",-28.822714,153.201283
NRIV-00677,"145 Bridge St, Lismore NSW",-28.819575,153.208364
NRIV-00678,"174 Casino Rd, Lismore NSW",-28.821024,153.219731
NRIV-00679,"36 Wilson St, Lismore NSW",-28.821963,153.228522
NRIV-00680,"89 River Rd, Lismore NSW",-28.820394,153.23667
NRIV-00681,"20 Pacific Hwy, Lismore NSW",-28.8229,153.244762
NRIV-00682,"153 Codrington Rd, Lismore NSW",-28.82087,153.255455
NRIV-00683,"163 Mill Rd, Lismore NSW",-28.819415,153.263472
NRIV-00684,"59 Pacific Hwy, Lismore NSW",-28.820156,153.273136
NRIV-00685,"48 Tuckombil Rd, Lismore NSW",-28.821078,153.282002
NRIV-00686,"198 Bagotville Rd, Lismore NSW",-28.820947,153.291187
NRIV-00687,"19 Richmond Tce, Lismore NSW",-28.822109,153.299819
NRIV-00688,"201 Tuckombil Rd, Lismore NSW",-28.822218,153.30952
NRIV-00689,"93 Richmond Tce, Lismore NSW",-28.822673,153.318725
NRIV-00690,"114 Pacific Hwy, Lismore NSW",-28.822924,153.330105
NRIV-00691,"23 Wyrallah Rd, Lismore NSW",-28.820245,153.335909
NRIV-00692,"132 Codrington Rd, Lismore NSW",-28.821566,153.346895
NRIV-00693,"142 Richmond Tce, Lismore NSW",-28.822877,153.354192
NRIV-00694,"99 River Rd, Lismore NSW",-28.820903,153.366138
NRIV-00695,"22 Wilson St, Lismore NSW",-28.822123,153.373718
NRIV-00696,"63 Bagotville Rd, Lismore NSW",-28.819686,153.384954
NRIV-00697,"44 Wyrallah Rd, Lismore NSW",-28.821206,153.393241
NRIV-00698,"38 Richmond Tce, Lismore NSW",-28.822215,153.40074
NRIV-00699,"77 Molesworth St, Lismore NSW",-28.822621,153.409937
NRIV-00700,"64 Wilson St, Lismore NSW",-28.82016,153.419444
NRIV-00701,"51 Molesworth St, Lismore NSW",-28.810468,153.200375
NRIV-00702,"102 Pacific Hwy, Lismore NSW",-28.81254,153.208385
NRIV-00703,"85 Molesworth St, Lismore NSW",-28.809601,153.217853
NRIV-00704,"167 Bagotville Rd, Lismore NSW",-28.811629,153.228762
NRIV-00705,"178 Bridge St, Lismore NSW",-28.812423,153.235949
NRIV-00706,"102 Pacific Hwy, Lismore NSW",-28.811052,153.244544
NRIV-00707,"126 Bagotville Rd, Lismore NSW",-28.811802,153.25578
NRIV-00708,"72 Codrington Rd, Lismore NSW",-28.80984,153.26347
NRIV-00709,"52 Bagotville Rd, Lismore NSW",-28.811508,153.275062
NRIV-00710,"197 Casino Rd, Lismore NSW",-28.808979,153.28122
NRIV-00711,"182 Bridge St, Lismore NSW",-28.81286,153.292576
NRIV-00712,"178 Richmond Tce, Lismore NSW",-28.811214,153.299999
NRIV-00713,"105 Tuckombil Rd, Lismore NSW",-28.809692,153.311183
NRIV-00714,"62 Mill Rd, Lismore NSW",-28.810971,153.3197
NRIV-00715,"203 Codrington Rd, Lismore NSW",-28.810333,153.329194
NRIV-00716,"123 Bagotville Rd, Lismore NSW",-28.812672,153.339463
NRIV-00717,"178 Codrington Rd, Lismore NSW",-28.811365,153.346693
NRIV-00718,"93 Wilson St, Lismore NSW",-28.810793,153.356996
NRIV-00719,"164 Richmond Tce, Lismore NSW",-28.809386,153.365148
NRIV-00720,"171 Pacific Hwy, Lismore NSW",-28.81253,153.37316
NRIV-00721,"145 Tuckombil Rd, Lismore NSW",-28.812302,153.383784
NRIV-00722,"193 Pacific Hwy, Lismore NSW",-28.810258,153.392098
NRIV-00723,"3 Richmond Tce, Lismore NSW",-28.809105,153.401388
NRIV-00724,"133 Casino Rd, Lismore NSW",-28.811933,153.410876
NRIV-00725,"115 Pacific Hwy, Lismore NSW",-28.810646,153.420301
NRIV-00726,"151 Wilson St, Lismore NSW",-28.801081,153.201089
NRIV-00727,"7 Molesworth St, Lismore NSW",-28.800643,153.208547
NRIV-00728,"22 Richmond Tce, Lismore NSW",-28.802227,153.217997
NRIV-00729,"90 Mill Rd, Lismore NSW",-28.79932,153.228421
NRIV-00730,"134 Molesworth St, Lismore NSW",-28.801273,153.237804
NRIV-00731,"185 Wilson St, Lismore NSW",-28.801252,153.244224
NRIV-00732,"12 Wilson St, Lismore NSW",-28.800835,153.253269
NRIV-00733,"166 Richmond Tce, Lismore NSW",-28.802185,153.265563
NRIV-00734,"190 Bridge St, Lismore NSW",-28.799937,153.271991
NRIV-00735,"85 Casino Rd, Lismore NSW",-28.800581,153.282708
NRIV-00736,"205 Codrington Rd, Lismore NSW",-28.80094,153.291515
NRIV-00737,"169 Codrington Rd, Lismore NSW",-28.800126,153.299579
NRIV-00738,"51 Molesworth St, Lismore NSW",-28.801063,153.31095
NRIV-00739,"181 Bridge St, Lismore NSW",-28.800276,153.318722
NRIV-00740,"208 Richmond Tce, Lismore NSW",-28.801822,153.329343
NRIV-00741,"138 Wyrallah Rd, Lismore NSW",-28.800336,153.338698
NRIV-00742,"30 Mill Rd, Lismore NSW",-28.801182,153.345455
NRIV-00743,"164 Pacific Hwy, Lismore NSW",-28.799962,153.355791
NRIV-00744,"151 Richmond Tce, Lismore NSW",-28.800257,153.365445
NRIV-00745,"159 Wyrallah Rd, Lismore NSW",-28.801253,153.375549
NRIV-00746,"77 Bagotville Rd, Lismore NSW",-28.79939,153.384157
NRIV-00747,"81 Richmond Tce, Lismore NSW",-28.800284,153.393188
NRIV-00748,"96 Wilson St, Lismore NSW",-28.801691,153.400134
NRIV-00749,"153 Wyrallah Rd, Lismore NSW",-28.80208,153.410387
NRIV-00750,"125 Tuckombil Rd, Lismore NSW",-28.800346,153.419692
NRIV-00751,"45 Casino Rd, Lismore NSW",-28.790173,153.201677
NRIV-00752,"48 Pacific Hwy, Lismore NSW",-28.791655,153.208322
NRIV-00753,"92 River Rd, Lismore NSW",-28.788955,153.218811
NRIV-00754,"99 Casino Rd, Lismore NSW",-28.790384,153.226281
NRIV-00755,"176 Molesworth St, Lismore NSW",-28.790301,153.236647
NRIV-00756,"126 Wyrallah Rd, Lismore NSW",-28.79066,153.247193
NRIV-00757,"195 Bridge St, Lismore NSW",-28.791992,153.253123
NRIV-00758,"138 Mill Rd, Lismore NSW",-28.791154,153.263266
NRIV-00759,"191 Molesworth St, Lismore NSW",-28.79165,153.273163
NRIV-00760,"30 Mill Rd, Lismore NSW",-28.790124,153.280953
NRIV-00761,"94 Casino Rd, Lismore NSW",-28.789222,153.29296
NRIV-00762,"185 Molesworth St, Lismore NSW",-28.789032,153.299
NRIV-00763,"27 Wilson St, Lismore NSW",-28.790137,153.311959
NRIV-00764,"77 River Rd, Lismore NSW",-28.789002,153.320172
NRIV-00765,"210 Richmond Tce, Lismore NSW",-28.790524,153.327728
NRIV-00766,"199 Bridge St, Lismore NSW",-28.790566,153.339476
NRIV-00767,"177 Pacific Hwy, Lismore NSW",-28.791483,153.347617
NRIV-00768,"110 Wyrallah Rd, Lismore NSW",-28.788878,153.356274
NRIV-00769,"209 Bridge St, Lismore NSW",-28.789858,153.366139
NRIV-00770,"137 Mill Rd, Lismore NSW",-28.789101,153.374447
NRIV-00771,"181 Mill Rd, Lismore NSW",-28.789935,153.382007
NRIV-00772,"220 Casino Rd, Lismore NSW",-28.791165,153.391569
NRIV-00773,"25 Wyrallah Rd, Lismore NSW",-28.788381,153.402384
NRIV-00774,"16 Mill Rd, Lismore NSW",-28.788471,153.411976
NRIV-00775,"34 Bridge St, Lismore NSW",-28.788854,153.418508
NRIV-00776,"64 Tuckombil Rd, Lismore NSW",-28.781415,153.199288
NRIV-00777,"162 Mill Rd, Lismore NSW",-28.780429,153.207735
NRIV-00778,"20 Tuckombil Rd, Lismore NSW",-28.779489,153.217834
NRIV-00779,"104 Casino Rd, Lismore NSW",-28.778822,153.228576
NRIV-00780,"95 Molesworth St, Lismore NSW",-28.779001,153.237445
NRIV-00781,"1 Wilson St, Lismore NSW",-28.778199,153.245142
NRIV-00782,"163 Tuckombil Rd, Lismore NSW",-28.781627,153.256889
NRIV-00783,"204 Casino Rd, Lismore NSW",-28.779211,153.265567
NRIV-00784,"212 Bridge St, Lismore NSW",-28.780409,153.275206
NRIV-00785,"73 Pacific Hwy, Lismore NSW",-28.780021,153.281791
NRIV-00786,"219 Molesworth St, Lismore NSW",-28.779811,153.290189
NRIV-00787,"196 River Rd, Lismore NSW",-28.778847,153.30241
NRIV-00788,"215 Molesworth St, Lismore NSW",-28.781816,153.310505
NRIV-00789,"41 Molesworth St, Lismore NSW",-28.781935,153.320884
NRIV-00790,"110 Bridge St, Lismore NSW",-28.780174,153.330301
NRIV-00791,"167 Mill Rd, Lismore NSW",-28.778017,153.339138
NRIV-00792,"71 Richmond Tce, Lismore NSW",-28.781364,153.348398
NRIV-00793,"96 Tuckombil Rd, Lismore NSW",-28.779382,153.354835
NRIV-00794,"102 Tuckombil Rd, Lismore NSW",-28.778385,153.363662
NRIV-00795,"60 Codrington Rd, Lismore NSW",-28.780778,153.374964
NRIV-00796,"1 Bridge St, Lismore NSW",-28.779378,153.384148
NRIV-00797,"58 Casino Rd, Lismore NSW",-28.780093,153.391031
NRIV-00798,"179 Pacific Hwy, Lismore NSW",-28.77928,153.399704
NRIV-00799,"109 Wilson St, Lismore NSW",-28.778732,153.412786
NRIV-00800,"99 Richmond Tce, Lismore NSW",-28.781471,153.418283
