property_id,address,latitude,longitude,pct_flooded,max_depth_ft,urban_flag,optical_available,optical_water_pct,wse_spread_ft,rel_elev_ft,dem_resolution_m,depth_lower_ft,depth_upper_ft,depth_ci_ft
NRIV-00001,"71 Bridge St, Coraki NSW",-29.099442,153.1981,0.0,0.0,0,0,0.0,0.0,26.174,30,0.0,0.0,0.0
NRIV-00002,"174 Wilson St, Coraki NSW",-29.101107,153.210113,0.0,0.0,0,0,0.0,0.0,24.216,30,0.0,0.0,0.0
NRIV-00003,"109 River Rd, Coraki NSW",-29.098431,153.216681,0.0,0.0,0,0,0.0,0.0,34.883,30,0.0,0.0,0.0
NRIV-00004,"130 Bagotville Rd, Coraki NSW",-29.101881,153.226375,0.0,0.0,0,0,0.0,0.0,24.149,30,0.0,0.0,0.0
NRIV-00005,"167 Wilson St, Coraki NSW",-29.101894,153.235462,0.0,0.0,0,0,0.0,0.0,59.695,30,0.0,0.0,0.0
NRIV-00006,"151 Mill Rd, Coraki NSW",-29.09982,153.244715,0.0,0.0,0,0,0.0,0.0,127.403,30,0.0,0.0,0.0
NRIV-00007,"207 Wyrallah Rd, Coraki NSW",-29.098762,153.253026,0.0,0.0,0,0,0.0,0.0,106.225,30,0.0,0.0,0.0
NRIV-00008,"40 Bridge St, Coraki NSW",-29.099207,153.263528,0.0,0.0,0,0,0.0,0.0,61.852,30,0.0,0.0,0.0
NRIV-00009,"24 Codrington Rd, Coraki NSW",-29.098171,153.27268,0.0,0.0,0,0,0.0,0.0,29.634,30,0.0,0.0,0.0
NRIV-00010,"155 Mill Rd, Woodburn NSW",-29.101613,153.28389,0.3393,1.74,0,0,0.0,0.775,10.436,30,0.0,20.0,19.69
NRIV-00011,"138 Richmond Tce, Woodburn NSW",-29.098771,153.292586,0.0,0.0,0,0,0.0,0.0,26.705,30,0.0,0.0,0.0
NRIV-00012,"142 Mill Rd, Woodburn NSW",-29.098108,153.300347,1.0,6.36,0,0,0.0,2.398,2.169,30,0.0,20.0,19.72
NRIV-00013,"93 Bagotville Rd, Woodburn NSW",-29.098682,153.310474,1.0,3.18,0,0,0.0,1.095,1.117,30,0.0,20.0,19.69
NRIV-00014,"170 Bridge St, Woodburn NSW",-29.101231,153.317445,0.9968,6.25,0,1,1.0,2.972,4.542,30,0.0,20.0,19.74
NRIV-00015,"219 Bridge St, Woodburn NSW",-29.098908,153.330274,0.5258,2.54,0,0,0.0,0.487,6.926,30,0.0,20.0,19.69
NRIV-00016,"117 Tuckombil Rd, Woodburn NSW",-29.098534,153.337021,0.0,0.0,0,0,0.0,0.0,82.106,30,0.0,0.0,0.0
NRIV-00017,"91 Bridge St, Woodburn NSW",-29.098664,153.345317,0.0,0.0,0,0,0.0,0.0,94.29,30,0.0,0.0,0.0
NRIV-00018,"175 Tuckombil Rd, Woodburn NSW",-29.099319,153.356641,0.0,0.0,0,1,0.1011,0.0,33.96,30,0.0,0.0,0.0
NRIV-00019,"137 Wilson St, Woodburn NSW",-29.101714,153.36554,0.0,0.0,0,0,0.0,0.0,58.641,30,0.0,0.0,0.0
NRIV-00020,"70 Tuckombil Rd, Woodburn NSW",-29.101021,153.374016,0.0,0.0,0,0,0.0,0.0,33.348,30,0.0,0.0,0.0
NRIV-00021,"84 River Rd, Woodburn NSW",-29.099247,153.382212,0.0,0.0,0,1,0.0,0.0,110.879,30,0.0,0.0,0.0
NRIV-00022,"81 Codrington Rd, Woodburn NSW",-29.101084,153.390628,0.0,0.0,0,1,0.0,0.0,48.544,30,0.0,0.0,0.0
NRIV-00023,"146 Wilson St, Woodburn NSW",-29.100929,153.400511,0.0,0.0,0,1,0.0,0.0,47.528,30,0.0,0.0,0.0
NRIV-00024,"102 Tuckombil Rd, Woodburn NSW",-29.100741,153.411455,0.0,0.0,0,0,0.0,0.0,7.187,30,0.0,0.0,0.0
NRIV-00025,"64 Wilson St, Woodburn NSW",-29.100165,153.41906,0.1024,0.0,0,0,0.0,0.0,2.148,30,0.0,0.0,0.0
NRIV-00026,"150 Codrington Rd, Coraki NSW",-29.089432,153.199051,0.5199,1.67,0,0,0.0,0.795,2.87,30,0.0,20.0,19.69
NRIV-00027,"57 Wyrallah Rd, Coraki NSW",-29.088086,153.208764,0.0,0.0,0,0,0.0,0.0,15.836,30,0.0,0.0,0.0
NRIV-00028,"13 Richmond Tce, Coraki NSW",-29.089639,153.216697,0.0,0.0,0,0,0.0,0.0,57.085,30,0.0,0.0,0.0
NRIV-00029,"175 Codrington Rd, Coraki NSW",-29.091066,153.22614,0.0,0.0,0,0,0.0,0.0,42.562,30,0.0,0.0,0.0
NRIV-00030,"153 Molesworth St, Coraki NSW",-29.089292,153.236206,1.0,5.33,0,0,0.0,1.944,5.628,30,0.0,20.0,19.71
NRIV-00031,"3 Tuckombil Rd, Coraki NSW",-29.089561,153.247718,0.0,0.0,0,0,0.0,0.0,108.926,30,0.0,0.0,0.0
NRIV-00032,"138 Mill Rd, Coraki NSW",-29.088795,153.255727,0.0,0.0,0,0,0.0,0.0,136.904,30,0.0,0.0,0.0
NRIV-00033,"76 Codrington Rd, Coraki NSW",-29.088603,153.263527,0.0,0.0,0,0,0.0,0.0,33.398,30,0.0,0.0,0.0
NRIV-00034,"185 Wilson St, Coraki NSW",-29.091045,153.271346,0.0,0.0,0,0,0.0,0.0,9.895,30,0.0,0.0,0.0
NRIV-00035,"46 Casino Rd, Woodburn NSW",-29.090624,153.282502,1.0,4.05,0,0,0.0,1.257,1.457,30,0.0,20.0,19.7
NRIV-00036,"77 Tuckombil Rd, Woodburn NSW",-29.088027,153.293149,1.0,3.25,0,0,0.0,1.359,1.301,30,0.0,20.0,19.7
NRIV-00037,"96 Wyrallah Rd, Woodburn NSW",-29.089647,153.299629,0.9937,2.42,0,0,0.0,2.964,8.701,30,0.0,20.0,19.74
NRIV-00038,"136 River Rd, Woodburn NSW",-29.08952,153.311115,1.0,5.7,0,0,0.0,1.898,2.009,30,0.0,20.0,19.71
NRIV-00039,"29 Pacific Hwy, Woodburn NSW",-29.089282,153.319121,1.0,9.33,0,0,0.0,3.307,2.973,30,0.0,20.0,19.75
NRIV-00040,"79 Bridge St, Woodburn NSW",-29.088163,153.32966,1.0,5.01,0,0,0.0,1.608,4.101,30,0.0,20.0,19.7
NRIV-00041,"21 Richmond Tce, Woodburn NSW",-29.091446,153.339012,0.3024,3.92,0,0,0.0,0.385,6.815,30,0.0,20.0,19.69
NRIV-00042,"195 Casino Rd, Woodburn NSW",-29.08875,153.347931,0.0,0.0,0,0,0.0,0.0,51.316,30,0.0,0.0,0.0
NRIV-00043,"122 Casino Rd, Woodburn NSW",-29.088614,153.354347,0.0438,1.67,0,0,0.0,0.383,15.92,30,0.0,20.0,19.69
NRIV-00044,"156 Codrington Rd, Woodburn NSW",-29.091017,153.365111,1.0,3.58,0,1,1.0,1.373,1.949,30,0.0,20.0,19.7
NRIV-00045,"194 Wilson St, Woodburn NSW",-29.08782,153.375882,0.0,0.0,0,0,0.0,0.0,33.728,30,0.0,0.0,0.0
NRIV-00046,"103 Tuckombil Rd, Woodburn NSW",-29.088918,153.384185,0.0,0.0,0,0,0.0,0.0,22.821,30,0.0,0.0,0.0
NRIV-00047,"133 Molesworth St, Woodburn NSW",-29.089078,153.392252,0.0,0.0,0,1,0.2735,0.0,20.757,30,0.0,0.0,0.0
NRIV-00048,"87 River Rd, Woodburn NSW",-29.091193,153.400565,0.0,0.0,0,1,0.0,0.0,6.853,30,0.0,0.0,0.0
NRIV-00049,"57 River Rd, Woodburn NSW",-29.089324,153.409754,0.0,0.0,0,0,0.0,0.0,2.405,30,0.0,0.0,0.0
NRIV-00050,"59 Richmond Tce, Woodburn NSW",-29.091393,153.420524,0.0,0.0,0,0,0.0,0.0,6.039,30,0.0,0.0,0.0
NRIV-00051,"19 Casino Rd, Coraki NSW",-29.077733,153.201439,1.0,13.8,0,0,0.0,4.205,5.167,30,0.0,20.0,19.8
NRIV-00052,"55 Casino Rd, Coraki NSW",-29.080403,153.209843,0.0,0.0,0,0,0.0,0.0,25.674,30,0.0,0.0,0.0
NRIV-00053,"147 Bagotville Rd, Coraki NSW",-29.080826,153.220075,0.0,0.0,0,0,0.0,0.0,12.66,30,0.0,0.0,0.0
NRIV-00054,"207 Codrington Rd, Coraki NSW",-29.079464,153.228638,0.0,0.0,0,0,0.0,0.0,25.188,30,0.0,0.0,0.0
NRIV-00055,"111 Pacific Hwy, Coraki NSW",-29.080593,153.235054,0.0,0.0,0,0,0.0,0.0,28.273,30,0.0,0.0,0.0
NRIV-00056,"187 River Rd, Coraki NSW",-29.079661,153.245701,1.0,2.12,0,0,0.0,1.244,3.042,30,0.0,20.0,19.69
NRIV-00057,"26 River Rd, Coraki NSW",-29.078661,153.256937,0.0063,0.0,0,0,0.0,0.0,25.309,30,0.0,0.0,0.0
NRIV-00058,"28 Bridge St, Coraki NSW",-29.079744,153.263524,0.0,0.0,0,0,0.0,0.0,47.145,30,0.0,0.0,0.0
NRIV-00059,"36 Codrington Rd, Coraki NSW",-29.080588,153.273478,0.0,0.0,0,0,0.0,0.0,46.075,30,0.0,0.0,0.0
NRIV-00060,"20 Molesworth St, Coraki NSW",-29.080621,153.282351,1.0,2.62,0,0,0.0,1.385,3.906,30,0.0,20.0,19.7
NRIV-00061,"26 River Rd, Woodburn NSW",-29.078123,153.293091,1.0,2.99,0,0,0.0,1.062,1.281,30,0.0,20.0,19.69
NRIV-00062,"4 Richmond Tce, Woodburn NSW",-29.078746,153.300996,0.8635,4.38,0,0,0.0,2.482,6.547,30,0.0,20.0,19.72
NRIV-00063,"43 Codrington Rd, Woodburn NSW",-29.077649,153.311395,0.0968,4.76,0,0,0.0,0.25,11.678,30,0.0,20.0,19.69
NRIV-00064,"103 River Rd, Woodburn NSW",-29.079412,153.318022,1.0,2.78,0,0,0.0,3.636,11.088,30,0.0,20.0,19.77
NRIV-00065,"100 Mill Rd, Woodburn NSW",-29.080696,153.326342,0.8567,3.67,0,0,0.0,2.06,8.261,30,0.0,20.0,19.71
NRIV-00066,"74 Codrington Rd, Woodburn NSW",-29.077649,153.338641,0.3243,4.05,0,0,0.0,1.058,8.255,30,0.0,20.0,19.69
NRIV-00067,"201 Casino Rd, Woodburn NSW",-29.078568,153.347589,1.0,4.03,0,0,0.0,1.483,2.133,30,0.0,20.0,19.7
NRIV-00068,"49 Mill Rd, Woodburn NSW",-29.078707,153.35578,0.7957,4.45,0,0,0.0,1.664,2.752,30,0.0,20.0,19.7
NRIV-00069,"189 Casino Rd, Woodburn NSW",-29.080484,153.363234,0.5967,2.87,0,1,0.9941,1.544,7.298,30,0.0,20.0,19.7
NRIV-00070,"13 Bagotville Rd, Woodburn NSW",-29.081111,153.373421,0.0,0.0,0,0,0.0,0.0,29.211,30,0.0,0.0,0.0
NRIV-00071,"136 Wyrallah Rd, Woodburn NSW",-29.079448,153.385011,0.0,0.0,0,0,0.0,0.0,37.933,30,0.0,0.0,0.0
NRIV-00072,"218 Wyrallah Rd, Woodburn NSW",-29.081127,153.392531,0.0,0.0,0,0,0.0,0.0,6.912,30,0.0,0.0,0.0
NRIV-00073,"61 Codrington Rd, Woodburn NSW",-29.081081,153.399939,0.0,0.0,0,0,0.0,0.0,5.252,30,0.0,0.0,0.0
NRIV-00074,"64 Bagotville Rd, Woodburn NSW",-29.080875,153.412394,0.0,0.0,0,0,0.0,0.0,3.084,30,0.0,0.0,0.0
NRIV-00075,"108 Tuckombil Rd, Woodburn NSW",-29.078977,153.420478,0.0,0.0,0,0,0.0,0.0,12.483,30,0.0,0.0,0.0
NRIV-00076,"67 Bridge St, Coraki NSW",-29.068698,153.200091,0.0,0.0,0,0,0.0,0.0,90.832,30,0.0,0.0,0.0
NRIV-00077,"68 Codrington Rd, Coraki NSW",-29.068353,153.208423,0.0,0.0,0,0,0.0,0.0,140.584,30,0.0,0.0,0.0
NRIV-00078,"118 Pacific Hwy, Coraki NSW",-29.070509,153.218915,0.0,0.0,0,0,0.0,0.0,92.912,30,0.0,0.0,0.0
NRIV-00079,"3 Molesworth St, Coraki NSW",-29.067316,153.229243,0.0,0.0,0,0,0.0,0.0,38.624,30,0.0,0.0,0.0
NRIV-00080,"26 Richmond Tce, Coraki NSW",-29.068548,153.236919,0.0469,7.33,0,0,0.0,0.181,12.432,30,0.0,20.0,19.69
NRIV-00081,"34 Pacific Hwy, Coraki NSW",-29.068882,153.245857,0.0712,2.62,0,0,0.0,0.715,10.707,30,0.0,20.0,19.69
NRIV-00082,"95 Mill Rd, Coraki NSW",-29.067509,153.256517,0.6511,4.11,0,0,0.0,1.443,10.274,30,0.0,20.0,19.7
NRIV-00083,"181 Mill Rd, Coraki NSW",-29.070401,153.265502,0.0,0.0,0,0,0.0,0.0,160.137,30,0.0,0.0,0.0
NRIV-00084,"168 Casino Rd, Coraki NSW",-29.068586,153.275282,1.0,2.46,0,0,0.0,1.707,5.159,30,0.0,20.0,19.7
NRIV-00085,"77 Tuckombil Rd, Coraki NSW",-29.071001,153.283768,1.0,4.0,0,0,0.0,1.249,1.855,30,0.0,20.0,19.69
NRIV-00086,"68 Richmond Tce, Woodburn NSW",-29.070618,153.293179,1.0,4.73,0,0,0.0,1.951,4.896,30,0.0,20.0,19.71
NRIV-00087,"40 Mill Rd, Woodburn NSW",-29.067473,153.301803,0.9058,2.14,0,0,0.0,2.742,11.721,30,0.0,20.0,19.73
NRIV-00088,"88 Bridge St, Woodburn NSW",-29.069905,153.308843,1.0,2.79,0,0,0.0,1.869,5.684,30,0.0,20.0,19.71
NRIV-00089,"130 Molesworth St, Woodburn NSW",-29.068282,153.320578,1.0,2.85,0,0,0.0,1.101,1.503,30,0.0,20.0,19.69
NRIV-00090,"14 Richmond Tce, Woodburn NSW",-29.070028,153.329966,0.8627,5.24,0,0,0.0,2.884,6.997,30,0.0,20.0,19.74
NRIV-00091,"12 River Rd, Woodburn NSW",-29.068495,153.338817,0.101,0.76,0,0,0.0,0.018,13.532,30,0.0,20.0,19.69
NRIV-00092,"68 Wyrallah Rd, Woodburn NSW",-29.069698,153.34519,0.0,0.0,0,0,0.0,0.0,0.0,30,0.0,0.0,0.0
NRIV-00093,"110 Casino Rd, Woodburn NSW",-29.068067,153.35604,1.0,4.53,0,0,0.0,2.59,7.429,30,0.0,20.0,19.73
NRIV-00094,"177 Wyrallah Rd, Woodburn NSW",-29.070994,153.363301,0.9222,6.69,0,0,0.0,2.107,1.98,30,0.0,20.0,19.71
NRIV-00095,"150 Casino Rd, Woodburn NSW",-29.06885,153.375505,1.0,4.47,0,1,1.0,2.238,4.864,30,0.0,20.0,19.72
NRIV-00096,"79 Pacific Hwy, Woodburn NSW",-29.07044,153.381843,0.0,0.0,0,0,0.0,0.0,49.877,30,0.0,0.0,0.0
NRIV-00097,"11 Pacific Hwy, Woodburn NSW",-29.067436,153.393684,0.0,0.0,0,0,0.0,0.126,1.345,30,0.0,0.0,0.0
NRIV-00098,"27 Pacific Hwy, Woodburn NSW",-29.070192,153.400665,0.0,0.0,0,0,0.0,0.0,2.571,30,0.0,0.0,0.0
NRIV-00099,"105 Bagotville Rd, Woodburn NSW",-29.067912,153.41237,0.0,0.0,0,1,0.0,0.0,2.778,30,0.0,0.0,0.0
NRIV-00100,"61 Wyrallah Rd, Woodburn NSW",-29.068034,153.421703,0.0,0.0,0,0,0.0,0.0,2.099,30,0.0,0.0,0.0
NRIV-00101,"106 River Rd, Coraki NSW",-29.056805,153.201243,0.0,0.0,0,0,0.0,0.0,47.743,30,0.0,0.0,0.0
NRIV-00102,"201 Codrington Rd, Coraki NSW",-29.059992,153.210865,0.0,0.0,0,0,0.0,0.0,45.09,30,0.0,0.0,0.0
NRIV-00103,"208 Bridge St, Coraki NSW",-29.057501,153.21979,0.0,0.0,0,0,0.0,0.0,21.013,30,0.0,0.0,0.0
NRIV-00104,"28 Codrington Rd, Coraki NSW",-29.059642,153.228649,0.0,0.0,0,0,0.0,0.0,44.681,30,0.0,0.0,0.0
NRIV-00105,"57 Bridge St, Coraki NSW",-29.057221,153.238101,0.6011,1.58,0,0,0.0,0.722,9.735,30,0.0,20.0,19.69
NRIV-00106,"79 Bridge St, Coraki NSW",-29.057443,153.245675,1.0,1.5,0,0,0.0,0.708,1.936,30,0.0,20.0,19.69
NRIV-00107,"103 Pacific Hwy, Coraki NSW",-29.059818,153.25564,0.6854,1.58,0,0,0.0,1.323,9.035,30,0.0,20.0,19.7
NRIV-00108,"198 Mill Rd, Coraki NSW",-29.059595,153.262444,1.0,3.94,0,0,0.0,1.264,1.31,30,0.0,20.0,19.7
NRIV-00109,"174 Casino Rd, Coraki NSW",-29.059305,153.273371,0.0,0.0,0,0,0.0,0.072,16.325,30,0.0,0.0,0.0
NRIV-00110,"67 Wyrallah Rd, Coraki NSW",-29.059385,153.28061,0.0,0.0,0,0,0.0,0.0,23.203,30,0.0,0.0,0.0
NRIV-00111,"10 Richmond Tce, Coraki NSW",-29.058387,153.293601,0.0867,16.83,0,0,0.0,0.392,0.008,30,0.0,20.0,19.69
NRIV-00112,"202 Pacific Hwy, Woodburn NSW",-29.058323,153.300216,0.7607,15.98,0,0,0.0,2.274,0.595,30,0.0,20.0,19.72
NRIV-00113,"30 Codrington Rd, Woodburn NSW",-29.058964,153.311937,0.0,0.0,0,0,0.0,0.0,9.611,30,0.0,0.0,0.0
NRIV-00114,"12 Wilson St, Woodburn NSW",-29.057112,153.317927,1.0,3.08,0,0,0.0,1.681,4.27,30,0.0,20.0,19.7
NRIV-00115,"207 Casino Rd, Woodburn NSW",-29.058965,153.328413,0.0901,9.66,0,0,0.0,0.369,0.001,30,0.0,20.0,19.69
NRIV-00116,"189 Tuckombil Rd, Woodburn NSW",-29.057962,153.339261,0.8985,2.03,0,0,0.0,1.328,5.477,30,0.0,20.0,19.7
NRIV-00117,"171 Pacific Hwy, Woodburn NSW",-29.059922,153.346392,1.0,4.89,0,0,0.0,2.139,1.741,30,0.0,20.0,19.71
NRIV-00118,"32 Wilson St, Woodburn NSW",-29.058217,153.356487,1.0,5.25,0,0,0.0,1.914,2.946,30,0.0,20.0,19.71
NRIV-00119,"171 Codrington Rd, Woodburn NSW",-29.057109,153.365028,1.0,4.95,0,0,0.0,1.779,4.164,30,0.0,20.0,19.71
NRIV-00120,"142 Wyrallah Rd, Woodburn NSW",-29.059405,153.374956,0.3636,11.62,0,0,0.0,0.776,6.922,30,0.0,20.0,19.69
NRIV-00121,"98 Tuckombil Rd, Woodburn NSW",-29.059942,153.383993,0.0,0.0,1,0,0.0,0.0,128.432,30,0.0,0.0,0.0
NRIV-00122,"146 Mill Rd, Woodburn NSW",-29.057717,153.391196,0.7891,2.33,0,0,0.0,1.275,5.212,30,0.0,20.0,19.7
NRIV-00123,"78 Mill Rd, Woodburn NSW",-29.059085,153.403002,0.0,0.0,0,0,0.0,0.0,6.697,30,0.0,0.0,0.0
NRIV-00124,"156 Tuckombil Rd, Woodburn NSW",-29.059869,153.411976,0.0,0.0,0,0,0.0,0.0,1.042,30,0.0,0.0,0.0
NRIV-00125,"173 Bridge St, Woodburn NSW",-29.059421,153.419767,0.0,0.0,0,0,0.0,0.0,8.245,30,0.0,0.0,0.0
NRIV-00126,"204 Wilson St, Coraki NSW",-29.048342,153.201175,0.0,0.0,0,0,0.0,0.0,35.387,30,0.0,0.0,0.0
NRIV-00127,"132 Tuckombil Rd, Coraki NSW",-29.049708,153.207506,0.0,0.0,0,0,0.0,0.0,29.015,30,0.0,0.0,0.0
NRIV-00128,"210 Bridge St, Coraki NSW",-29.047855,153.217674,0.0,0.0,0,0,0.0,0.0,13.939,30,0.0,0.0,0.0
NRIV-00129,"51 Wyrallah Rd, Coraki NSW",-29.047696,153.226399,0.0,0.0,0,0,0.0,0.0,42.086,30,0.0,0.0,0.0
NRIV-00130,"122 Bagotville Rd, Coraki NSW",-29.050289,153.235646,1.0,5.96,0,0,0.0,2.479,3.03,30,0.0,20.0,19.72
NRIV-00131,"107 Tuckombil Rd, Coraki NSW",-29.046988,153.244125,0.6085,4.54,0,0,0.0,1.244,17.207,30,0.0,20.0,19.69
NRIV-00132,"99 Molesworth St, Coraki NSW",-29.048084,153.255873,1.0,2.84,0,0,0.0,1.686,6.575,30,0.0,20.0,19.7
NRIV-00133,"177 River Rd, Coraki NSW",-29.048788,153.262757,1.0,2.21,0,0,0.0,0.899,2.655,30,0.0,20.0,19.69
NRIV-00134,"28 Codrington Rd, Coraki NSW",-29.046816,153.274775,0.8197,5.63,0,0,0.0,1.997,2.608,30,0.0,20.0,19.71
NRIV-00135,"179 Casino Rd, Coraki NSW",-29.049512,153.283716,1.0,4.05,0,0,0.0,1.072,2.973,30,0.0,20.0,19.69
NRIV-00136,"218 Richmond Tce, Coraki NSW",-29.048529,153.291896,0.7487,5.77,0,0,0.0,2.448,9.992,30,0.0,20.0,19.72
NRIV-00137,"171 Casino Rd, Coraki NSW",-29.048561,153.302039,1.0,7.35,0,0,0.0,3.251,4.439,30,0.0,20.0,19.75
NRIV-00138,"194 Molesworth St, Woodburn NSW",-29.046436,153.310382,1.0,3.79,0,0,0.0,2.105,6.057,30,0.0,20.0,19.71
NRIV-00139,"130 Codrington Rd, Woodburn NSW",-29.047936,153.320044,0.5139,2.84,0,0,0.0,2.731,13.403,30,0.0,20.0,19.73
NRIV-00140,"41 Wilson St, Woodburn NSW",-29.047065,153.328525,1.0,2.73,0,0,0.0,2.02,3.441,30,0.0,20.0,19.71
NRIV-00141,"193 Bridge St, Woodburn NSW",-29.046941,153.3373,0.7431,5.02,0,0,0.0,1.539,8.273,30,0.0,20.0,19.7
NRIV-00142,"200 Casino Rd, Woodburn NSW",-29.047028,153.345776,1.0,4.82,0,0,0.0,1.972,4.246,30,0.0,20.0,19.71
NRIV-00143,"113 Richmond Tce, Woodburn NSW",-29.048449,153.35479,1.0,1.9,0,0,0.0,2.462,8.131,30,0.0,20.0,19.72
NRIV-00144,"86 Pacific Hwy, Woodburn NSW",-29.047533,153.363938,1.0,3.29,0,0,0.0,1.336,2.9,30,0.0,20.0,19.7
NRIV-00145,"39 Bridge St, Woodburn NSW",-29.046815,153.372489,1.0,3.08,0,0,0.0,1.63,4.546,30,0.0,20.0,19.7
NRIV-00146,"55 Richmond Tce, Woodburn NSW",-29.048855,153.381945,0.1824,10.41,0,1,0.8006,0.213,0.075,30,0.0,20.0,19.69
NRIV-00147,"120 Codrington Rd, Woodburn NSW",-29.048728,153.391824,0.9046,4.34,0,0,0.0,1.985,2.379,30,0.0,20.0,19.71
NRIV-00148,"100 Bagotville Rd, Woodburn NSW",-29.050138,153.402998,0.0,0.0,0,0,0.0,0.0,10.753,30,0.0,0.0,0.0
NRIV-00149,"196 Bagotville Rd, Woodburn NSW",-29.046603,153.408911,0.0,0.0,0,0,0.0,0.0,1.861,30,0.0,0.0,0.0
NRIV-00150,"91 Mill Rd, Woodburn NSW",-29.048866,153.418024,0.0,0.0,0,0,0.0,0.0,2.924,30,0.0,0.0,0.0
NRIV-00151,"214 Codrington Rd, Coraki NSW",-29.037051,153.201414,0.0,0.0,0,0,0.0,0.068,20.121,30,0.0,0.0,0.0
NRIV-00152,"205 Bagotville Rd, Coraki NSW",-29.037912,153.210105,0.7321,1.63,0,0,0.0,0.662,8.183,30,0.0,20.0,19.69
NRIV-00153,"70 Codrington Rd, Coraki NSW",-29.036473,153.218286,1.0,2.65,0,0,0.0,0.661,1.363,30,0.0,20.0,19.69
NRIV-00154,"172 Tuckombil Rd, Coraki NSW",-29.038122,153.227055,1.0,2.15,0,0,0.0,1.086,2.758,30,0.0,20.0,19.69
NRIV-00155,"216 Molesworth St, Coraki NSW",-29.036872,153.237563,1.0,3.54,0,0,0.0,1.294,4.17,30,0.0,20.0,19.7
NRIV-00156,"137 River Rd, Coraki NSW",-29.036386,153.247756,0.9084,3.34,0,0,0.0,2.698,7.342,30,0.0,20.0,19.73
NRIV-00157,"170 River Rd, Coraki NSW",-29.036437,153.255368,1.0,1.89,0,0,0.0,1.249,3.514,30,0.0,20.0,19.69
NRIV-00158,"119 Wyrallah Rd, Coraki NSW",-29.039729,153.263881,0.808,6.52,1,0,0.0,2.105,6.923,30,0.0,20.0,19.71
NRIV-00159,"55 Molesworth St, Coraki NSW",-29.039863,153.27285,1.0,1.28,0,0,0.0,1.073,3.388,30,0.0,20.0,19.69
NRIV-00160,"98 Mill Rd, Coraki NSW",-29.038757,153.283545,0.0,0.0,0,0,0.0,0.0,11.284,30,0.0,0.0,0.0
NRIV-00161,"65 Richmond Tce, Coraki NSW",-29.037056,153.292994,1.0,1.89,0,0,0.0,0.699,1.629,30,0.0,20.0,19.69
NRIV-00162,"14 Pacific Hwy, Coraki NSW",-29.038183,153.301829,1.0,1.32,0,0,0.0,0.429,0.937,30,0.0,20.0,19.69
NRIV-00163,"167 River Rd, Coraki NSW",-29.039168,153.308274,1.0,7.32,0,0,0.0,2.121,0.859,30,0.0,20.0,19.71
NRIV-00164,"52 River Rd, Woodburn NSW",-29.037048,153.320965,1.0,4.4,0,0,0.0,1.611,1.847,30,0.0,20.0,19.7
NRIV-00165,"122 Tuckombil Rd, Woodburn NSW",-29.037579,153.327288,0.9801,7.53,0,0,0.0,1.446,6.041,30,0.0,20.0,19.7
NRIV-00166,"120 Wilson St, Woodburn NSW",-29.039607,153.339291,1.0,1.68,0,0,0.0,2.518,9.02,30,0.0,20.0,19.73
NRIV-00167,"156 Bagotville Rd, Woodburn NSW",-29.03904,153.346142,1.0,5.14,0,0,0.0,2.235,3.458,30,0.0,20.0,19.72
NRIV-00168,"200 Wyrallah Rd, Woodburn NSW",-29.03621,153.356707,1.0,3.94,0,0,0.0,2.27,3.716,30,0.0,20.0,19.72
NRIV-00169,"7 Mill Rd, Woodburn NSW",-29.036206,153.363432,0.1747,1.16,0,0,0.0,0.687,7.374,30,0.0,20.0,19.69
NRIV-00170,"97 Codrington Rd, Woodburn NSW",-29.037761,153.375799,0.2743,9.68,0,0,0.0,0.918,0.559,30,0.0,20.0,19.69
NRIV-00171,"152 Wilson St, Woodburn NSW",-29.036299,153.382127,1.0,3.96,0,0,0.0,1.684,6.065,30,0.0,20.0,19.7
NRIV-00172,"179 Mill Rd, Woodburn NSW",-29.036742,153.391471,0.0,0.0,0,0,0.0,0.0,62.88,30,0.0,0.0,0.0
NRIV-00173,"31 Bagotville Rd, Woodburn NSW",-29.036663,153.402068,0.0,0.0,0,0,0.0,0.0,10.273,30,0.0,0.0,0.0
NRIV-00174,"110 Tuckombil Rd, Woodburn NSW",-29.036934,153.410222,0.0,0.0,0,0,0.0,0.0,10.72,30,0.0,0.0,0.0
NRIV-00175,"88 River Rd, Woodburn NSW",-29.038582,153.420024,0.0,0.0,0,0,0.0,0.0,16.083,30,0.0,0.0,0.0
NRIV-00176,"28 Codrington Rd, Coraki NSW",-29.026344,153.201289,0.0,0.0,0,0,0.0,0.0,54.7,30,0.0,0.0,0.0
NRIV-00177,"213 Molesworth St, Coraki NSW",-29.025899,153.209709,0.0,0.0,0,0,0.0,0.0,37.417,30,0.0,0.0,0.0
NRIV-00178,"188 Casino Rd, Coraki NSW",-29.026913,153.218075,0.0,0.0,0,0,0.0,0.0,93.407,30,0.0,0.0,0.0
NRIV-00179,"207 Casino Rd, Coraki NSW",-29.02588,153.22658,0.6223,7.49,0,0,0.0,3.095,20.519,30,0.0,20.0,19.75
NRIV-00180,"212 Wilson St, Coraki NSW",-29.026643,153.236526,0.1162,10.21,0,0,0.0,0.511,9.894,30,0.0,20.0,19.69
NRIV-00181,"63 Richmond Tce, Coraki NSW",-29.027372,153.245123,0.9248,6.23,0,0,0.0,2.152,6.992,30,0.0,20.0,19.71
NRIV-00182,"193 Molesworth St, Coraki NSW",-29.028626,153.254803,0.0,0.0,0,0,0.0,0.0,14.866,30,0.0,0.0,0.0
NRIV-00183,"87 River Rd, Coraki NSW",-29.027463,153.264839,0.9489,5.37,0,0,0.0,2.098,9.788,30,0.0,20.0,19.71
NRIV-00184,"125 Bridge St, Coraki NSW",-29.027765,153.272633,1.0,5.9,0,0,0.0,2.522,7.41,30,0.0,20.0,19.73
NRIV-00185,"72 Bagotville Rd, Coraki NSW",-29.028323,153.281533,0.0,0.0,0,0,0.0,0.19,11.033,30,0.0,0.0,0.0
NRIV-00186,"3 Casino Rd, Coraki NSW",-29.026937,153.290772,0.0,0.0,0,0,0.0,0.0,26.369,30,0.0,0.0,0.0
NRIV-00187,"185 Codrington Rd, Coraki NSW",-29.02595,153.299176,1.0,1.22,0,0,0.0,0.44,1.304,30,0.0,20.0,19.69
NRIV-00188,"177 Molesworth St, Coraki NSW",-29.027788,153.311033,1.0,4.28,0,0,0.0,1.336,0.707,30,0.0,20.0,19.7
NRIV-00189,"203 River Rd, Woodburn NSW",-29.027158,153.31913,1.0,2.74,0,0,0.0,1.045,1.761,30,0.0,20.0,19.69
NRIV-00190,"178 Bridge St, Woodburn NSW",-29.02937,153.32722,1.0,3.0,0,0,0.0,1.289,4.934,30,0.0,20.0,19.7
NRIV-00191,"122 Casino Rd, Woodburn NSW",-29.028517,153.337826,1.0,3.72,0,0,0.0,1.771,4.077,30,0.0,20.0,19.7
NRIV-00192,"191 Casino Rd, Woodburn NSW",-29.027618,153.346369,1.0,4.59,0,0,0.0,2.171,2.258,30,0.0,20.0,19.71
NRIV-00193,"70 Mill Rd, Woodburn NSW",-29.028419,153.356645,1.0,5.92,0,0,0.0,2.056,1.081,30,0.0,20.0,19.71
NRIV-00194,"50 Pacific Hwy, Woodburn NSW",-29.028736,153.363483,1.0,6.83,0,0,0.0,2.195,3.351,30,0.0,20.0,19.72
NRIV-00195,"196 Wilson St, Woodburn NSW",-29.029264,153.37431,0.0378,8.79,1,0,0.0,0.1,1.927,30,0.0,20.0,19.69
NRIV-00196,"124 Mill Rd, Woodburn NSW",-29.029001,153.382199,1.0,2.62,0,0,0.0,2.637,10.169,30,0.0,20.0,19.73
NRIV-00197,"135 Bagotville Rd, Woodburn NSW",-29.026844,153.394406,0.0,0.0,0,0,0.0,0.0,44.082,30,0.0,0.0,0.0
NRIV-00198,"50 Mill Rd, Woodburn NSW",-29.02861,153.400069,0.0,0.0,0,0,0.0,0.0,5.112,30,0.0,0.0,0.0
NRIV-00199,"4 Wilson St, Woodburn NSW",-29.028832,153.409551,0.0,0.0,0,0,0.0,0.0,9.313,30,0.0,0.0,0.0
NRIV-00200,"14 Casino Rd, Broadwater NSW",-29.027605,153.419097,0.8995,7.42,0,0,0.0,2.968,8.036,30,0.0,20.0,19.74
NRIV-00201,"164 Molesworth St, Coraki NSW",-29.018251,153.201776,0.0,0.0,0,0,0.0,0.0,26.053,30,0.0,0.0,0.0
NRIV-00202,"73 Molesworth St, Coraki NSW",-29.019009,153.207216,0.0,0.0,1,0,0.0,0.0,42.54,30,0.0,0.0,0.0
NRIV-00203,"14 Mill Rd, Coraki NSW",-29.017504,153.217696,0.0,0.0,0,0,0.0,0.0,43.671,30,0.0,0.0,0.0
NRIV-00204,"211 Richmond Tce, Coraki NSW",-29.015655,153.227411,1.0,5.89,0,1,1.0,2.717,11.424,30,0.0,20.0,19.73
NRIV-00205,"162 Tuckombil Rd, Coraki NSW",-29.017817,153.234963,0.1716,2.26,0,0,0.0,0.57,15.87,30,0.0,20.0,19.69
NRIV-00206,"145 Mill Rd, Coraki NSW",-29.019205,153.24443,0.9937,8.51,0,0,0.0,2.325,2.907,30,0.0,20.0,19.72
NRIV-00207,"143 Codrington Rd, Coraki NSW",-29.019079,153.253993,1.0,2.27,0,0,0.0,1.829,11.528,30,0.0,20.0,19.71
NRIV-00208,"58 Casino Rd, Coraki NSW",-29.016994,153.26533,1.0,6.54,0,0,0.0,3.433,6.148,30,0.0,20.0,19.76
NRIV-00209,"77 Bagotville Rd, Coraki NSW",-29.017898,153.274967,0.0206,11.53,0,0,0.0,0.036,0.0,30,0.0,20.0,19.69
NRIV-00210,"159 River Rd, Coraki NSW",-29.015459,153.281722,1.0,9.11,0,0,0.4254,3.394,1.924,30,0.0,20.0,19.76
NRIV-00211,"196 Bridge St, Coraki NSW",-29.016981,153.292627,1.0,1.8,0,0,0.0,0.767,2.079,30,0.0,20.0,19.69
NRIV-00212,"21 Wyrallah Rd, Coraki NSW",-29.016917,153.299892,1.0,4.74,0,0,0.0,2.024,3.217,30,0.0,20.0,19.71
NRIV-00213,"41 River Rd, Coraki NSW",-29.01846,153.310208,1.0,4.62,0,0,0.0,1.437,1.476,30,0.0,20.0,19.7
NRIV-00214,"121 Mill Rd, Coraki NSW",-29.017785,153.319924,1.0,3.45,0,0,0.0,1.425,2.724,30,0.0,20.0,19.7
NRIV-00215,"73 Wilson St, Woodburn NSW",-29.019289,153.327486,1.0,4.09,0,0,0.0,1.882,4.436,30,0.0,20.0,19.71
NRIV-00216,"60 Mill Rd, Woodburn NSW",-29.015981,153.335785,1.0,3.17,0,0,0.0,1.893,4.157,30,0.0,20.0,19.71
NRIV-00217,"170 Bridge St, Woodburn NSW",-29.016268,153.347167,1.0,4.95,0,0,0.0,1.634,1.234,30,0.0,20.0,19.7
NRIV-00218,"166 Wyrallah Rd, Woodburn NSW",-29.017719,153.356012,0.7102,1.98,0,0,0.0,1.086,3.049,30,0.0,20.0,19.69
NRIV-00219,"19 River Rd, Woodburn NSW",-29.015786,153.366307,1.0,5.67,0,0,0.0,1.98,0.84,30,0.0,20.0,19.71
NRIV-00220,"192 Bagotville Rd, Woodburn NSW",-29.018756,153.373397,1.0,6.21,0,0,0.0,1.67,1.298,30,0.0,20.0,19.7
NRIV-00221,"120 Wilson St, Woodburn NSW",-29.015735,153.38309,1.0,3.27,0,0,0.0,2.229,7.352,30,0.0,20.0,19.72
NRIV-00222,"70 Casino Rd, Woodburn NSW",-29.018203,153.39211,0.0,0.0,0,0,0.0,0.038,50.5,30,0.0,0.0,0.0
NRIV-00223,"154 River Rd, Broadwater NSW",-29.017259,153.401418,0.0,0.0,0,0,0.0,0.0,24.35,30,0.0,0.0,0.0
NRIV-00224,"155 Mill Rd, Broadwater NSW",-29.015862,153.411771,0.4377,2.08,0,0,0.0,1.603,11.731,30,0.0,20.0,19.7
NRIV-00225,"173 Bagotville Rd, Broadwater NSW",-29.019316,153.418916,0.9016,2.28,0,0,0.0,1.406,8.277,30,0.0,20.0,19.7
NRIV-00226,"196 Tuckombil Rd, Coraki NSW",-29.006748,153.198083,0.0,0.0,0,0,0.0,0.0,28.373,30,0.0,0.0,0.0
NRIV-00227,"196 Wyrallah Rd, Coraki NSW",-29.005811,153.209472,0.975,2.88,0,0,0.0,1.491,2.527,30,0.0,20.0,19.7
NRIV-00228,"72 Wyrallah Rd, Coraki NSW",-29.007215,153.218939,1.0,3.21,0,0,0.0,1.603,3.73,30,0.0,20.0,19.7
NRIV-00229,"209 Molesworth St, Coraki NSW",-29.005109,153.227244,0.0,0.0,0,0,0.0,0.0,47.546,30,0.0,0.0,0.0
NRIV-00230,"105 Pacific Hwy, Coraki NSW",-29.005221,153.236547,0.0,0.0,0,0,0.0,0.0,68.344,30,0.0,0.0,0.0
NRIV-00231,"42 Pacific Hwy, Coraki NSW",-29.007813,153.244252,1.0,2.84,0,0,0.0,1.953,8.161,30,0.0,20.0,19.71
NRIV-00232,"170 Codrington Rd, Coraki NSW",-29.00745,153.254982,1.0,4.88,0,0,0.0,2.097,3.476,30,0.0,20.0,19.71
NRIV-00233,"117 Richmond Tce, Coraki NSW",-29.005843,153.264367,0.0,0.0,0,0,0.0,0.0,27.886,30,0.0,0.0,0.0
NRIV-00234,"198 Codrington Rd, Coraki NSW",-29.007839,153.272626,0.1842,0.0,0,0,0.0,0.167,0.183,30,0.0,0.0,0.0
NRIV-00235,"1 Tuckombil Rd, Coraki NSW",-29.005637,153.2838,0.6281,3.45,0,0,0.0,1.215,2.218,30,0.0,20.0,19.69
NRIV-00236,"14 Bridge St, Coraki NSW",-29.005619,153.291515,0.9091,3.38,0,0,0.0,0.885,2.827,30,0.0,20.0,19.69
NRIV-00237,"128 Tuckombil Rd, Coraki NSW",-29.007023,153.301324,1.0,3.41,0,0,0.0,1.218,2.36,30,0.0,20.0,19.69
NRIV-00238,"69 Casino Rd, Coraki NSW",-29.007329,153.308206,1.0,7.42,0,0,0.0,2.328,1.275,30,0.0,20.0,19.72
NRIV-00239,"179 Molesworth St, Coraki NSW",-29.008573,153.318319,1.0,2.84,0,0,0.0,1.622,3.138,30,0.0,20.0,19.7
NRIV-00240,"156 Bridge St, Woodburn NSW",-29.008611,153.330226,1.0,3.44,0,0,0.0,1.844,4.556,30,0.0,20.0,19.71
NRIV-00241,"4 Casino Rd, Woodburn NSW",-29.006258,153.336743,1.0,5.18,0,0,0.0,1.887,2.075,30,0.0,20.0,19.71
NRIV-00242,"216 Richmond Tce, Woodburn NSW",-29.007465,153.345565,1.0,4.33,0,0,0.0,2.354,4.678,30,0.0,20.0,19.72
NRIV-00243,"214 Wyrallah Rd, Woodburn NSW",-29.007251,153.354303,1.0,4.46,0,0,0.0,1.901,1.255,30,0.0,20.0,19.71
NRIV-00244,"131 Wilson St, Woodburn NSW",-29.007103,153.365866,0.3808,2.56,0,0,0.0,0.099,4.389,30,0.0,20.0,19.69
NRIV-00245,"121 Bridge St, Woodburn NSW",-29.008003,153.375506,0.8973,4.23,0,0,0.0,1.468,4.994,30,0.0,20.0,19.7
NRIV-00246,"49 Bagotville Rd, Broadwater NSW",-29.00727,153.381912,1.0,3.48,0,0,0.0,1.445,2.708,30,0.0,20.0,19.7
NRIV-00247,"18 Mill Rd, Broadwater NSW",-29.007064,153.394017,0.0,0.0,0,0,0.0,0.367,0.682,30,0.0,0.0,0.0
NRIV-00248,"88 Casino Rd, Broadwater NSW",-29.006006,153.403084,1.0,3.14,0,0,0.0,3.297,8.493,30,0.0,20.0,19.75
NRIV-00249,"186 Mill Rd, Broadwater NSW",-29.008028,153.408844,0.0,0.0,0,0,0.0,0.0,0.0,30,0.0,0.0,0.0
NRIV-00250,"169 Molesworth St, Broadwater NSW",-29.005747,153.42032,1.0,7.31,0,0,0.0,1.888,1.155,30,0.0,20.0,19.71
NRIV-00251,"124 Pacific Hwy, Coraki NSW",-28.995313,153.199786,0.5954,3.48,0,0,0.0,1.306,9.929,30,0.0,20.0,19.7
NRIV-00252,"97 Molesworth St, Coraki NSW",-28.997444,153.210218,0.3746,4.35,0,0,0.0,2.062,13.172,30,0.0,20.0,19.71
NRIV-00253,"179 Bridge St, Coraki NSW",-28.995043,153.219812,0.1223,5.31,0,0,0.0,0.269,14.183,30,0.0,20.0,19.69
NRIV-00254,"199 Codrington Rd, Coraki NSW",-28.996487,153.226434,0.9904,4.06,0,0,0.0,1.725,6.913,30,0.0,20.0,19.7
NRIV-00255,"181 Codrington Rd, Coraki NSW",-28.9986,153.237645,1.0,2.03,0,0,0.0,0.956,1.613,30,0.0,20.0,19.69
NRIV-00256,"211 Tuckombil Rd, Coraki NSW",-28.99723,153.246488,1.0,2.42,0,0,0.0,1.255,3.476,30,0.0,20.0,19.7
NRIV-00257,"10 Wyrallah Rd, Coraki NSW",-28.994851,153.254981,1.0,3.02,0,0,0.0,2.145,7.047,30,0.0,20.0,19.71
NRIV-00258,"26 Molesworth St, Coraki NSW",-28.996765,153.264527,0.0,0.0,1,0,0.0,0.0,13.417,30,0.0,0.0,0.0
NRIV-00259,"4 Wilson St, Coraki NSW",-28.998375,153.274975,0.1373,2.19,0,0,0.0,0.868,7.57,30,0.0,20.0,19.69
NRIV-00260,"40 Richmond Tce, Coraki NSW",-28.998198,153.283984,0.0,0.0,0,0,0.0,0.0,7.769,30,0.0,0.0,0.0
NRIV-00261,"87 Bagotville Rd, Coraki NSW",-28.996896,153.293543,0.0,0.0,0,0,0.0,0.0,7.59,30,0.0,0.0,0.0
NRIV-00262,"219 Pacific Hwy, Coraki NSW",-28.996003,153.301433,0.0,0.0,0,0,0.0,0.0,17.849,30,0.0,0.0,0.0
NRIV-00263,"98 Pacific Hwy, Coraki NSW",-28.995365,153.311437,0.9833,3.42,0,0,0.0,1.398,2.518,30,0.0,20.0,19.7
NRIV-00264,"125 Casino Rd, Coraki NSW",-28.996267,153.320716,0.3414,2.83,0,0,0.0,0.48,4.713,30,0.0,20.0,19.69
NRIV-00265,"162 Tuckombil Rd, Coraki NSW",-28.998631,153.326607,1.0,2.07,0,0,0.0,1.04,3.123,30,0.0,20.0,19.69
NRIV-00266,"192 Richmond Tce, Woodburn NSW",-28.99509,153.33949,0.8699,0.99,0,0,0.0,2.921,6.151,30,0.0,20.0,19.74
NRIV-00267,"163 Wilson St, Woodburn NSW",-28.997038,153.34506,1.0,3.01,0,0,0.0,1.915,2.008,30,0.0,20.0,19.71
NRIV-00268,"178 Mill Rd, Woodburn NSW",-28.995284,153.355608,1.0,3.15,0,0,0.0,1.215,3.286,30,0.0,20.0,19.69
NRIV-00269,"204 River Rd, Broadwater NSW",-28.99516,153.363184,0.0,0.0,0,0,0.0,0.0,44.347,30,0.0,0.0,0.0
NRIV-00270,"38 Bridge St, Broadwater NSW",-28.997601,153.373666,1.0,1.97,0,0,0.0,1.03,3.799,30,0.0,20.0,19.69
NRIV-00271,"203 Wyrallah Rd, Broadwater NSW",-28.99665,153.383597,0.0,0.0,0,0,0.0,0.0,15.281,30,0.0,0.0,0.0
NRIV-00272,"98 Bagotville Rd, Broadwater NSW",-28.998094,153.390816,0.0981,2.79,0,0,0.0,0.641,5.089,30,0.0,20.0,19.69
NRIV-00273,"150 Wyrallah Rd, Broadwater NSW",-28.996042,153.401657,1.0,2.86,0,0,0.0,2.027,5.983,30,0.0,20.0,19.71
NRIV-00274,"118 Mill Rd, Broadwater NSW",-28.997845,153.411385,0.0,0.0,0,0,0.0,0.0,51.194,30,0.0,0.0,0.0
NRIV-00275,"120 Mill Rd, Broadwater NSW",-28.996107,153.421596,0.0,0.0,0,0,0.0,0.0,0.0,30,0.0,0.0,0.0
NRIV-00276,"114 Pacific Hwy, Coraki NSW",-28.985741,153.198632,0.0,0.0,0,0,0.0732,0.0,16.337,30,0.0,0.0,0.0
NRIV-00277,"109 Wilson St, Coraki NSW",-28.984501,153.208363,0.4463,3.37,0,0,0.2961,1.043,5.474,30,0.0,20.0,19.69
NRIV-00278,"51 Codrington Rd, Coraki NSW",-28.987451,153.219715,0.9018,3.65,0,0,0.0819,4.818,23.911,30,0.0,20.0,19.83
NRIV-00279,"98 Bagotville Rd, Coraki NSW",-28.985038,153.225927,1.0,5.19,0,1,0.998,2.347,10.651,30,0.0,20.0,19.72
NRIV-00280,"180 Mill Rd, Coraki NSW",-28.987016,153.23585,1.0,5.69,0,1,1.0,2.193,5.094,30,0.0,20.0,19.72
NRIV-00281,"102 Mill Rd, Coraki NSW",-28.988364,153.247153,1.0,4.45,0,0,0.0,1.276,1.237,30,0.0,20.0,19.7
NRIV-00282,"200 Wilson St, Coraki NSW",-28.988419,153.25646,1.0,8.35,0,0,0.0,2.635,8.019,30,0.0,20.0,19.73
NRIV-00283,"191 Molesworth St, Coraki NSW",-28.984557,153.265809,0.7423,4.23,0,0,0.0,2.302,6.62,30,0.0,20.0,19.72
NRIV-00284,"199 Bridge St, Coraki NSW",-28.98512,153.274945,1.0,2.83,0,0,0.3796,0.971,2.098,30,0.0,20.0,19.69
NRIV-00285,"163 Bridge St, Coraki NSW",-28.986023,153.281909,1.0,3.39,0,0,0.0,1.312,1.812,30,0.0,20.0,19.7
NRIV-00286,"185 Tuckombil Rd, Coraki NSW",-28.985968,153.292378,0.2265,0.06,0,0,0.0,0.343,14.602,30,0.0,19.75,19.69
NRIV-00287,"25 Tuckombil Rd, Coraki NSW",-28.985728,153.29938,1.0,5.24,0,0,0.0,2.222,9.346,30,0.0,20.0,19.72
NRIV-00288,"113 River Rd, Coraki NSW",-28.985866,153.309236,0.795,3.6,0,0,0.0,1.884,7.017,30,0.0,20.0,19.71
NRIV-00289,"24 Mill Rd, Coraki NSW",-28.986133,153.320096,0.0,0.0,0,0,0.0,0.0,38.538,30,0.0,0.0,0.0
NRIV-00290,"52 Wyrallah Rd, Coraki NSW",-28.987145,153.327995,1.0,3.17,0,0,0.0,1.045,1.299,30,0.0,20.0,19.69
NRIV-00291,"94 Casino Rd, Coraki NSW",-28.985306,153.339006,1.0,3.13,0,0,0.0,2.347,6.076,30,0.0,20.0,19.72
NRIV-00292,"43 Mill Rd, Broadwater NSW",-28.986444,153.345757,1.0,2.15,0,0,0.0,1.736,1.86,30,0.0,20.0,19.7
NRIV-00293,"207 Mill Rd, Broadwater NSW",-28.984795,153.35761,1.0,7.64,0,0,0.0,2.759,4.109,30,0.0,20.0,19.73
NRIV-00294,"30 Molesworth St, Broadwater NSW",-28.985465,153.364355,0.9271,7.18,0,0,0.0,2.429,3.597,30,0.0,20.0,19.72
NRIV-00295,"58 Tuckombil Rd, Broadwater NSW",-28.9846,153.37273,1.0,3.89,0,0,0.0,2.733,4.931,30,0.0,20.0,19.73
NRIV-00296,"217 Casino Rd, Broadwater NSW",-28.985555,153.385253,1.0,1.59,0,0,0.0,2.23,9.146,30,0.0,20.0,19.72
NRIV-00297,"4 Mill Rd, Broadwater NSW",-28.986989,153.393663,1.0,4.17,0,0,0.0,2.202,4.596,30,0.0,20.0,19.72
NRIV-00298,"173 Wilson St, Broadwater NSW",-28.986305,153.401486,0.0,0.0,0,0,0.0,0.0,11.865,30,0.0,0.0,0.0
NRIV-00299,"211 Tuckombil Rd, Broadwater NSW",-28.985762,153.411172,0.0,0.0,0,0,0.0,0.0,51.503,30,0.0,0.0,0.0
NRIV-00300,"60 Molesworth St, Broadwater NSW",-28.98469,153.418433,0.0,0.0,0,0,0.0,0.0,22.253,30,0.0,0.0,0.0
NRIV-00301,"144 Pacific Hwy, Coraki NSW",-28.978029,153.201537,0.0,0.0,0,1,0.4928,0.0,7.463,30,0.0,0.0,0.0
NRIV-00302,"17 Tuckombil Rd, Coraki NSW",-28.974468,153.208052,0.0,0.0,0,0,0.0,0.0,20.89,30,0.0,0.0,0.0
NRIV-00303,"78 Tuckombil Rd, Coraki NSW",-28.974834,153.219971,0.0,0.0,0,0,0.0,0.0,34.032,30,0.0,0.0,0.0
NRIV-00304,"10 Mill Rd, Coraki NSW",-28.976496,153.226059,0.0,0.0,0,0,0.0,0.0,73.527,30,0.0,0.0,0.0
NRIV-00305,"61 Casino Rd, Coraki NSW",-28.974145,153.235131,0.0,0.0,0,0,0.0,0.0,60.629,30,0.0,0.0,0.0
NRIV-00306,"172 Wilson St, Coraki NSW",-28.977586,153.245648,0.9892,2.54,0,0,0.0,0.868,2.141,30,0.0,20.0,19.69
NRIV-00307,"151 Wilson St, Coraki NSW",-28.975343,153.255161,0.0238,2.04,0,0,0.0,0.094,9.479,30,0.0,20.0,19.69
NRIV-00308,"168 Richmond Tce, Coraki NSW",-28.975223,153.265708,0.0,0.0,0,0,0.0,0.0,55.562,30,0.0,0.0,0.0
NRIV-00309,"72 River Rd, Coraki NSW",-28.974794,153.273796,0.0,0.0,0,0,0.1955,0.0,63.321,30,0.0,0.0,0.0
NRIV-00310,"114 Bridge St, Coraki NSW",-28.975368,153.281369,0.5875,2.3,0,0,0.0,0.498,3.739,30,0.0,20.0,19.69
NRIV-00311,"176 Pacific Hwy, Coraki NSW",-28.974707,153.290064,0.4214,2.23,0,0,0.0,0.771,13.434,30,0.0,20.0,19.69
NRIV-00312,"92 River Rd, Coraki NSW",-28.975951,153.302745,0.2725,12.84,0,0,0.0,0.598,2.362,30,0.0,20.0,19.69
NRIV-00313,"32 Molesworth St, Coraki NSW",-28.976536,153.308759,0.0,0.0,0,0,0.0,0.0,7.072,30,0.0,0.0,0.0
NRIV-00314,"164 Bagotville Rd, Coraki NSW",-28.977762,153.318015,0.795,3.83,0,0,0.0,1.477,3.823,30,0.0,20.0,19.7
NRIV-00315,"86 Bridge St, Coraki NSW",-28.974245,153.326536,0.0,0.0,0,0,0.0,0.0,61.051,30,0.0,0.0,0.0
NRIV-00316,"53 Richmond Tce, Broadwater NSW",-28.974174,153.338648,1.0,3.95,0,0,0.0,1.208,0.614,30,0.0,20.0,19.69
NRIV-00317,"151 Bridge St, Broadwater NSW",-28.97481,153.346883,1.0,4.15,0,0,0.0,1.313,3.848,30,0.0,20.0,19.7
NRIV-00318,"199 Wyrallah Rd, Broadwater NSW",-28.974877,153.354765,1.0,6.59,0,0,0.0,3.419,4.878,30,0.0,20.0,19.76
NRIV-00319,"71 Wyrallah Rd, Broadwater NSW",-28.974974,153.365384,0.0,0.0,0,0,0.0,0.0,10.463,30,0.0,0.0,0.0
NRIV-00320,"205 Wyrallah Rd, Broadwater NSW",-28.974179,153.374328,1.0,3.37,0,0,0.0,1.364,1.719,30,0.0,20.0,19.7
NRIV-00321,"34 River Rd, Broadwater NSW",-28.977689,153.384799,0.0,0.0,0,0,0.0,0.0,23.793,30,0.0,0.0,0.0
NRIV-00322,"151 Pacific Hwy, Broadwater NSW",-28.976696,153.393654,0.0,0.0,0,0,0.0,0.0,14.56,30,0.0,0.0,0.0
NRIV-00323,"33 Wilson St, Broadwater NSW",-28.978066,153.400728,0.1495,4.25,0,0,0.0,0.075,10.776,30,0.0,20.0,19.69
NRIV-00324,"17 Molesworth St, Broadwater NSW",-28.976445,153.409288,0.0,0.0,0,0,0.0,0.0,53.531,30,0.0,0.0,0.0
NRIV-00325,"152 Richmond Tce, Broadwater NSW",-28.976336,153.419448,0.0,0.0,0,0,0.0,0.0,38.093,30,0.0,0.0,0.0
NRIV-00326,"158 River Rd, Tuncester NSW",-28.965998,153.198886,0.0,0.0,0,0,0.0,0.0,8.248,30,0.0,0.0,0.0
NRIV-00327,"169 Casino Rd, Tuncester NSW",-28.964897,153.210802,0.0,0.0,0,0,0.0,0.0,37.116,30,0.0,0.0,0.0
NRIV-00328,"8 River Rd, Tuncester NSW",-28.9666,153.218907,1.0,2.16,0,0,0.0,0.56,1.722,30,0.0,20.0,19.69
NRIV-00329,"110 Tuckombil Rd, Bungawalbin NSW",-28.963812,153.228889,0.0,0.0,0,1,0.8023,0.0,4.386,30,0.0,0.0,0.0
NRIV-00330,"114 Richmond Tce, Bungawalbin NSW",-28.967375,153.237516,1.0,1.77,0,0,0.3916,0.68,2.324,30,0.0,20.0,19.69
NRIV-00331,"38 Richmond Tce, Bungawalbin NSW",-28.964209,153.245122,1.0,1.65,0,0,0.0,0.703,2.531,30,0.0,20.0,19.69
NRIV-00332,"150 Casino Rd, Bungawalbin NSW",-28.967302,153.255497,0.5171,3.22,0,0,0.0,0.805,6.429,30,0.0,20.0,19.69
NRIV-00333,"153 Casino Rd, Bungawalbin NSW",-28.964958,153.26369,0.0494,3.17,0,0,0.0,0.061,7.829,30,0.0,20.0,19.69
NRIV-00334,"111 Richmond Tce, Bungawalbin NSW",-28.966627,153.273356,0.7326,1.77,0,0,0.0,1.013,5.064,30,0.0,20.0,19.69
NRIV-00335,"168 Tuckombil Rd, Bungawalbin NSW",-28.964634,153.280958,0.0,0.0,0,0,0.0,0.0,13.167,30,0.0,0.0,0.0
NRIV-00336,"56 Codrington Rd, Bungawalbin NSW",-28.964296,153.291872,1.0,2.16,0,0,0.0,1.038,2.422,30,0.0,20.0,19.69
NRIV-00337,"87 Molesworth St, Bungawalbin NSW",-28.966,153.299747,0.9729,3.46,0,0,0.0,1.858,3.947,30,0.0,20.0,19.71
NRIV-00338,"81 Codrington Rd, Bungawalbin NSW",-28.966212,153.310918,0.2501,3.07,0,0,0.0,0.311,3.571,30,0.0,20.0,19.69
NRIV-00339,"40 Tuckombil Rd, Bungawalbin NSW",-28.966556,153.318186,0.4006,4.06,0,0,0.0,0.999,3.088,30,0.0,20.0,19.69
NRIV-00340,"213 Richmond Tce, Bungawalbin NSW",-28.964115,153.326602,0.0,0.0,0,0,0.0,0.0,17.134,30,0.0,0.0,0.0
NRIV-00341,"190 Pacific Hwy, Bungawalbin NSW",-28.967434,153.335886,0.0,0.0,0,0,0.0,0.0,5.095,30,0.0,0.0,0.0
NRIV-00342,"151 Casino Rd, Broadwater NSW",-28.964559,153.346892,0.1579,4.85,0,0,0.0,0.18,7.313,30,0.0,20.0,19.69
NRIV-00343,"106 Pacific Hwy, Broadwater NSW",-28.96556,153.356513,0.1597,1.06,0,0,0.0,0.225,12.661,30,0.0,20.0,19.69
NRIV-00344,"109 Wilson St, Broadwater NSW",-28.964312,153.366765,0.412,4.69,0,0,0.0,1.527,9.091,30,0.0,20.0,19.7
NRIV-00345,"80 Pacific Hwy, Broadwater NSW",-28.967601,153.373317,0.0,0.0,0,0,0.0,0.0,29.169,30,0.0,0.0,0.0
NRIV-00346,"40 Tuckombil Rd, Broadwater NSW",-28.967392,153.383363,0.0,0.0,0,0,0.0,0.0,22.786,30,0.0,0.0,0.0
NRIV-00347,"90 Casino Rd, Broadwater NSW",-28.965878,153.393889,0.0,0.0,0,1,0.2402,0.0,3.864,30,0.0,0.0,0.0
NRIV-00348,"147 Bridge St, Broadwater NSW",-28.966336,153.402717,0.0,0.0,0,0,0.0,0.0,91.261,30,0.0,0.0,0.0
NRIV-00349,"197 Bagotville Rd, Broadwater NSW",-28.964578,153.412214,0.0,0.0,0,0,0.0,0.0,130.002,30,0.0,0.0,0.0
NRIV-00350,"7 Bagotville Rd, Broadwater NSW",-28.965352,153.420571,0.0,0.0,0,0,0.0,0.0,145.329,30,0.0,0.0,0.0
NRIV-00351,"69 River Rd, Tuncester NSW",-28.953768,153.201318,0.0,0.0,0,0,0.0,0.0,18.864,30,0.0,0.0,0.0
NRIV-00352,"80 Pacific Hwy, Tuncester NSW",-28.956762,153.209977,0.0,0.0,0,1,0.0,0.0,13.749,30,0.0,0.0,0.0
NRIV-00353,"37 Bagotville Rd, Tuncester NSW",-28.95608,153.217059,0.0,0.0,0,1,0.0,0.0,12.248,30,0.0,0.0,0.0
NRIV-00354,"190 Tuckombil Rd, Tuncester NSW",-28.954854,153.225778,0.2402,2.25,0,0,0.0,0.024,1.809,30,0.0,20.0,19.69
NRIV-00355,"136 Bridge St, Bungawalbin NSW",-28.953597,153.235034,0.0,0.0,0,1,0.0,0.0,5.156,30,0.0,0.0,0.0
NRIV-00356,"41 Pacific Hwy, Bungawalbin NSW",-28.955979,153.245648,0.0,0.0,0,0,0.0,0.0,2.874,30,0.0,0.0,0.0
NRIV-00357,"146 Bagotville Rd, Bungawalbin NSW",-28.956237,153.254298,0.6793,3.78,0,0,0.0,0.86,3.54,30,0.0,20.0,19.69
NRIV-00358,"41 Bagotville Rd, Bungawalbin NSW",-28.957144,153.262377,0.6437,2.97,0,0,0.0,0.724,2.384,30,0.0,20.0,19.69
NRIV-00359,"114 Tuckombil Rd, Bungawalbin NSW",-28.957285,153.27166,0.0,0.0,0,0,0.0,0.0,14.758,30,0.0,0.0,0.0
NRIV-00360,"107 Mill Rd, Bungawalbin NSW",-28.955788,153.282928,1.0,1.56,0,0,0.0,0.521,1.377,30,0.0,20.0,19.69
NRIV-00361,"89 Codrington Rd, Bungawalbin NSW",-28.956622,153.291716,0.0,0.0,0,0,0.0,0.0,16.494,30,0.0,0.0,0.0
NRIV-00362,"152 Molesworth St, Bungawalbin NSW",-28.95704,153.301546,0.4319,7.97,0,0,0.0,0.989,12.284,30,0.0,20.0,19.69
NRIV-00363,"57 Codrington Rd, Bungawalbin NSW",-28.955376,153.309234,0.0,0.0,0,0,0.0,0.0,35.305,30,0.0,0.0,0.0
NRIV-00364,"53 Mill Rd, Bungawalbin NSW",-28.953546,153.317386,0.0,0.0,0,0,0.0,0.0,58.641,30,0.0,0.0,0.0
NRIV-00365,"196 Mill Rd, Bungawalbin NSW",-28.953703,153.329403,0.9614,2.52,0,0,0.0,1.059,1.54,30,0.0,20.0,19.69
NRIV-00366,"128 Wilson St, Bungawalbin NSW",-28.956326,153.33598,1.0,2.61,0,0,0.0,1.311,3.607,30,0.0,20.0,19.7
NRIV-00367,"137 Wilson St, Broadwater NSW",-28.955761,153.345183,0.9219,2.55,0,0,0.0,1.479,2.748,30,0.0,20.0,19.7
NRIV-00368,"172 Pacific Hwy, Broadwater NSW",-28.956563,153.356068,1.0,4.01,0,0,0.0,2.079,1.838,30,0.0,20.0,19.71
NRIV-00369,"11 Codrington Rd, Broadwater NSW",-28.957196,153.366447,0.9849,4.05,0,0,0.0,1.514,2.392,30,0.0,20.0,19.7
NRIV-00370,"81 Bagotville Rd, Broadwater NSW",-28.957409,153.375851,0.0,0.0,0,0,0.0,0.0,6.886,30,0.0,0.0,0.0
NRIV-00371,"164 Codrington Rd, Broadwater NSW",-28.955767,153.382951,0.0,0.0,0,0,0.0,0.0,17.965,30,0.0,0.0,0.0
NRIV-00372,"84 Wyrallah Rd, Broadwater NSW",-28.956326,153.39212,0.0,0.0,0,0,0.0,0.0,30.368,30,0.0,0.0,0.0
NRIV-00373,"213 Wilson St, Broadwater NSW",-28.954279,153.402139,0.0,0.0,0,0,0.0,0.0,34.869,30,0.0,0.0,0.0
NRIV-00374,"217 Richmond Tce, Broadwater NSW",-28.953805,153.409186,0.7886,3.67,0,0,0.0,1.617,10.571,30,0.0,20.0,19.7
NRIV-00375,"135 Richmond Tce, Broadwater NSW",-28.956511,153.420355,0.0,0.0,0,0,0.0,0.0,197.637,30,0.0,0.0,0.0
NRIV-00376,"87 Bridge St, Tuncester NSW",-28.945578,153.199241,0.0,0.0,0,0,0.0032,0.0,2.069,30,0.0,0.0,0.0
NRIV-00377,"131 Tuckombil Rd, Tuncester NSW",-28.945829,153.207839,0.0,0.0,0,1,0.7822,0.0,6.976,30,0.0,0.0,0.0
NRIV-00378,"199 Pacific Hwy, Tuncester NSW",-28.946705,153.218373,0.0,0.0,0,1,0.0,0.0,29.443,30,0.0,0.0,0.0
NRIV-00379,"166 Wyrallah Rd, Tuncester NSW",-28.945757,153.229333,0.0,0.0,0,1,1.0,0.0,2.923,30,0.0,0.0,0.0
NRIV-00380,"51 Wyrallah Rd, Tuncester NSW",-28.946216,153.235252,0.0,0.0,0,1,0.9849,0.0,4.73,30,0.0,0.0,0.0
NRIV-00381,"168 Richmond Tce, Bungawalbin NSW",-28.944752,153.246874,0.0,0.0,0,0,0.0,0.0,16.504,30,0.0,0.0,0.0
NRIV-00382,"127 Molesworth St, Bungawalbin NSW",-28.946453,153.256091,0.0,0.0,0,1,0.8951,0.0,4.969,30,0.0,0.0,0.0
NRIV-00383,"115 Tuckombil Rd, Bungawalbin NSW",-28.944144,153.265206,0.1632,0.0,0,0,0.0,0.0,17.113,30,0.0,0.0,0.0
NRIV-00384,"163 Bagotville Rd, Bungawalbin NSW",-28.943465,153.273591,0.2056,2.8,0,0,0.0,0.578,2.398,30,0.0,20.0,19.69
NRIV-00385,"81 Wyrallah Rd, Bungawalbin NSW",-28.945868,153.284384,1.0,2.97,0,0,0.0,1.169,1.749,30,0.0,20.0,19.69
NRIV-00386,"162 Mill Rd, Bungawalbin NSW",-28.945402,153.291542,0.1821,3.76,0,0,0.0,0.643,11.185,30,0.0,20.0,19.69
NRIV-00387,"91 Casino Rd, Bungawalbin NSW",-28.943976,153.301199,1.0,5.24,0,0,0.0,1.708,3.686,30,0.0,20.0,19.7
NRIV-00388,"10 River Rd, Bungawalbin NSW",-28.946865,153.309847,0.0,0.0,0,0,0.0,0.0,63.466,30,0.0,0.0,0.0
NRIV-00389,"166 Richmond Tce, Bungawalbin NSW",-28.945686,153.318315,0.0,0.0,0,0,0.0,0.0,114.462,30,0.0,0.0,0.0
NRIV-00390,"119 Bagotville Rd, Bungawalbin NSW",-28.944701,153.328362,0.0,0.0,0,0,0.0,0.0,68.211,30,0.0,0.0,0.0
NRIV-00391,"11 Molesworth St, Bungawalbin NSW",-28.944944,153.338667,1.0,1.39,0,0,0.0,0.437,1.315,30,0.0,20.0,19.69
NRIV-00392,"49 Pacific Hwy, Broadwater NSW",-28.943525,153.346953,1.0,1.5,0,0,0.0,0.778,1.226,30,0.0,20.0,19.69
NRIV-00393,"16 Molesworth St, Broadwater NSW",-28.944741,153.355839,0.0,0.0,0,0,0.0,0.0,81.608,30,0.0,0.0,0.0
NRIV-00394,"88 Wilson St, Broadwater NSW",-28.946747,153.366597,1.0,2.66,0,0,0.0,1.029,4.29,30,0.0,20.0,19.69
NRIV-00395,"11 Bridge St, Broadwater NSW",-28.946824,153.374751,0.0,0.0,0,0,0.0,0.0,17.912,30,0.0,0.0,0.0
NRIV-00396,"135 Casino Rd, Broadwater NSW",-28.944331,153.385297,0.0,0.0,0,0,0.0,0.0,14.372,30,0.0,0.0,0.0
NRIV-00397,"73 Codrington Rd, Broadwater NSW",-28.944722,153.391956,0.0,0.0,0,0,0.0,0.0,35.751,30,0.0,0.0,0.0
NRIV-00398,"154 River Rd, Broadwater NSW",-28.945526,153.40102,0.0,0.0,0,0,0.0,0.0,7.32,30,0.0,0.0,0.0
NRIV-00399,"17 Pacific Hwy, Broadwater NSW",-28.944004,153.411423,0.0,0.0,0,0,0.0,0.0,66.146,30,0.0,0.0,0.0
NRIV-00400,"73 Mill Rd, Broadwater NSW",-28.946783,153.420714,0.0,0.0,0,0,0.0,0.0,143.173,30,0.0,0.0,0.0
NRIV-00401,"155 Wyrallah Rd, Tuncester NSW",-28.933944,153.200626,0.0,0.0,0,1,0.0,0.0,5.394,30,0.0,0.0,0.0
NRIV-00402,"37 Pacific Hwy, Tuncester NSW",-28.935505,153.209498,0.0,0.0,0,0,0.3606,0.0,5.013,30,0.0,0.0,0.0
NRIV-00403,"170 Codrington Rd, Tuncester NSW",-28.935598,153.218958,0.004,0.0,0,1,1.0,0.0,3.422,30,0.0,0.0,0.0
NRIV-00404,"22 Mill Rd, Tuncester NSW",-28.936323,153.228335,0.0,0.0,0,0,0.0052,0.0,25.371,30,0.0,0.0,0.0
NRIV-00405,"85 Wyrallah Rd, Tuncester NSW",-28.934603,153.237241,0.01,0.0,0,0,0.0,0.0,13.064,30,0.0,0.0,0.0
NRIV-00406,"190 Tuckombil Rd, Tuncester NSW",-28.934158,153.247149,0.0,0.0,0,0,0.0,0.0,20.036,30,0.0,0.0,0.0
NRIV-00407,"172 Codrington Rd, Bungawalbin NSW",-28.933189,153.253374,0.0088,0.0,0,1,0.4072,0.0,17.779,30,0.0,0.0,0.0
NRIV-00408,"80 Wyrallah Rd, Bungawalbin NSW",-28.934805,153.26224,1.0,6.07,0,1,1.0,2.89,11.305,30,0.0,20.0,19.74
NRIV-00409,"197 Molesworth St, Bungawalbin NSW",-28.933034,153.2727,0.0,0.0,0,0,0.0,0.0,93.84,30,0.0,0.0,0.0
NRIV-00410,"40 Richmond Tce, Bungawalbin NSW",-28.936071,153.2845,0.6308,4.85,0,0,0.0,1.26,7.402,30,0.0,20.0,19.7
NRIV-00411,"130 Casino Rd, Bungawalbin NSW",-28.935656,153.292819,0.9638,3.11,0,0,0.0,1.248,2.397,30,0.0,20.0,19.69
NRIV-00412,"10 Tuckombil Rd, Bungawalbin NSW",-28.933498,153.302368,1.0,4.4,0,0,0.0,1.513,1.981,30,0.0,20.0,19.7
NRIV-00413,"34 Bagotville Rd, Bungawalbin NSW",-28.935492,153.311065,1.0,3.47,0,0,0.0,1.231,1.911,30,0.0,20.0,19.69
NRIV-00414,"213 Wilson St, Bungawalbin NSW",-28.935332,153.317816,0.0,0.0,0,0,0.0,0.0,130.52,30,0.0,0.0,0.0
NRIV-00415,"43 Wilson St, Bungawalbin NSW",-28.933754,153.32957,0.0,0.0,0,0,0.0,0.0,100.988,30,0.0,0.0,0.0
NRIV-00416,"174 Wilson St, Bungawalbin NSW",-28.935088,153.337143,1.0,3.59,0,0,0.0,1.576,2.087,30,0.0,20.0,19.7
NRIV-00417,"73 Wilson St, Broadwater NSW",-28.935889,153.346443,1.0,1.58,0,0,0.0,0.63,1.658,30,0.0,20.0,19.69
NRIV-00418,"62 Mill Rd, Broadwater NSW",-28.933704,153.354769,1.0,2.11,0,0,0.0,0.623,1.167,30,0.0,20.0,19.69
NRIV-00419,"214 Bridge St, Broadwater NSW",-28.932976,153.366137,0.0,0.0,0,0,0.0,0.0,71.92,30,0.0,0.0,0.0
NRIV-00420,"113 Molesworth St, Broadwater NSW",-28.935367,153.375955,0.9555,3.03,0,0,0.0,2.33,1.241,30,0.0,20.0,19.72
NRIV-00421,"129 Casino Rd, Broadwater NSW",-28.933761,153.384446,0.0,0.0,0,0,0.0,0.0,40.77,30,0.0,0.0,0.0
NRIV-00422,"52 Bagotville Rd, Broadwater NSW",-28.935164,153.391148,0.9944,1.88,0,0,0.0,0.846,2.346,30,0.0,20.0,19.69
NRIV-00423,"165 Molesworth St, Broadwater NSW",-28.936285,153.400667,0.0,0.0,0,0,0.0,0.0,12.787,30,0.0,0.0,0.0
NRIV-00424,"27 Wilson St, Broadwater NSW",-28.933342,153.411051,0.0448,3.39,0,0,0.0,0.116,12.724,30,0.0,20.0,19.69
NRIV-00425,"73 Richmond Tce, Broadwater NSW",-28.933455,153.421405,0.0,0.0,0,0,0.0,0.0,218.542,30,0.0,0.0,0.0
NRIV-00426,"132 Wyrallah Rd, Tuncester NSW",-28.923464,153.199091,0.0,0.0,0,0,0.3936,0.0,25.343,30,0.0,0.0,0.0
NRIV-00427,"57 Molesworth St, Tuncester NSW",-28.923192,153.207534,0.0,0.0,0,1,0.9316,0.0,7.016,30,0.0,0.0,0.0
NRIV-00428,"107 River Rd, Tuncester NSW",-28.922978,153.220055,0.0,0.0,0,0,0.0,0.0,11.006,30,0.0,0.0,0.0
NRIV-00429,"99 Richmond Tce, Tuncester NSW",-28.92493,153.226996,0.0,0.0,0,0,0.0,0.0,11.932,30,0.0,0.0,0.0
NRIV-00430,"26 Wilson St, Tuncester NSW",-28.925016,153.234779,0.0,0.0,0,0,0.0,0.0,13.692,30,0.0,0.0,0.0
NRIV-00431,"36 River Rd, Tuncester NSW",-28.923916,153.246999,0.0905,11.71,0,0,0.0,0.37,5.849,30,0.0,20.0,19.69
NRIV-00432,"179 Wyrallah Rd, Tuncester NSW",-28.925369,153.256319,0.9466,3.6,0,0,0.051,3.051,12.578,30,0.0,20.0,19.74
NRIV-00433,"158 River Rd, Bungawalbin NSW",-28.923481,153.264043,0.0,0.0,0,0,0.0,0.0,29.988,30,0.0,0.0,0.0
NRIV-00434,"56 Wyrallah Rd, Bungawalbin NSW",-28.922893,153.271409,0.0,0.0,0,0,0.0,0.0,31.116,30,0.0,0.0,0.0
NRIV-00435,"136 Codrington Rd, Bungawalbin NSW",-28.924321,153.283409,1.0,2.26,0,0,0.0,0.744,1.629,30,0.0,20.0,19.69
NRIV-00436,"78 Richmond Tce, Bungawalbin NSW",-28.926071,153.290819,0.0,0.0,0,0,0.0,0.0,13.819,30,0.0,0.0,0.0
NRIV-00437,"204 Bagotville Rd, Bungawalbin NSW",-28.926325,153.300513,0.8302,1.86,0,0,0.0,0.878,3.14,30,0.0,20.0,19.69
NRIV-00438,"128 Bagotville Rd, Bungawalbin NSW",-28.924688,153.308443,1.0,2.84,0,0,0.0,0.898,1.364,30,0.0,20.0,19.69
NRIV-00439,"148 Bridge St, Bungawalbin NSW",-28.924372,153.319694,0.0,0.0,0,0,0.0,0.0,57.458,30,0.0,0.0,0.0
NRIV-00440,"1 Bagotville Rd, Bungawalbin NSW",-28.923642,153.327498,0.0,0.0,0,0,0.0,0.0,40.181,30,0.0,0.0,0.0
NRIV-00441,"48 Tuckombil Rd, Bungawalbin NSW",-28.925105,153.337783,0.6327,2.06,0,0,0.0,1.106,8.576,30,0.0,20.0,19.69
NRIV-00442,"93 Richmond Tce, Bungawalbin NSW",-28.923843,153.346761,1.0,5.49,0,0,0.0,3.128,5.979,30,0.0,20.0,19.75
NRIV-00443,"202 Casino Rd, Broadwater NSW",-28.922703,153.35601,1.0,1.81,0,0,0.0,0.577,3.301,30,0.0,20.0,19.69
NRIV-00444,"121 River Rd, Broadwater NSW",-28.9243,153.364562,0.0884,0.89,0,0,0.0,0.082,6.538,30,0.0,20.0,19.69
NRIV-00445,"65 Wilson St, Broadwater NSW",-28.923973,153.376091,1.0,1.32,0,0,0.0,0.496,0.934,30,0.0,20.0,19.69
NRIV-00446,"89 Bridge St, Broadwater NSW",-28.926451,153.384487,0.0,0.0,0,0,0.0,0.0,6.708,30,0.0,0.0,0.0
NRIV-00447,"198 Bagotville Rd, Broadwater NSW",-28.923584,153.393013,0.0,0.0,0,0,0.0,0.0,220.744,30,0.0,0.0,0.0
NRIV-00448,"12 Pacific Hwy, Broadwater NSW",-28.923575,153.400997,1.0,2.09,0,0,0.0,0.881,1.993,30,0.0,20.0,19.69
NRIV-00449,"45 Tuckombil Rd, Broadwater NSW",-28.924332,153.412087,1.0,5.26,0,0,0.0,1.735,1.601,30,0.0,20.0,19.7
NRIV-00450,"162 Wyrallah Rd, Broadwater NSW",-28.924658,153.420782,0.0,0.0,0,0,0.0,0.0,33.395,30,0.0,0.0,0.0
NRIV-00451,"199 Molesworth St, Tuncester NSW",-28.912948,153.198252,0.0,0.0,0,1,0.0881,0.0,2.884,30,0.0,0.0,0.0
NRIV-00452,"203 Bridge St, Tuncester NSW",-28.916046,153.207973,0.0,0.0,0,0,0.0,0.0,8.882,30,0.0,0.0,0.0
NRIV-00453,"80 Casino Rd, Tuncester NSW",-28.91265,153.217596,0.0,0.0,0,1,0.2117,0.0,35.804,30,0.0,0.0,0.0
NRIV-00454,"122 Mill Rd, Tuncester NSW",-28.914601,153.228762,0.0,0.0,0,0,0.1612,0.0,2.56,30,0.0,0.0,0.0
NRIV-00455,"74 Pacific Hwy, Tuncester NSW",-28.916047,153.237254,0.0,0.0,0,0,0.0701,0.0,14.339,30,0.0,0.0,0.0
NRIV-00456,"168 Pacific Hwy, Tuncester NSW",-28.912745,153.244025,0.0,0.0,0,0,0.0,0.0,16.224,30,0.0,0.0,0.0
NRIV-00457,"112 Codrington Rd, Tuncester NSW",-28.915101,153.256197,0.0,0.0,0,0,0.0,0.0,55.28,30,0.0,0.0,0.0
NRIV-00458,"99 Pacific Hwy, Tuncester NSW",-28.91322,153.265745,0.0,0.0,0,0,0.0,0.0,152.163,30,0.0,0.0,0.0
NRIV-00459,"128 Pacific Hwy, Bungawalbin NSW",-28.912299,153.273318,0.0,0.0,0,0,0.0,0.0,14.936,30,0.0,0.0,0.0
NRIV-00460,"206 Richmond Tce, Bungawalbin NSW",-28.912496,153.282577,0.7376,2.17,0,0,0.0,1.005,3.837,30,0.0,20.0,19.69
NRIV-00461,"155 Wyrallah Rd, Bungawalbin NSW",-28.913285,153.289982,0.1323,0.48,0,0,0.0,0.325,2.607,30,0.0,20.0,19.69
NRIV-00462,"21 Pacific Hwy, Bungawalbin NSW",-28.914012,153.300118,0.2377,3.12,0,0,0.0,0.553,12.629,30,0.0,20.0,19.69
NRIV-00463,"155 Wilson St, Bungawalbin NSW",-28.91355,153.309226,0.0,0.0,0,0,0.0,0.0,6.889,30,0.0,0.0,0.0
NRIV-00464,"90 Molesworth St, Bungawalbin NSW",-28.914489,153.319926,0.0,0.0,0,0,0.0,0.0,74.652,30,0.0,0.0,0.0
NRIV-00465,"91 Bagotville Rd, Bungawalbin NSW",-28.916024,153.329813,1.0,2.7,0,0,0.0,1.346,3.434,30,0.0,20.0,19.7
NRIV-00466,"203 River Rd, Bungawalbin NSW",-28.912201,153.336598,0.0,0.0,0,0,0.0,0.0,7.375,30,0.0,0.0,0.0
NRIV-00467,"94 Casino Rd, Bungawalbin NSW",-28.915893,153.347217,0.0,0.0,0,0,0.0,0.0,51.803,30,0.0,0.0,0.0
NRIV-00468,"8 Wyrallah Rd, Broadwater NSW",-28.912989,153.356551,1.0,1.45,0,0,0.0,0.412,0.955,30,0.0,20.0,19.69
NRIV-00469,"113 River Rd, Broadwater NSW",-28.912799,153.365712,0.0,0.0,0,0,0.0,0.0,97.559,30,0.0,0.0,0.0
NRIV-00470,"166 Pacific Hwy, Broadwater NSW",-28.915689,153.373111,0.0,0.0,0,0,0.0,0.0,47.874,30,0.0,0.0,0.0
NRIV-00471,"9 Bagotville Rd, Broadwater NSW",-28.914745,153.385131,1.0,2.66,0,0,0.0,1.181,0.963,30,0.0,20.0,19.69
NRIV-00472,"95 Pacific Hwy, Broadwater NSW",-28.91558,153.3923,0.3374,2.39,0,0,0.0,0.788,7.58,30,0.0,20.0,19.69
NRIV-00473,"36 Casino Rd, Broadwater NSW",-28.914418,153.399974,0.0,0.0,0,0,0.0,0.0,270.905,30,0.0,0.0,0.0
NRIV-00474,"72 Bridge St, Broadwater NSW",-28.914726,153.410091,0.0,0.0,0,0,0.0,0.0,41.325,30,0.0,0.0,0.0
NRIV-00475,"48 Molesworth St, Broadwater NSW",-28.912351,153.418104,0.0,0.0,0,0,0.0,0.0,74.939,30,0.0,0.0,0.0
NRIV-00476,"31 Mill Rd, Tuncester NSW",-28.9038,153.201654,0.0,0.0,0,1,0.9694,1.653,8.9,30,0.0,0.0,0.0
NRIV-00477,"55 Bagotville Rd, Tuncester NSW",-28.902771,153.209983,0.0,0.0,0,0,0.0,0.0,15.891,30,0.0,0.0,0.0
NRIV-00478,"126 Bridge St, Tuncester NSW",-28.904729,153.219999,0.0,0.0,0,0,0.0016,0.0,1.956,30,0.0,0.0,0.0
NRIV-00479,"116 Wyrallah Rd, Tuncester NSW",-28.90538,153.228911,0.0,0.0,0,0,0.0,0.0,1.983,30,0.0,0.0,0.0
NRIV-00480,"23 Tuckombil Rd, Tuncester NSW",-28.902276,153.236447,0.0,0.0,0,0,0.0,0.0,2.864,30,0.0,0.0,0.0
NRIV-00481,"171 Pacific Hwy, Tuncester NSW",-28.902001,153.24778,0.0,0.0,0,0,0.0,0.0,7.96,30,0.0,0.0,0.0
NRIV-00482,"75 Mill Rd, Tuncester NSW",-28.903033,153.2552,0.0,0.0,0,0,0.0,0.0,51.616,30,0.0,0.0,0.0
NRIV-00483,"180 Tuckombil Rd, Tuncester NSW",-28.902466,153.265014,0.0,0.0,0,0,0.0,0.0,2.914,30,0.0,0.0,0.0
NRIV-00484,"58 Richmond Tce, Tuncester NSW",-28.905175,153.272779,0.9313,1.71,0,0,0.0,0.687,1.876,30,0.0,20.0,19.69
NRIV-00485,"61 Molesworth St, Bungawalbin NSW",-28.90193,153.283668,1.0,2.8,0,0,0.0,0.941,1.507,30,0.0,20.0,19.69
NRIV-00486,"95 Molesworth St, Bungawalbin NSW",-28.905766,153.291883,0.0,0.0,0,0,0.0,0.0,17.062,30,0.0,0.0,0.0
NRIV-00487,"157 Richmond Tce, Bungawalbin NSW",-28.902656,153.30104,0.9619,4.03,0,0,0.0,1.463,2.772,30,0.0,20.0,19.7
NRIV-00488,"184 Wilson St, Bungawalbin NSW",-28.905608,153.309593,1.0,3.71,0,0,0.0,1.744,2.476,30,0.0,20.0,19.7
NRIV-00489,"105 Bagotville Rd, Bungawalbin NSW",-28.903956,153.31881,0.0,0.0,0,0,0.0,0.0,23.826,30,0.0,0.0,0.0
NRIV-00490,"165 Richmond Tce, Bungawalbin NSW",-28.905576,153.330223,0.0,0.0,0,0,0.0,0.0,125.887,30,0.0,0.0,0.0
NRIV-00491,"89 Wyrallah Rd, Bungawalbin NSW",-28.904071,153.33822,0.0,0.0,0,0,0.0,0.0,6.467,30,0.0,0.0,0.0
NRIV-00492,"164 Bagotville Rd, Bungawalbin NSW",-28.902359,153.347788,0.0,0.0,0,0,0.0,0.0,104.677,30,0.0,0.0,0.0
NRIV-00493,"111 Casino Rd, Broadwater NSW",-28.905143,153.357698,0.4192,4.07,0,0,0.0,0.409,15.037,30,0.0,20.0,19.69
NRIV-00494,"32 Casino Rd, Broadwater NSW",-28.902228,153.363222,1.0,1.89,0,0,0.0,1.743,5.713,30,0.0,20.0,19.7
NRIV-00495,"83 Wilson St, Broadwater NSW",-28.905259,153.372825,1.0,4.84,0,0,0.0,2.374,2.634,30,0.0,20.0,19.72
NRIV-00496,"133 Mill Rd, Broadwater NSW",-28.904969,153.385123,0.0,0.0,0,0,0.0,0.0,76.948,30,0.0,0.0,0.0
NRIV-00497,"163 Casino Rd, Broadwater NSW",-28.902487,153.391502,0.0,0.0,0,0,0.0,0.0,109.72,30,0.0,0.0,0.0
NRIV-00498,"158 Casino Rd, Broadwater NSW",-28.904773,153.402167,0.0,0.0,0,0,0.0,0.0,159.927,30,0.0,0.0,0.0
NRIV-00499,"152 Bagotville Rd, Broadwater NSW",-28.905497,153.411397,0.0,0.0,0,0,0.0,0.0,110.157,30,0.0,0.0,0.0
NRIV-00500,"185 Bagotville Rd, Broadwater NSW",-28.905254,153.420635,0.0,0.0,0,0,0.0,0.0,88.674,30,0.0,0.0,0.0
NRIV-00501,"11 River Rd, Tuncester NSW",-28.894198,153.201696,0.0,0.0,0,0,0.0,0.0,2.243,30,0.0,0.0,0.0
NRIV-00502,"198 Bagotville Rd, Tuncester NSW",-28.895223,153.210961,0.0,0.0,0,0,0.2888,0.0,2.059,30,0.0,0.0,0.0
NRIV-00503,"147 Codrington Rd, Tuncester NSW",-28.89449,153.217177,0.0,0.0,0,0,0.0,0.0,3.757,30,0.0,0.0,0.0
NRIV-00504,"161 Casino Rd, Tuncester NSW",-28.893076,153.225621,0.0,0.0,0,0,0.0004,0.0,2.134,30,0.0,0.0,0.0
NRIV-00505,"124 Bridge St, Tuncester NSW",-28.89439,153.238493,0.0,0.0,0,0,0.0,0.0,3.318,30,0.0,0.0,0.0
NRIV-00506,"77 Molesworth St, Tuncester NSW",-28.89233,153.246573,0.1196,1.4,0,0,0.0,0.105,5.314,30,0.0,20.0,19.69
NRIV-00507,"113 Codrington Rd, Tuncester NSW",-28.895256,153.25324,0.0,0.0,0,0,0.0,0.0,118.787,30,0.0,0.0,0.0
NRIV-00508,"156 Wyrallah Rd, Tuncester NSW",-28.893611,153.262983,0.0,0.0,0,0,0.0,0.0,46.098,30,0.0,0.0,0.0
NRIV-00509,"188 Pacific Hwy, Tuncester NSW",-28.894298,153.274207,0.2778,1.69,0,0,0.0,0.122,1.916,30,0.0,20.0,19.69
NRIV-00510,"95 Casino Rd, Tuncester NSW",-28.891647,153.281023,0.0,0.0,0,0,0.0,0.0,4.845,30,0.0,0.0,0.0
NRIV-00511,"120 Richmond Tce, Bungawalbin NSW",-28.893302,153.290943,0.8234,2.06,0,0,0.0,0.746,1.654,30,0.0,20.0,19.69
NRIV-00512,"25 River Rd, Bungawalbin NSW",-28.894479,153.299825,0.0,0.0,0,0,0.0,0.0,5.06,30,0.0,0.0,0.0
NRIV-00513,"158 Codrington Rd, Bungawalbin NSW",-28.894388,153.309537,0.0,0.0,0,0,0.0,0.0,73.154,30,0.0,0.0,0.0
NRIV-00514,"41 Pacific Hwy, Bungawalbin NSW",-28.894555,153.320628,0.0,0.0,0,0,0.0,0.0,23.004,30,0.0,0.0,0.0
NRIV-00515,"49 Wyrallah Rd, Bungawalbin NSW",-28.891813,153.329218,0.0,0.0,0,0,0.0,0.0,67.77,30,0.0,0.0,0.0
NRIV-00516,"128 Mill Rd, Bungawalbin NSW",-28.893555,153.337559,0.0,0.0,0,0,0.0,0.0,12.728,30,0.0,0.0,0.0
NRIV-00517,"101 Casino Rd, Bungawalbin NSW",-28.893559,153.345027,0.0,0.0,0,0,0.0,0.0,42.712,30,0.0,0.0,0.0
NRIV-00518,"150 Pacific Hwy, Bungawalbin NSW",-28.893719,153.354796,0.0,0.0,0,0,0.0,0.0,249.069,30,0.0,0.0,0.0
NRIV-00519,"153 Tuckombil Rd, Broadwater NSW",-28.895354,153.364125,1.0,4.34,0,0,0.0,1.845,5.722,30,0.0,20.0,19.71
NRIV-00520,"3 Richmond Tce, Broadwater NSW",-28.892858,153.37331,0.0,0.0,0,0,0.0,0.0,202.681,30,0.0,0.0,0.0
NRIV-00521,"187 Pacific Hwy, Broadwater NSW",-28.893825,153.384863,0.0,0.0,0,0,0.0,0.0,77.695,30,0.0,0.0,0.0
NRIV-00522,"103 River Rd, Broadwater NSW",-28.892493,153.391964,0.0,0.0,0,0,0.0,0.0,101.556,30,0.0,0.0,0.0
NRIV-00523,"142 Mill Rd, Broadwater NSW",-28.893267,153.400445,0.0,0.0,0,0,0.0,0.0,40.508,30,0.0,0.0,0.0
NRIV-00524,"196 Casino Rd, Broadwater NSW",-28.895254,153.41085,0.0,0.0,0,0,0.0,0.0,50.115,30,0.0,0.0,0.0
NRIV-00525,"175 Bagotville Rd, Broadwater NSW",-28.89443,153.421956,0.0,0.0,0,0,0.0,0.0,126.521,30,0.0,0.0,0.0
NRIV-00526,"101 Pacific Hwy, Tuncester NSW",-28.884751,153.2019,0.0,0.0,0,1,0.0,0.0,80.886,30,0.0,0.0,0.0
NRIV-00527,"94 Wyrallah Rd, Tuncester NSW",-28.882046,153.208523,0.0,0.0,0,1,0.0,0.0,29.178,30,0.0,0.0,0.0
NRIV-00528,"129 River Rd, Tuncester NSW",-28.88443,153.21837,0.0,0.0,0,1,0.0,0.0,34.74,30,0.0,0.0,0.0
NRIV-00529,"86 Molesworth St, Tuncester NSW",-28.885045,153.226048,0.0,0.0,0,1,0.0,0.0,2.401,30,0.0,0.0,0.0
NRIV-00530,"132 Wyrallah Rd, Tuncester NSW",-28.883148,153.235262,0.0,0.0,0,0,0.0,0.0,3.008,30,0.0,0.0,0.0
NRIV-00531,"42 Codrington Rd, Tuncester NSW",-28.883914,153.246286,0.0,0.0,0,1,0.0,0.0,24.036,30,0.0,0.0,0.0
NRIV-00532,"77 Bagotville Rd, Tuncester NSW",-28.881263,153.255957,0.0655,0.0,0,0,0.2267,0.0,5.578,30,0.0,0.0,0.0
NRIV-00533,"137 Molesworth St, Tuncester NSW",-28.88388,153.26548,0.0,0.0,0,0,0.0,0.0,18.767,30,0.0,0.0,0.0
NRIV-00534,"209 River Rd, Tuncester NSW",-28.882391,153.272532,0.0,0.0,0,0,0.0,0.0,5.565,30,0.0,0.0,0.0
NRIV-00535,"107 Bagotville Rd, South Lismore NSW",-28.883752,153.283195,0.0,0.0,0,0,0.0,0.0,3.758,30,0.0,0.0,0.0
NRIV-00536,"177 Tuckombil Rd, South Lismore NSW",-28.883995,153.293262,0.0,0.0,0,0,0.0,0.0,17.802,30,0.0,0.0,0.0
NRIV-00537,"168 Bagotville Rd, South Lismore NSW",-28.885119,153.300732,0.1216,0.0,0,0,0.0,0.237,11.004,30,0.0,0.0,0.0
NRIV-00538,"150 Molesworth St, South Lismore NSW",-28.882915,153.310886,0.0,0.0,0,0,0.0,0.0,122.317,30,0.0,0.0,0.0
NRIV-00539,"159 Codrington Rd, South Lismore NSW",-28.884544,153.319683,0.0,0.0,0,0,0.0,0.0,161.231,30,0.0,0.0,0.0
NRIV-00540,"9 Bagotville Rd, South Lismore NSW",-28.884635,153.329056,0.0,0.0,0,0,0.0,0.0,129.951,30,0.0,0.0,0.0
NRIV-00541,"5 Molesworth St, South Lismore NSW",-28.881433,153.33594,0.0,0.0,0,0,0.0,0.0,173.439,30,0.0,0.0,0.0
NRIV-00542,"177 Bridge St, South Lismore NSW",-28.883971,153.345272,0.0,0.0,0,0,0.0,0.0,182.796,30,0.0,0.0,0.0
NRIV-00543,"121 Wilson St, South Lismore NSW",-28.883584,153.356933,0.0,0.0,0,0,0.0,0.0,139.933,30,0.0,0.0,0.0
NRIV-00544,"133 Bridge St, Broadwater NSW",-28.882316,153.365823,0.0,0.0,0,0,0.0,0.0,55.985,30,0.0,0.0,0.0
NRIV-00545,"123 Casino Rd, Broadwater NSW",-28.882982,153.376159,0.0,0.0,0,1,0.0,0.0,108.46,30,0.0,0.0,0.0
NRIV-00546,"118 Casino Rd, Broadwater NSW",-28.883719,153.38516,0.0,0.0,0,0,0.0,0.0,88.165,30,0.0,0.0,0.0
NRIV-00547,"198 Wilson St, Broadwater NSW",-28.883856,153.391917,0.0,0.0,1,1,0.0,0.0,81.273,30,0.0,0.0,0.0
NRIV-00548,"68 Bagotville Rd, Broadwater NSW",-28.882503,153.402881,0.0,0.0,0,0,0.0,0.0,29.698,30,0.0,0.0,0.0
NRIV-00549,"72 Casino Rd, Broadwater NSW",-28.883289,153.412663,0.0,0.0,0,0,0.0,0.0,27.945,30,0.0,0.0,0.0
NRIV-00550,"77 Mill Rd, Broadwater NSW",-28.884032,153.421766,0.0,0.0,0,0,0.0,0.0,46.513,30,0.0,0.0,0.0
NRIV-00551,"126 Pacific Hwy, Tuncester NSW",-28.872084,153.200761,0.0,0.0,0,1,0.0,0.0,64.567,30,0.0,0.0,0.0
NRIV-00552,"204 Wilson St, Tuncester NSW",-28.872984,153.209409,0.0,0.0,0,0,0.0,0.0,18.558,30,0.0,0.0,0.0
NRIV-00553,"174 Casino Rd, Tuncester NSW",-28.873809,153.216821,0.0,0.0,0,0,0.0,0.0,10.479,30,0.0,0.0,0.0
NRIV-00554,"210 Pacific Hwy, Tuncester NSW",-28.873384,153.229421,0.0,0.0,0,1,0.0,0.0,99.63,30,0.0,0.0,0.0
NRIV-00555,"75 River Rd, Tuncester NSW",-28.871085,153.237885,0.0,0.0,0,1,0.0,0.0,41.983,30,0.0,0.0,0.0
NRIV-00556,"89 Molesworth St, Tuncester NSW",-28.873753,153.24669,0.0,0.0,0,1,0.0,0.0,6.91,30,0.0,0.0,0.0
NRIV-00557,"55 Bridge St, Tuncester NSW",-28.872279,153.255989,0.0,0.0,0,0,0.0,0.0,8.911,30,0.0,0.0,0.0
NRIV-00558,"144 Wilson St, South Lismore NSW",-28.871591,153.263251,0.0,0.0,0,0,0.0,0.0,18.972,30,0.0,0.0,0.0
NRIV-00559,"190 Bagotville Rd, South Lismore NSW",-28.873817,153.27177,0.0,0.0,0,0,0.0,0.0,23.399,30,0.0,0.0,0.0
NRIV-00560,"136 Bridge St, South Lismore NSW",-28.873946,153.280703,0.0,0.0,0,0,0.0,0.0,19.355,30,0.0,0.0,0.0
NRIV-00561,"106 Pacific Hwy, South Lismore NSW",-28.872351,153.289877,0.0,0.0,0,0,0.0,0.0,16.483,30,0.0,0.0,0.0
NRIV-00562,"198 Wyrallah Rd, South Lismore NSW",-28.872034,153.299236,0.0,0.0,0,0,0.0,0.0,54.887,30,0.0,0.0,0.0
NRIV-00563,"41 Codrington Rd, South Lismore NSW",-28.874883,153.310201,0.0,0.0,0,0,0.0,0.0,166.462,30,0.0,0.0,0.0
NRIV-00564,"122 Molesworth St, South Lismore NSW",-28.872292,153.320689,0.0,0.0,0,0,0.0,0.0,84.468,30,0.0,0.0,0.0
NRIV-00565,"74 Pacific Hwy, South Lismore NSW",-28.872301,153.329357,0.0,0.0,0,0,0.0,0.0,86.666,30,0.0,0.0,0.0
NRIV-00566,"197 Richmond Tce, South Lismore NSW",-28.873762,153.335737,0.0,0.0,0,0,0.0,0.0,173.757,30,0.0,0.0,0.0
NRIV-00567,"190 Wilson St, South Lismore NSW",-28.872294,153.345596,0.0,0.0,0,0,0.0,0.0,136.467,30,0.0,0.0,0.0
NRIV-00568,"45 Codrington Rd, South Lismore NSW",-28.871502,153.353983,0.0,0.0,0,0,0.0,0.0,215.075,30,0.0,0.0,0.0
NRIV-00569,"10 Codrington Rd, South Lismore NSW",-28.871374,153.363703,0.0,0.0,0,0,0.0,0.0,15.286,30,0.0,0.0,0.0
NRIV-00570,"192 Mill Rd, Broadwater NSW",-28.871751,153.372912,0.0,0.0,0,0,0.0,0.0,128.535,30,0.0,0.0,0.0
NRIV-00571,"146 Bagotville Rd, Broadwater NSW",-28.871396,153.38137,0.0,0.0,0,0,0.0,0.0,97.922,30,0.0,0.0,0.0
NRIV-00572,"73 Molesworth St, Broadwater NSW",-28.874474,153.394432,0.0,0.0,0,0,0.0,0.0,53.69,30,0.0,0.0,0.0
NRIV-00573,"127 Wyrallah Rd, Broadwater NSW",-28.870947,153.40184,0.0,0.0,1,1,0.0,0.0,27.455,30,0.0,0.0,0.0
NRIV-00574,"50 Richmond Tce, Broadwater NSW",-28.871499,153.410705,0.0,0.0,0,0,0.0,0.0,2.17,30,0.0,0.0,0.0
NRIV-00575,"166 Mill Rd, Broadwater NSW",-28.87358,153.420924,0.0,0.0,1,0,0.0,0.0,40.157,30,0.0,0.0,0.0
NRIV-00576,"87 Mill Rd, Tuncester NSW",-28.861706,153.198056,0.0,0.0,0,0,0.0,0.0,70.249,30,0.0,0.0,0.0
NRIV-00577,"45 Bagotville Rd, Tuncester NSW",-28.86231,153.210196,0.0,0.0,0,1,0.0,0.0,4.922,30,0.0,0.0,0.0
NRIV-00578,"212 Codrington Rd, Tuncester NSW",-28.861156,153.219922,0.0,0.0,0,0,0.0,0.0,245.444,30,0.0,0.0,0.0
NRIV-00579,"172 Richmond Tce, Tuncester NSW",-28.86252,153.225847,0.0,0.0,0,1,0.0,0.0,356.701,30,0.0,0.0,0.0
NRIV-00580,"83 Bridge St, Tuncester NSW",-28.863842,153.235229,0.0,0.0,0,0,0.0,0.0,242.575,30,0.0,0.0,0.0
NRIV-00581,"115 Mill Rd, Tuncester NSW",-28.864553,153.245368,0.0,0.0,0,1,0.0,0.0,69.575,30,0.0,0.0,0.0
NRIV-00582,"186 Bagotville Rd, South Lismore NSW",-28.860765,153.254208,0.0,0.0,0,0,0.0,0.0,1.613,30,0.0,0.0,0.0
NRIV-00583,"178 Bridge St, South Lismore NSW",-28.864535,153.264781,0.0,0.0,0,0,0.0,0.0,9.418,30,0.0,0.0,0.0
NRIV-00584,"79 Wyrallah Rd, South Lismore NSW",-28.864332,153.271806,0.0,0.0,0,0,0.0,0.0,17.037,30,0.0,0.0,0.0
NRIV-00585,"181 Mill Rd, South Lismore NSW",-28.862959,153.28251,0.0,0.0,0,1,0.0,0.0,31.49,30,0.0,0.0,0.0
NRIV-00586,"76 Pacific Hwy, South Lismore NSW",-28.861819,153.292222,0.0,0.0,0,1,0.0,0.0,92.162,30,0.0,0.0,0.0
NRIV-00587,"35 Molesworth St, South Lismore NSW",-28.862122,153.29971,0.0,0.0,0,1,0.0,0.0,90.84,30,0.0,0.0,0.0
NRIV-00588,"156 Pacific Hwy, South Lismore NSW",-28.863968,153.310991,0.0,0.0,0,1,0.0,0.0,98.586,30,0.0,0.0,0.0
NRIV-00589,"121 Casino Rd, South Lismore NSW",-28.862917,153.319364,0.0,0.0,0,0,0.0,0.0,170.638,30,0.0,0.0,0.0
NRIV-00590,"196 Bridge St, South Lismore NSW",-28.861373,153.329636,0.0,0.0,0,0,0.0,0.0,31.47,30,0.0,0.0,0.0
NRIV-00591,"202 Richmond Tce, South Lismore NSW",-28.861859,153.337883,0.0,0.0,0,0,0.0,0.0,170.574,30,0.0,0.0,0.0
NRIV-00592,"93 Richmond Tce, South Lismore NSW",-28.862479,153.346779,0.0,0.0,0,0,0.0,0.0,62.045,30,0.0,0.0,0.0
NRIV-00593,"213 Casino Rd, South Lismore NSW",-28.860912,153.354282,0.0,0.0,0,1,0.0,0.0,76.105,30,0.0,0.0,0.0
NRIV-00594,"138 Wyrallah Rd, South Lismore NSW",-28.860969,153.363809,0.0,0.0,0,0,0.0,0.0,48.923,30,0.0,0.0,0.0
NRIV-00595,"114 Richmond Tce, South Lismore NSW",-28.863922,153.375585,0.0,0.0,0,0,0.0,0.0,76.891,30,0.0,0.0,0.0
NRIV-00596,"126 Richmond Tce, Broadwater NSW",-28.861859,153.384201,0.0,0.0,0,0,0.0,0.0,161.208,30,0.0,0.0,0.0
NRIV-00597,"15 Molesworth St, Broadwater NSW",-28.860985,153.392282,0.0,0.0,0,1,0.0,0.0,71.497,30,0.0,0.0,0.0
NRIV-00598,"145 River Rd, Broadwater NSW",-28.864053,153.401328,0.0,0.0,0,0,0.0,0.0,15.933,30,0.0,0.0,0.0
NRIV-00599,"79 Wilson St, Broadwater NSW",-28.862345,153.411524,0.0,0.0,0,0,0.0,0.0,56.887,30,0.0,0.0,0.0
NRIV-00600,"1 Wilson St, Broadwater NSW",-28.864494,153.419018,0.0,0.0,0,1,0.0,0.0,69.962,30,0.0,0.0,0.0
NRIV-00601,"109 Pacific Hwy, Tuncester NSW",-28.853386,153.198292,0.0,0.0,0,0,0.0,0.0,4.314,30,0.0,0.0,0.0
NRIV-00602,"16 Richmond Tce, Tuncester NSW",-28.851457,153.209331,0.0,0.0,0,0,0.0,0.0,12.665,30,0.0,0.0,0.0
NRIV-00603,"74 Codrington Rd, Tuncester NSW",-28.850314,153.218222,0.0,0.0,0,1,0.0,0.0,167.752,30,0.0,0.0,0.0
NRIV-00604,"165 Wilson St, Tuncester NSW",-28.853538,153.226042,0.0,0.0,0,0,0.0,0.0,284.799,30,0.0,0.0,0.0
NRIV-00605,"98 Molesworth St, South Lismore NSW",-28.851675,153.236348,0.0,0.0,0,1,0.0,0.0,34.006,30,0.0,0.0,0.0
NRIV-00606,"97 Richmond Tce, South Lismore NSW",-28.85078,153.24746,0.0,0.0,0,1,0.0,0.0,35.853,30,0.0,0.0,0.0
NRIV-00607,"139 Wyrallah Rd, South Lismore NSW",-28.851527,153.255647,0.0,0.0,0,1,0.0,0.0,183.922,30,0.0,0.0,0.0
NRIV-00608,"46 Casino Rd, South Lismore NSW",-28.851644,153.263558,0.0302,0.0,0,0,0.0,0.0,18.004,30,0.0,0.0,0.0
NRIV-00609,"58 River Rd, South Lismore NSW",-28.852686,153.271843,0.0,0.0,0,0,0.0,0.0,4.446,30,0.0,0.0,0.0
NRIV-00610,"119 Tuckombil Rd, South Lismore NSW",-28.851233,153.284414,0.0,0.0,0,0,0.0,0.0,8.362,30,0.0,0.0,0.0
NRIV-00611,"98 Bridge St, South Lismore NSW",-28.851382,153.291363,0.0,0.0,0,0,0.0004,0.0,10.449,30,0.0,0.0,0.0
NRIV-00612,"71 Bridge St, South Lismore NSW",-28.853268,153.300218,0.0,0.0,0,1,0.0,0.0,170.643,30,0.0,0.0,0.0
NRIV-00613,"29 River Rd, South Lismore NSW",-28.850508,153.3109,0.0,0.0,0,1,0.0,0.0,144.328,30,0.0,0.0,0.0
NRIV-00614,"197 River Rd, South Lismore NSW",-28.85102,153.318844,0.0,0.0,0,0,0.0,0.0,152.253,30,0.0,0.0,0.0
NRIV-00615,"153 River Rd, South Lismore NSW",-28.853295,153.326602,0.0,0.0,0,0,0.0,0.0,158.742,30,0.0,0.0,0.0
NRIV-00616,"13 Bridge St, South Lismore NSW",-28.852472,153.338188,0.0,0.0,0,0,0.0,0.0,40.282,30,0.0,0.0,0.0
NRIV-00617,"60 Casino Rd, South Lismore NSW",-28.851296,153.346276,0.0,0.0,0,1,0.0,0.0,96.296,30,0.0,0.0,0.0
NRIV-00618,"15 Wyrallah Rd, South Lismore NSW",-28.853389,153.357288,0.0,0.0,0,1,0.0,0.0,50.676,30,0.0,0.0,0.0
NRIV-00619,"209 Wilson St, South Lismore NSW",-28.852242,153.364157,0.0,0.0,0,0,0.0,0.0,78.532,30,0.0,0.0,0.0
NRIV-00620,"198 Tuckombil Rd, South Lismore NSW",-28.851954,153.374477,0.0,0.0,0,1,0.0,0.0,73.362,30,0.0,0.0,0.0
NRIV-00621,"37 Tuckombil Rd, South Lismore NSW",-28.850985,153.382281,0.0,0.0,0,1,0.0,0.0,33.649,30,0.0,0.0,0.0
NRIV-00622,"71 River Rd, Broadwater NSW",-28.852173,153.392154,0.0,0.0,0,1,0.0,0.0,67.93,30,0.0,0.0,0.0
NRIV-00623,"189 Wyrallah Rd, Broadwater NSW",-28.852031,153.402033,0.0,0.0,0,1,0.0,0.0,88.074,30,0.0,0.0,0.0
NRIV-00624,"127 River Rd, Broadwater NSW",-28.851754,153.410542,0.0,0.0,0,1,0.0,0.0,19.003,30,0.0,0.0,0.0
NRIV-00625,"172 Codrington Rd, Broadwater NSW",-28.850369,153.421766,0.0,0.0,0,1,0.0,0.0,63.006,30,0.0,0.0,0.0
NRIV-00626,"107 Codrington Rd, Tuncester NSW",-28.840792,153.199275,0.0,0.0,0,1,0.0,0.0,90.912,30,0.0,0.0,0.0
NRIV-00627,"194 Casino Rd, Tuncester NSW",-28.843339,153.208673,0.0,0.0,0,1,0.0,0.0,266.312,30,0.0,0.0,0.0
NRIV-00628,"77 Wilson St, South Lismore NSW",-28.842041,153.219731,0.0,0.0,0,0,0.0,0.0,102.657,30,0.0,0.0,0.0
NRIV-00629,"15 Casino Rd, South Lismore NSW",-28.843358,153.227352,0.0,0.0,0,0,0.0,0.0,194.279,30,0.0,0.0,0.0
NRIV-00630,"136 Wyrallah Rd, South Lismore NSW",-28.842285,153.236333,0.0,0.0,0,1,0.0,0.0,41.894,30,0.0,0.0,0.0
NRIV-00631,"85 Tuckombil Rd, South Lismore NSW",-28.842382,153.244853,0.0,0.0,0,1,0.0,0.0,92.344,30,0.0,0.0,0.0
NRIV-00632,"95 Richmond Tce, South Lismore NSW",-28.843619,153.254799,0.0,0.0,0,1,0.0,0.0,38.33,30,0.0,0.0,0.0
NRIV-00633,"14 Mill Rd, South Lismore NSW",-28.841793,153.265484,0.0,0.0,0,1,0.823,0.0,3.183,30,0.0,0.0,0.0
NRIV-00634,"11 Richmond Tce, South Lismore NSW",-28.842427,153.273753,0.0,0.0,0,0,0.1977,0.0,3.098,30,0.0,0.0,0.0
NRIV-00635,"186 Tuckombil Rd, South Lismore NSW",-28.843183,153.283547,0.0,0.0,0,1,0.0088,0.0,26.077,30,0.0,0.0,0.0
NRIV-00636,"86 Mill Rd, South Lismore NSW",-28.8417,153.291584,0.0,0.0,1,1,0.2045,0.0,14.025,30,0.0,0.0,0.0
NRIV-00637,"49 Wilson St, South Lismore NSW",-28.840107,153.298895,0.0,0.0,0,1,1.0,0.0,3.983,30,0.0,0.0,0.0
NRIV-00638,"123 Bridge St, South Lismore NSW",-28.843466,153.311998,0.0,0.0,0,1,0.0,0.0,12.041,30,0.0,0.0,0.0
NRIV-00639,"102 Bridge St, South Lismore NSW",-28.841153,153.319982,0.0,0.0,0,1,0.0,0.0,206.532,30,0.0,0.0,0.0
NRIV-00640,"98 Molesworth St, South Lismore NSW",-28.841727,153.329435,0.0,0.0,0,1,0.0,0.0,76.961,30,0.0,0.0,0.0
NRIV-00641,"67 Pacific Hwy, South Lismore NSW",-28.841801,153.336937,0.0,0.0,0,1,0.0,0.0,135.553,30,0.0,0.0,0.0
NRIV-00642,"26 Wilson St, South Lismore NSW",-28.841884,153.346656,0.0,0.0,0,1,0.0,0.0,127.967,30,0.0,0.0,0.0
NRIV-00643,"53 Pacific Hwy, South Lismore NSW",-28.842058,153.357192,0.0,0.0,0,1,0.0,0.0,30.98,30,0.0,0.0,0.0
NRIV-00644,"57 Wilson St, South Lismore NSW",-28.842684,153.363183,0.0,0.0,0,1,0.0,0.0,85.926,30,0.0,0.0,0.0
NRIV-00645,"150 Bagotville Rd, South Lismore NSW",-28.843352,153.37321,0.0,0.0,0,1,0.0,0.0,13.653,30,0.0,0.0,0.0
NRIV-00646,"51 Pacific Hwy, South Lismore NSW",-28.841055,153.382514,0.0,0.0,0,1,0.0,0.0,69.273,30,0.0,0.0,0.0
NRIV-00647,"63 Molesworth St, South Lismore NSW",-28.843015,153.392779,0.0,0.0,0,0,0.0,0.0,64.264,30,0.0,0.0,0.0
NRIV-00648,"87 Mill Rd, Broadwater NSW",-28.841733,153.403441,0.0,0.0,0,0,0.0,0.0,41.406,30,0.0,0.0,0.0
NRIV-00649,"186 Tuckombil Rd, Broadwater NSW",-28.840882,153.410788,0.0,0.0,0,0,0.0,0.0,63.165,30,0.0,0.0,0.0
NRIV-00650,"188 Pacific Hwy, Broadwater NSW",-28.840977,153.419843,0.0,0.0,0,0,0.0,0.0,80.41,30,0.0,0.0,0.0
NRIV-00651,"126 Wyrallah Rd, Tuncester NSW",-28.832936,153.200881,0.0,0.0,0,0,0.0,0.0,197.2,30,0.0,0.0,0.0
NRIV-00652,"165 River Rd, Lismore NSW",-28.829945,153.209335,0.0,0.0,0,0,0.0,0.0,162.987,30,0.0,0.0,0.0
NRIV-00653,"20 Tuckombil Rd, South Lismore NSW",-28.831517,153.21969,0.0,0.0,0,1,0.0,0.0,97.337,30,0.0,0.0,0.0
NRIV-00654,"36 Tuckombil Rd, South Lismore NSW",-28.833419,153.225526,0.0,0.0,0,1,0.0,0.0,161.488,30,0.0,0.0,0.0
NRIV-00655,"3 Bridge St, South Lismore NSW",-28.832687,153.237495,0.0,0.0,0,1,0.0,0.0,116.314,30,0.0,0.0,0.0
NRIV-00656,"159 Tuckombil Rd, South Lismore NSW",-28.83159,153.245326,0.0,0.0,0,0,0.0,0.0,1.996,30,0.0,0.0,0.0
NRIV-00657,"124 Tuckombil Rd, South Lismore NSW",-28.830946,153.255466,0.0,0.0,0,0,0.0,0.0,2.77,30,0.0,0.0,0.0
NRIV-00658,"142 Codrington Rd, South Lismore NSW",-28.831661,153.262193,0.0,0.0,0,0,0.0,0.0,17.444,30,0.0,0.0,0.0
NRIV-00659,"71 Casino Rd, South Lismore NSW",-28.833565,153.273451,0.0,0.0,0,0,0.0,0.0,15.507,30,0.0,0.0,0.0
NRIV-00660,"209 Wilson St, Lismore NSW",-28.829703,153.280569,0.0,0.0,0,1,0.0,0.0,110.218,30,0.0,0.0,0.0
NRIV-00661,"46 Richmond Tce, South Lismore NSW",-28.830917,153.292891,0.0,0.0,1,1,0.0,0.0,33.41,30,0.0,0.0,0.0
NRIV-00662,"62 Bridge St, Lismore NSW",-28.829941,153.300931,0.0,0.0,0,1,0.0,0.0,27.538,30,0.0,0.0,0.0
NRIV-00663,"91 Mill Rd, South Lismore NSW",-28.831134,153.30901,0.0,0.0,1,1,0.0,0.0,127.912,30,0.0,0.0,0.0
NRIV-00664,"104 Molesworth St, South Lismore NSW",-28.830433,153.317483,0.0,0.0,0,0,0.0,0.0,39.476,30,0.0,0.0,0.0
NRIV-00665,"58 Mill Rd, South Lismore NSW",-28.831353,153.330294,0.0,0.0,1,0,0.0,0.0,13.062,30,0.0,0.0,0.0
NRIV-00666,"168 Tuckombil Rd, South Lismore NSW",-28.830877,153.338891,0.0,0.0,0,1,0.0,0.0,65.188,30,0.0,0.0,0.0
NRIV-00667,"98 Codrington Rd, South Lismore NSW",-28.830575,153.345041,0.0,0.0,0,1,0.0,0.0,29.244,30,0.0,0.0,0.0
NRIV-00668,"3 Wilson St, South Lismore NSW",-28.831402,153.354058,0.0,0.0,0,0,0.0,0.0,84.877,30,0.0,0.0,0.0
NRIV-00669,"112 Tuckombil Rd, South Lismore NSW",-28.832927,153.364999,0.0,0.0,0,1,0.0,0.0,112.919,30,0.0,0.0,0.0
NRIV-00670,"220 Richmond Tce, South Lismore NSW",-28.830475,153.37443,0.0,0.0,0,1,0.0,0.0,116.156,30,0.0,0.0,0.0
NRIV-00671,"59 Bridge St, South Lismore NSW",-28.830034,153.38501,0.0,0.0,0,0,0.0,0.0,28.762,30,0.0,0.0,0.0
NRIV-00672,"146 Molesworth St, South Lismore NSW",-28.830008,153.393269,0.0,0.0,0,1,0.0,0.0,45.92,30,0.0,0.0,0.0
NRIV-00673,"176 Mill Rd, South Lismore NSW",-28.832529,153.403363,0.0,0.0,0,1,0.0,0.0,62.428,30,0.0,0.0,0.0
NRIV-00674,"9 Wyrallah Rd, South Lismore NSW",-28.830016,153.411087,0.0,0.0,0,1,0.0,0.0,77.079,30,0.0,0.0,0.0
NRIV-00675,"54 Bagotville Rd, Broadwater NSW",-28.829898,153.419258,0.0,0.0,0,0,0.0,0.0,82.524,30,0.0,0.0,0.0
NRIV-00676,"211 Codrington Rd, Lismore NSW",-28.822714,153.201283,0.0,0.0,0,1,0.0,0.0,161.6,30,0.0,0.0,0.0
NRIV-00677,"145 Bridge St, Lismore NSW",-28.819575,153.208364,0.0,0.0,0,0,0.0,0.0,13.742,30,0.0,0.0,0.0
NRIV-00678,"174 Casino Rd, Lismore NSW",-28.821024,153.219731,0.0,0.0,0,1,0.0,0.0,165.152,30,0.0,0.0,0.0
NRIV-00679,"36 Wilson St, Lismore NSW",-28.821963,153.228522,0.0,0.0,0,1,0.0,0.0,46.565,30,0.0,0.0,0.0
NRIV-00680,"89 River Rd, Lismore NSW",-28.820394,153.23667,0.0,0.0,0,1,0.0,0.0,60.641,30,0.0,0.0,0.0
NRIV-00681,"20 Pacific Hwy, Lismore NSW",-28.8229,153.244762,0.0,0.0,0,1,0.0,0.0,234.473,30,0.0,0.0,0.0
NRIV-00682,"153 Codrington Rd, Lismore NSW",-28.82087,153.255455,0.0,0.0,0,0,0.0,0.0,2.448,30,0.0,0.0,0.0
NRIV-00683,"163 Mill Rd, Lismore NSW",-28.819415,153.263472,0.0,0.0,1,0,0.0,0.0,4.577,30,0.0,0.0,0.0
NRIV-00684,"59 Pacific Hwy, Lismore NSW",-28.820156,153.273136,0.0,0.0,0,1,0.0,0.0,89.588,30,0.0,0.0,0.0
NRIV-00685,"48 Tuckombil Rd, Lismore NSW",-28.821078,153.282002,0.0,0.0,0,0,0.0,0.0,11.156,30,0.0,0.0,0.0
NRIV-00686,"198 Bagotville Rd, Lismore NSW",-28.820947,153.291187,0.0,0.0,1,1,0.0,0.0,46.997,30,0.0,0.0,0.0
NRIV-00687,"19 Richmond Tce, Lismore NSW",-28.822109,153.299819,0.0,0.0,1,1,0.0,0.0,19.149,30,0.0,0.0,0.0
NRIV-00688,"201 Tuckombil Rd, Lismore NSW",-28.822218,153.30952,0.0,0.0,1,1,0.0,0.0,166.049,30,0.0,0.0,0.0
NRIV-00689,"93 Richmond Tce, Lismore NSW",-28.822673,153.318725,0.0,0.0,1,1,0.0,0.0,103.349,30,0.0,0.0,0.0
NRIV-00690,"114 Pacific Hwy, Lismore NSW",-28.822924,153.330105,0.0,0.0,1,1,0.0,0.0,15.8,30,0.0,0.0,0.0
NRIV-00691,"23 Wyrallah Rd, Lismore NSW",-28.820245,153.335909,0.0,0.0,1,1,0.0,0.0,55.071,30,0.0,0.0,0.0
NRIV-00692,"132 Codrington Rd, Lismore NSW",-28.821566,153.346895,0.0,0.0,1,0,0.0,0.0,78.903,30,0.0,0.0,0.0
NRIV-00693,"142 Richmond Tce, Lismore NSW",-28.822877,153.354192,0.0,0.0,0,1,0.0,0.0,89.278,30,0.0,0.0,0.0
NRIV-00694,"99 River Rd, Lismore NSW",-28.820903,153.366138,0.0,0.0,0,1,0.0,0.0,46.48,30,0.0,0.0,0.0
NRIV-00695,"22 Wilson St, Lismore NSW",-28.822123,153.373718,0.0,0.0,0,0,0.0,0.0,62.413,30,0.0,0.0,0.0
NRIV-00696,"63 Bagotville Rd, Lismore NSW",-28.819686,153.384954,0.0,0.0,0,1,0.0,0.0,42.797,30,0.0,0.0,0.0
NRIV-00697,"44 Wyrallah Rd, Lismore NSW",-28.821206,153.393241,0.0,0.0,0,0,0.0,0.0,80.692,30,0.0,0.0,0.0
NRIV-00698,"38 Richmond Tce, Lismore NSW",-28.822215,153.40074,0.0,0.0,0,1,0.0,0.0,57.176,30,0.0,0.0,0.0
NRIV-00699,"77 Molesworth St, Lismore NSW",-28.822621,153.409937,0.0,0.0,0,0,0.0,0.0,104.578,30,0.0,0.0,0.0
NRIV-00700,"64 Wilson St, Lismore NSW",-28.82016,153.419444,0.0,0.0,0,1,0.0,0.0,44.172,30,0.0,0.0,0.0
NRIV-00701,"51 Molesworth St, Lismore NSW",-28.810468,153.200375,0.0,0.0,0,0,0.0,0.0,29.745,30,0.0,0.0,0.0
NRIV-00702,"102 Pacific Hwy, Lismore NSW",-28.81254,153.208385,0.0,0.0,0,0,0.0,0.0,111.825,30,0.0,0.0,0.0
NRIV-00703,"85 Molesworth St, Lismore NSW",-28.809601,153.217853,0.0,0.0,0,1,0.0,0.0,178.106,30,0.0,0.0,0.0
NRIV-00704,"167 Bagotville Rd, Lismore NSW",-28.811629,153.228762,0.0,0.0,0,1,0.0,0.0,31.407,30,0.0,0.0,0.0
NRIV-00705,"178 Bridge St, Lismore NSW",-28.812423,153.235949,0.0,0.0,0,1,0.0,0.0,9.437,30,0.0,0.0,0.0
NRIV-00706,"102 Pacific Hwy, Lismore NSW",-28.811052,153.244544,0.0,0.0,0,0,0.0,0.0,2.121,30,0.0,0.0,0.0
NRIV-00707,"126 Bagotville Rd, Lismore NSW",-28.811802,153.25578,0.0,0.0,0,0,0.0,0.0,4.732,30,0.0,0.0,0.0
NRIV-00708,"72 Codrington Rd, Lismore NSW",-28.80984,153.26347,0.0,0.0,1,0,0.0,0.0,18.103,30,0.0,0.0,0.0
NRIV-00709,"52 Bagotville Rd, Lismore NSW",-28.811508,153.275062,0.0,0.0,1,0,0.0,0.0,31.678,30,0.0,0.0,0.0
NRIV-00710,"197 Casino Rd, Lismore NSW",-28.808979,153.28122,0.0,0.0,1,0,0.0,0.0,12.528,30,0.0,0.0,0.0
NRIV-00711,"182 Bridge St, Lismore NSW",-28.81286,153.292576,0.0,0.0,1,1,0.0,0.0,32.942,30,0.0,0.0,0.0
NRIV-00712,"178 Richmond Tce, Lismore NSW",-28.811214,153.299999,0.0,0.0,0,1,0.0,0.0,155.388,30,0.0,0.0,0.0
NRIV-00713,"105 Tuckombil Rd, Lismore NSW",-28.809692,153.311183,0.0,0.0,1,1,0.0,0.0,169.735,30,0.0,0.0,0.0
NRIV-00714,"62 Mill Rd, Lismore NSW",-28.810971,153.3197,0.0,0.0,0,1,0.0,0.0,140.58,30,0.0,0.0,0.0
NRIV-00715,"203 Codrington Rd, Lismore NSW",-28.810333,153.329194,0.0,0.0,0,1,0.0,0.0,66.953,30,0.0,0.0,0.0
NRIV-00716,"123 Bagotville Rd, Lismore NSW",-28.812672,153.339463,0.0,0.0,1,1,0.0,0.0,91.856,30,0.0,0.0,0.0
NRIV-00717,"178 Codrington Rd, Lismore NSW",-28.811365,153.346693,0.0,0.0,0,1,0.0,0.0,49.34,30,0.0,0.0,0.0
NRIV-00718,"93 Wilson St, Lismore NSW",-28.810793,153.356996,0.0,0.0,0,0,0.0,0.0,81.812,30,0.0,0.0,0.0
NRIV-00719,"164 Richmond Tce, Lismore NSW",-28.809386,153.365148,0.0,0.0,0,0,0.0,0.0,19.863,30,0.0,0.0,0.0
NRIV-00720,"171 Pacific Hwy, Lismore NSW",-28.81253,153.37316,0.0,0.0,0,1,0.0,0.0,46.019,30,0.0,0.0,0.0
NRIV-00721,"145 Tuckombil Rd, Lismore NSW",-28.812302,153.383784,0.0,0.0,0,1,0.0,0.0,41.642,30,0.0,0.0,0.0
NRIV-00722,"193 Pacific Hwy, Lismore NSW",-28.810258,153.392098,0.0,0.0,0,1,0.0,0.0,30.603,30,0.0,0.0,0.0
NRIV-00723,"3 Richmond Tce, Lismore NSW",-28.809105,153.401388,0.0,0.0,0,1,0.0,0.0,135.844,30,0.0,0.0,0.0
NRIV-00724,"133 Casino Rd, Lismore NSW",-28.811933,153.410876,0.0,0.0,0,1,0.0,0.0,88.255,30,0.0,0.0,0.0
NRIV-00725,"115 Pacific Hwy, Lismore NSW",-28.810646,153.420301,0.0,0.0,0,1,0.0,0.0,64.324,30,0.0,0.0,0.0
NRIV-00726,"151 Wilson St, Lismore NSW",-28.801081,153.201089,0.0,0.0,0,0,0.0,0.0,66.295,30,0.0,0.0,0.0
NRIV-00727,"7 Molesworth St, Lismore NSW",-28.800643,153.208547,0.0,0.0,0,1,0.0,0.0,30.288,30,0.0,0.0,0.0
NRIV-00728,"22 Richmond Tce, Lismore NSW",-28.802227,153.217997,0.0,0.0,0,0,0.0,0.0,5.857,30,0.0,0.0,0.0
NRIV-00729,"90 Mill Rd, Lismore NSW",-28.79932,153.228421,0.0,0.0,0,1,0.0,0.0,8.83,30,0.0,0.0,0.0
NRIV-00730,"134 Molesworth St, Lismore NSW",-28.801273,153.237804,0.0,0.0,0,0,0.0,0.0,4.307,30,0.0,0.0,0.0
NRIV-00731,"185 Wilson St, Lismore NSW",-28.801252,153.244224,0.0,0.0,0,1,0.0,0.0,31.444,30,0.0,0.0,0.0
NRIV-00732,"12 Wilson St, Lismore NSW",-28.800835,153.253269,0.0,0.0,0,0,0.0,0.0,27.251,30,0.0,0.0,0.0
NRIV-00733,"166 Richmond Tce, Lismore NSW",-28.802185,153.265563,0.0,0.0,0,0,0.0,0.0,21.575,30,0.0,0.0,0.0
NRIV-00734,"190 Bridge St, Lismore NSW",-28.799937,153.271991,0.0,0.0,0,0,0.0,0.0,25.34,30,0.0,0.0,0.0
NRIV-00735,"85 Casino Rd, Lismore NSW",-28.800581,153.282708,0.0,0.0,0,0,0.0,0.0,16.355,30,0.0,0.0,0.0
NRIV-00736,"205 Codrington Rd, Lismore NSW",-28.80094,153.291515,0.0,0.0,0,1,0.0,0.0,138.199,30,0.0,0.0,0.0
NRIV-00737,"169 Codrington Rd, Lismore NSW",-28.800126,153.299579,0.0,0.0,1,0,0.0,0.0,176.964,30,0.0,0.0,0.0
NRIV-00738,"51 Molesworth St, Lismore NSW",-28.801063,153.31095,0.0,0.0,0,0,0.0,0.0,15.802,30,0.0,0.0,0.0
NRIV-00739,"181 Bridge St, Lismore NSW",-28.800276,153.318722,0.0,0.0,0,0,0.0,0.0,3.9,30,0.0,0.0,0.0
NRIV-00740,"208 Richmond Tce, Lismore NSW",-28.801822,153.329343,0.0,0.0,0,0,0.0,0.0,4.835,30,0.0,0.0,0.0
NRIV-00741,"138 Wyrallah Rd, Lismore NSW",-28.800336,153.338698,0.0,0.0,0,1,0.0,0.0,154.233,30,0.0,0.0,0.0
NRIV-00742,"30 Mill Rd, Lismore NSW",-28.801182,153.345455,0.0,0.0,0,1,0.0,0.0,204.815,30,0.0,0.0,0.0
NRIV-00743,"164 Pacific Hwy, Lismore NSW",-28.799962,153.355791,0.0,0.0,0,1,0.0,0.0,130.982,30,0.0,0.0,0.0
NRIV-00744,"151 Richmond Tce, Lismore NSW",-28.800257,153.365445,0.0,0.0,0,1,0.0,0.0,173.884,30,0.0,0.0,0.0
NRIV-00745,"159 Wyrallah Rd, Lismore NSW",-28.801253,153.375549,0.0,0.0,0,0,0.0,0.0,70.417,30,0.0,0.0,0.0
NRIV-00746,"77 Bagotville Rd, Lismore NSW",-28.79939,153.384157,0.0,0.0,0,1,0.0,0.0,49.109,30,0.0,0.0,0.0
NRIV-00747,"81 Richmond Tce, Lismore NSW",-28.800284,153.393188,0.0,0.0,0,0,0.0,0.0,77.536,30,0.0,0.0,0.0
NRIV-00748,"96 Wilson St, Lismore NSW",-28.801691,153.400134,0.0,0.0,0,0,0.0,0.0,42.578,30,0.0,0.0,0.0
NRIV-00749,"153 Wyrallah Rd, Lismore NSW",-28.80208,153.410387,0.0,0.0,0,1,0.0,0.0,40.001,30,0.0,0.0,0.0
NRIV-00750,"125 Tuckombil Rd, Lismore NSW",-28.800346,153.419692,0.0,0.0,0,1,0.0,0.0,69.487,30,0.0,0.0,0.0
NRIV-00751,"45 Casino Rd, Lismore NSW",-28.790173,153.201677,0.0,0.0,0,0,0.0,0.0,30.009,30,0.0,0.0,0.0
NRIV-00752,"48 Pacific Hwy, Lismore NSW",-28.791655,153.208322,0.0,0.0,0,0,0.0,0.0,31.928,30,0.0,0.0,0.0
NRIV-00753,"92 River Rd, Lismore NSW",-28.788955,153.218811,0.0,0.0,1,0,0.0,0.0,60.937,30,0.0,0.0,0.0
NRIV-00754,"99 Casino Rd, Lismore NSW",-28.790384,153.226281,0.0,0.0,0,0,0.0,0.0,6.005,30,0.0,0.0,0.0
NRIV-00755,"176 Molesworth St, Lismore NSW",-28.790301,153.236647,0.0,0.0,0,0,0.0,0.0,26.269,30,0.0,0.0,0.0
NRIV-00756,"126 Wyrallah Rd, Lismore NSW",-28.79066,153.247193,0.0,0.0,0,0,0.0,0.0,4.634,30,0.0,0.0,0.0
NRIV-00757,"195 Bridge St, Lismore NSW",-28.791992,153.253123,0.0,0.0,0,0,0.0179,0.0,5.633,30,0.0,0.0,0.0
NRIV-00758,"138 Mill Rd, Lismore NSW",-28.791154,153.263266,0.0,0.0,0,0,0.0,0.0,203.365,30,0.0,0.0,0.0
NRIV-00759,"191 Molesworth St, Lismore NSW",-28.79165,153.273163,0.0,0.0,0,0,0.0,0.0,6.625,30,0.0,0.0,0.0
NRIV-00760,"30 Mill Rd, Lismore NSW",-28.790124,153.280953,0.0591,0.0,0,0,0.0,0.265,9.446,30,0.0,0.0,0.0
NRIV-00761,"94 Casino Rd, Lismore NSW",-28.789222,153.29296,0.0,0.0,0,1,0.8898,0.0,5.293,30,0.0,0.0,0.0
NRIV-00762,"185 Molesworth St, Lismore NSW",-28.789032,153.299,0.0,0.0,0,1,1.0,0.0,18.455,30,0.0,0.0,0.0
NRIV-00763,"27 Wilson St, Lismore NSW",-28.790137,153.311959,0.0,0.0,0,1,1.0,0.0,12.666,30,0.0,0.0,0.0
NRIV-00764,"77 River Rd, Lismore NSW",-28.789002,153.320172,0.0,0.0,0,1,0.9108,0.0,5.202,30,0.0,0.0,0.0
NRIV-00765,"210 Richmond Tce, Lismore NSW",-28.790524,153.327728,0.0,0.0,0,0,0.0,0.0,6.053,30,0.0,0.0,0.0
NRIV-00766,"199 Bridge St, Lismore NSW",-28.790566,153.339476,0.0,0.0,0,1,0.0,0.0,201.214,30,0.0,0.0,0.0
NRIV-00767,"177 Pacific Hwy, Lismore NSW",-28.791483,153.347617,0.0,0.0,0,1,0.0,0.0,28.747,30,0.0,0.0,0.0
NRIV-00768,"110 Wyrallah Rd, Lismore NSW",-28.788878,153.356274,0.0,0.0,0,1,0.0,0.0,99.34,30,0.0,0.0,0.0
NRIV-00769,"209 Bridge St, Lismore NSW",-28.789858,153.366139,0.0,0.0,0,0,0.0,0.0,62.802,30,0.0,0.0,0.0
NRIV-00770,"137 Mill Rd, Lismore NSW",-28.789101,153.374447,0.0,0.0,0,0,0.0,0.0,48.677,30,0.0,0.0,0.0
NRIV-00771,"181 Mill Rd, Lismore NSW",-28.789935,153.382007,0.0,0.0,0,1,0.0,0.0,59.072,30,0.0,0.0,0.0
NRIV-00772,"220 Casino Rd, Lismore NSW",-28.791165,153.391569,0.0,0.0,1,0,0.0,0.0,140.67,30,0.0,0.0,0.0
NRIV-00773,"25 Wyrallah Rd, Lismore NSW",-28.788381,153.402384,0.0,0.0,0,1,0.0,0.0,70.305,30,0.0,0.0,0.0
NRIV-00774,"16 Mill Rd, Lismore NSW",-28.788471,153.411976,0.0,0.0,0,1,0.0,0.0,59.345,30,0.0,0.0,0.0
NRIV-00775,"34 Bridge St, Lismore NSW",-28.788854,153.418508,0.0,0.0,0,1,0.0,0.0,45.701,30,0.0,0.0,0.0
NRIV-00776,"64 Tuckombil Rd, Lismore NSW",-28.781415,153.199288,0.0,0.0,0,0,0.0,0.0,25.15,30,0.0,0.0,0.0
NRIV-00777,"162 Mill Rd, Lismore NSW",-28.780429,153.207735,0.0,0.0,0,0,0.0,0.0,60.631,30,0.0,0.0,0.0
NRIV-00778,"20 Tuckombil Rd, Lismore NSW",-28.779489,153.217834,0.0,0.0,0,0,0.0,0.0,87.58,30,0.0,0.0,0.0
NRIV-00779,"104 Casino Rd, Lismore NSW",-28.778822,153.228576,0.0,0.0,0,0,0.0,0.0,16.091,30,0.0,0.0,0.0
NRIV-00780,"95 Molesworth St, Lismore NSW",-28.779001,153.237445,0.0,0.0,0,0,0.0,0.0,122.148,30,0.0,0.0,0.0
NRIV-00781,"1 Wilson St, Lismore NSW",-28.778199,153.245142,0.0,0.0,0,0,0.012,0.0,241.717,30,0.0,0.0,0.0
NRIV-00782,"163 Tuckombil Rd, Lismore NSW",-28.781627,153.256889,0.0,0.0,0,0,0.0,0.0,39.467,30,0.0,0.0,0.0
NRIV-00783,"204 Casino Rd, Lismore NSW",-28.779211,153.265567,0.0,0.0,0,0,0.0,0.0,30.255,30,0.0,0.0,0.0
NRIV-00784,"212 Bridge St, Lismore NSW",-28.780409,153.275206,0.0,0.0,0,1,0.0,0.0,224.305,30,0.0,0.0,0.0
NRIV-00785,"73 Pacific Hwy, Lismore NSW",-28.780021,153.281791,0.0,0.0,0,0,0.0,0.0,177.929,30,0.0,0.0,0.0
NRIV-00786,"219 Molesworth St, Lismore NSW",-28.779811,153.290189,0.0,0.0,0,1,0.0,0.0,83.667,30,0.0,0.0,0.0
NRIV-00787,"196 River Rd, Lismore NSW",-28.778847,153.30241,0.0,0.0,0,1,0.0,0.0,45.927,30,0.0,0.0,0.0
NRIV-00788,"215 Molesworth St, Lismore NSW",-28.781816,153.310505,0.0,0.0,0,1,0.6461,0.0,18.158,30,0.0,0.0,0.0
NRIV-00789,"41 Molesworth St, Lismore NSW",-28.781935,153.320884,0.0,0.0,0,0,0.0,0.0,13.143,30,0.0,0.0,0.0
NRIV-00790,"110 Bridge St, Lismore NSW",-28.780174,153.330301,0.0,0.0,0,1,0.0,0.0,72.789,30,0.0,0.0,0.0
NRIV-00791,"167 Mill Rd, Lismore NSW",-28.778017,153.339138,0.0,0.0,0,0,0.4754,0.0,15.507,30,0.0,0.0,0.0
NRIV-00792,"71 Richmond Tce, Lismore NSW",-28.781364,153.348398,0.0,0.0,0,1,1.0,0.0,7.094,30,0.0,0.0,0.0
NRIV-00793,"96 Tuckombil Rd, Lismore NSW",-28.779382,153.354835,0.0,0.0,0,1,1.0,0.0,15.236,30,0.0,0.0,0.0
NRIV-00794,"102 Tuckombil Rd, Lismore NSW",-28.778385,153.363662,0.0,0.0,0,1,0.8537,0.0,15.697,30,0.0,0.0,0.0
NRIV-00795,"60 Codrington Rd, Lismore NSW",-28.780778,153.374964,0.0,0.0,0,1,0.0,0.0,6.101,30,0.0,0.0,0.0
NRIV-00796,"1 Bridge St, Lismore NSW",-28.779378,153.384148,0.0,0.0,0,0,0.0,0.0,179.786,30,0.0,0.0,0.0
NRIV-00797,"58 Casino Rd, Lismore NSW",-28.780093,153.391031,0.0,0.0,0,1,0.0,0.0,48.184,30,0.0,0.0,0.0
NRIV-00798,"179 Pacific Hwy, Lismore NSW",-28.77928,153.399704,0.0,0.0,0,1,0.0,0.0,130.558,30,0.0,0.0,0.0
NRIV-00799,"109 Wilson St, Lismore NSW",-28.778732,153.412786,0.0,0.0,0,1,0.0,0.0,24.441,30,0.0,0.0,0.0
NRIV-00800,"99 Richmond Tce, Lismore NSW",-28.781471,153.418283,0.0,0.0,0,1,0.0,0.0,84.13,30,0.0,0.0,0.0
